elapsed_s,state,heading,left_cm,front_cm,right_cm,speed,drive_direction,steering,block1_x_cm,block1_z_cm,block1_confidence,block2_x_cm,block2_z_cm,block2_confidence,slot_x_cm,slot_z_cm,slot_heading_deg,slot_bearing_deg,slot_confident
0.312,SEARCH_LAST_PILLAR,,,,,80,0,38.0,-36.04,-12.51,0.648,,,,,,,,False
0.422,SEARCH_LAST_PILLAR,1.0,55,238,241,80,0,38.0,-36.08,-12.54,0.650,,,,,,,,False
0.516,PASS_LAST_PILLAR,-2.0,56,215,245,80,0,38.0,-35.94,-12.65,0.733,,,,,,,,False
0.594,PASS_LAST_PILLAR,1.0,55,235,238,80,0,38.0,-35.94,-12.65,0.733,,,,,,,,False
0.672,PASS_LAST_PILLAR,3.0,57,235,242,80,0,38.0,-35.94,-12.65,0.733,,,,,,,,False
0.766,PASS_LAST_PILLAR,5.0,56,234,236,80,0,38.0,-35.94,-12.65,0.733,,,,,,,,False
0.844,PASS_LAST_PILLAR,8.0,56,234,216,80,0,38.0,-35.94,-12.65,0.733,,,,,,,,False
0.859,PASS_LAST_PILLAR,10.0,57,209,131,80,0,38.0,-35.94,-12.65,0.733,,,,,,,,False
0.922,PASS_LAST_PILLAR,11.0,57,197,131,80,0,38.0,-35.94,-12.65,0.733,,,,,,,,False
0.953,PASS_LAST_PILLAR,13.0,58,234,213,80,0,38.0,-35.94,-12.65,0.733,,,,,,,,False
1.016,PASS_LAST_PILLAR,14.0,56,232,234,80,0,38.0,-35.94,-12.65,0.733,,,,,,,,False
1.109,PASS_LAST_PILLAR,16.0,62,112,219,80,0,38.0,-35.94,-12.65,0.733,,,,,,,,False
1.141,PASS_LAST_PILLAR,18.0,63,100,55,80,0,38.0,-35.94,-12.65,0.733,,,,,,,,False
1.156,PASS_LAST_PILLAR,18.0,64,94,31,80,0,38.0,-35.94,-12.65,0.733,,,,,,,,False
1.219,PASS_LAST_PILLAR,19.0,65,91,28,80,0,38.0,-35.94,-12.65,0.733,,,,,,,,False
1.250,PASS_LAST_PILLAR,21.0,66,78,46,80,0,38.0,-35.94,-12.65,0.733,,,,,,,,False
1.312,SEARCH_FIRST_BOUNDARY,22.0,66,75,52,40,0,-21.0,,,,,,,,,,,False
1.328,SEARCH_FIRST_BOUNDARY,23.0,68,69,130,40,0,-22.0,,,,,,,,,,,False
1.359,SEARCH_FIRST_BOUNDARY,24.0,68,66,149,40,0,-23.0,,,,,,,,,,,False
1.437,SEARCH_FIRST_BOUNDARY,24.0,69,64,158,40,0,-23.0,,,,,,,,,,,False
1.453,SEARCH_FIRST_BOUNDARY,27.0,72,53,128,40,0,-25.0,,,,,,,,,,,False
1.531,SEARCH_FIRST_BOUNDARY,30.0,74,50,114,40,0,-25.0,,,,,,,,,,,False
1.562,SEARCH_FIRST_BOUNDARY,30.0,75,50,129,40,0,-25.0,,,,,,,,,,,False
1.625,SEARCH_FIRST_BOUNDARY,30.0,74,50,127,40,0,-25.0,,,,,,,,,,,False
1.656,SEARCH_FIRST_BOUNDARY,30.0,75,50,136,40,0,-25.0,,,,,,,,,,,False
1.734,SEARCH_FIRST_BOUNDARY,30.0,74,50,138,40,0,-25.0,,,,,,,,,,,False
1.750,SEARCH_FIRST_BOUNDARY,29.0,75,51,143,40,0,-25.0,,,,,,,,,,,False
1.828,SEARCH_FIRST_BOUNDARY,29.0,74,51,144,40,0,-25.0,,,,,,,,,,,False
1.844,SEARCH_FIRST_BOUNDARY,29.0,75,51,147,40,0,-25.0,,,,,,,,,,,False
1.922,SEARCH_FIRST_BOUNDARY,29.0,74,51,148,40,0,-25.0,,,,,,,,,,,False
1.937,SEARCH_FIRST_BOUNDARY,28.0,74,52,154,40,0,-25.0,,,,,,,,,,,False
1.969,SEARCH_FIRST_BOUNDARY,28.0,74,52,155,40,0,-25.0,,,,,,,,,,,False
2.047,SEARCH_FIRST_BOUNDARY,28.0,73,52,156,40,0,-25.0,,,,,,,,,,,False
2.062,SEARCH_FIRST_BOUNDARY,28.0,74,52,158,40,0,-25.0,,,,,,,,,,,False
2.141,SEARCH_FIRST_BOUNDARY,28.0,74,52,158,40,0,-25.0,,,,,,,,,,,False
2.203,SEARCH_FIRST_BOUNDARY,27.0,74,53,34,40,0,-25.0,,,,,,,,,,,False
2.234,SEARCH_FIRST_BOUNDARY,27.0,74,53,152,40,0,-25.0,,,,,,,,,,,False
2.250,SEARCH_FIRST_BOUNDARY,27.0,74,53,165,40,0,-25.0,,,,,,,,,,,False
2.328,SEARCH_FIRST_BOUNDARY,27.0,74,53,168,40,0,-25.0,,,,,,,,,,,False
2.344,SEARCH_FIRST_BOUNDARY,26.0,74,54,175,40,0,-25.0,,,,,,,,,,,False
2.422,SEARCH_FIRST_BOUNDARY,26.0,74,54,177,40,0,-25.0,,,,,,,,,,,False
2.453,SEARCH_FIRST_BOUNDARY,26.0,74,55,182,40,0,-25.0,,,,,,,,,,,False
2.531,SEARCH_FIRST_BOUNDARY,25.0,73,55,183,40,0,-24.0,,,,,,,,,,,False
2.547,SEARCH_FIRST_BOUNDARY,25.0,73,56,187,40,0,-24.0,,,,,,,,,,,False
2.641,SEARCH_FIRST_BOUNDARY,25.0,73,56,188,40,0,-24.0,,,,,,,,,,,False
2.719,SEARCH_FIRST_BOUNDARY,24.0,73,57,196,40,0,-23.0,,,,,,,,,,,False
2.734,SEARCH_FIRST_BOUNDARY,24.0,73,57,202,40,0,-23.0,,,,,,,,,,,False
2.750,SEARCH_FIRST_BOUNDARY,24.0,73,57,202,40,0,-23.0,,,,,,,,,,,False
2.828,SEARCH_FIRST_BOUNDARY,24.0,73,58,206,40,0,-23.0,,,,,,,,,,,False
2.859,SEARCH_FIRST_BOUNDARY,23.0,73,59,213,40,0,-22.0,,,,,,,,,,,False
2.922,SEARCH_FIRST_BOUNDARY,23.0,73,59,213,40,0,-22.0,,,,,,,,,,,False
2.953,SEARCH_FIRST_BOUNDARY,23.0,72,60,224,40,0,-22.0,,,,,,,,,,,False
3.016,SEARCH_FIRST_BOUNDARY,22.0,73,60,226,40,0,-21.0,,,,,,,,,,,False
3.031,SEARCH_FIRST_BOUNDARY,22.0,72,60,228,40,0,-21.0,,,,,,,,,,,False
3.125,SEARCH_FIRST_BOUNDARY,22.0,72,61,184,40,0,-21.0,,,,,,,,,,,False
3.141,SEARCH_FIRST_BOUNDARY,22.0,71,62,134,40,0,-21.0,,,,,,,,,,,False
3.156,SEARCH_FIRST_BOUNDARY,21.0,69,63,133,40,0,-20.0,,,,,,,,,,,False
3.234,SEARCH_FIRST_BOUNDARY,21.0,69,63,130,40,0,-20.0,,,,,,,,,,,False
3.250,SEARCH_FIRST_BOUNDARY,21.0,50,64,128,40,0,-20.0,,,,,,,,,,,False
3.328,SEARCH_FIRST_BOUNDARY,21.0,43,64,127,40,0,-20.0,,,,,,,,,,,False
3.344,SEARCH_FIRST_BOUNDARY,21.0,32,64,127,40,0,-20.0,,,,,,,,,,,False
3.422,SEARCH_FIRST_BOUNDARY,20.0,32,65,127,40,0,-19.0,,,,,,,,,,,False
3.453,SEARCH_FIRST_BOUNDARY,20.0,32,66,140,40,0,-19.0,,,,,,,,,,,False
3.516,SEARCH_FIRST_BOUNDARY,20.0,31,67,161,40,0,-19.0,,,,,,,,,,,False
3.547,SEARCH_FIRST_BOUNDARY,19.0,31,69,215,40,0,-18.0,,,,,,,,,,,False
3.625,SEARCH_FIRST_BOUNDARY,19.0,31,69,231,40,0,-18.0,,,,,,,,,,,False
3.641,SEARCH_FIRST_BOUNDARY,19.0,30,70,233,40,0,-18.0,,,,,,,,,,,False
3.656,SEARCH_FIRST_BOUNDARY,19.0,30,71,233,40,0,-18.0,,,,,,,,,,,False
3.734,SEARCH_FIRST_BOUNDARY,19.0,30,71,232,40,0,-18.0,,,,,,,,,,,False
3.812,SEARCH_FIRST_BOUNDARY,18.0,29,74,232,40,0,-17.0,,,,,,,,,,,False
3.828,SEARCH_FIRST_BOUNDARY,18.0,28,73,231,40,0,-17.0,,,,,,,,,,,False
3.906,SEARCH_FIRST_BOUNDARY,18.0,28,75,231,40,0,-17.0,,,,,,,,,,,False
3.937,SEARCH_FIRST_BOUNDARY,17.0,28,76,229,40,0,-16.0,,,,,,,,,,,False
3.953,SEARCH_FIRST_BOUNDARY,17.0,28,77,229,40,0,-16.0,,,,,,,,,,,False
4.031,SEARCH_FIRST_BOUNDARY,17.0,28,78,228,40,0,-16.0,,,,,,,,,,,False
4.047,SEARCH_FIRST_BOUNDARY,17.0,28,79,220,40,0,-16.0,,,,,,,,,,,False
4.125,SEARCH_FIRST_BOUNDARY,17.0,28,80,219,40,0,-16.0,,,,,,,,,,,False
4.141,SEARCH_FIRST_BOUNDARY,16.0,28,83,224,40,0,-15.0,,,,,,,,,,,False
4.219,SEARCH_FIRST_BOUNDARY,16.0,28,83,226,40,0,-15.0,,,,,,,,,,,False
4.234,SEARCH_FIRST_BOUNDARY,15.0,29,86,227,40,0,-14.0,,,,,,,,,,,False
4.312,SEARCH_FIRST_BOUNDARY,15.0,29,86,227,40,0,-14.0,,,,,,,,,,,False
4.344,SEARCH_FIRST_BOUNDARY,15.0,29,89,227,40,0,-14.0,,,,,,,,,,,False
4.359,SEARCH_FIRST_BOUNDARY,15.0,28,90,227,40,0,-14.0,,,,,,,,,,,False
4.422,SEARCH_FIRST_BOUNDARY,15.0,29,91,227,40,0,-14.0,,,,,,,,,,,False
4.453,SEARCH_FIRST_BOUNDARY,14.0,28,93,226,40,0,-13.0,,,,,,,,,,,False
4.516,SEARCH_FIRST_BOUNDARY,14.0,28,95,226,40,0,-13.0,,,,,,,,,,,False
4.531,SEARCH_FIRST_BOUNDARY,14.0,28,112,226,40,0,-13.0,,,,,,,,,,,False
4.562,SEARCH_FIRST_BOUNDARY,14.0,28,116,226,40,0,-13.0,,,,,,,,,,,False
4.625,SEARCH_FIRST_BOUNDARY,13.0,28,129,225,40,0,-12.0,,,,,,,,,,,False
4.641,SEARCH_FIRST_BOUNDARY,13.0,28,159,225,40,0,-12.0,,,,,,,,,,,False
4.719,SEARCH_FIRST_BOUNDARY,13.0,28,170,224,40,0,-12.0,,,,,,,,,,,False
4.734,SEARCH_FIRST_BOUNDARY,12.0,28,204,215,40,0,-11.0,,,,,,,,,,,False
4.766,SEARCH_FIRST_BOUNDARY,12.0,28,204,70,40,0,-11.0,,,,,,,,,,,False
4.828,SEARCH_FIRST_BOUNDARY,12.0,28,203,39,40,0,-11.0,,,,,,,,,,,False
4.859,SEARCH_FIRST_BOUNDARY,12.0,28,201,31,40,0,-11.0,,,,,,,,,,,False
4.922,SEARCH_FIRST_BOUNDARY,12.0,28,200,31,40,0,-11.0,,,,,,,,,,,False
4.953,SEARCH_FIRST_BOUNDARY,11.0,32,199,31,40,0,-10.0,,,,,,,,,,,False
5.016,SEARCH_FIRST_BOUNDARY,11.0,35,198,31,40,0,-10.0,,,,,,,,,,,False
5.031,SEARCH_FIRST_BOUNDARY,11.0,48,188,31,40,0,-10.0,,,,,,,,,,,False
5.109,SEARCH_FIRST_BOUNDARY,10.0,54,181,31,40,0,-9.0,,,,,,,,,,,False
5.125,SEARCH_FIRST_BOUNDARY,10.0,71,162,31,40,0,-9.0,,,,,,,,,,,False
5.203,SEARCH_FIRST_BOUNDARY,10.0,71,156,31,40,0,-9.0,,,,,,,,,,,False
5.234,SEARCH_FIRST_BOUNDARY,9.0,71,156,33,40,0,-8.0,,,,,,,,,,,False
5.266,SEARCH_FIRST_BOUNDARY,9.0,71,157,34,40,0,-8.0,,,,,,,,,,,False
5.328,SEARCH_FIRST_BOUNDARY,9.0,71,160,112,40,0,-8.0,,,,,,,,,,,False
5.359,SEARCH_FIRST_BOUNDARY,9.0,71,166,215,40,0,-8.0,,,,,,,,,,,False
5.422,SEARCH_FIRST_BOUNDARY,9.0,71,169,237,40,0,-8.0,,,,,,,,,,,False
5.437,SEARCH_FIRST_BOUNDARY,8.0,70,180,254,40,0,-7.0,,,,,,,,,,,False
5.500,SEARCH_FIRST_BOUNDARY,8.0,71,185,245,40,0,-7.0,,,,,,,,,,,False
5.531,SEARCH_FIRST_BOUNDARY,8.0,71,191,223,40,0,-7.0,,,,,,,,,,,False
5.547,SEARCH_FIRST_BOUNDARY,8.0,71,192,221,40,0,-7.0,,,,,,,,,,,False
5.609,SEARCH_FIRST_BOUNDARY,8.0,70,192,220,40,0,-7.0,,,,,,,,,,,False
5.641,SEARCH_FIRST_BOUNDARY,7.0,71,191,227,40,0,-6.0,,,,,,,,,,,False
5.656,SEARCH_FIRST_BOUNDARY,7.0,71,191,219,40,0,-6.0,,,,,,,,,,,False
5.734,SEARCH_FIRST_BOUNDARY,7.0,71,191,224,40,0,-6.0,,,,,,,,,,,False
5.750,SEARCH_FIRST_BOUNDARY,7.0,71,190,144,40,0,-6.0,,,,,,,,,,,False
5.812,SEARCH_FIRST_BOUNDARY,7.0,71,190,26,40,0,-6.0,,,,,,,,,,,False
5.844,SEARCH_FIRST_BOUNDARY,6.0,70,189,17,40,0,-5.0,,,,,,,,,,,False
5.906,SEARCH_FIRST_BOUNDARY,6.0,70,189,17,40,0,-5.0,,,,,,,,,,,False
5.922,SEARCH_FIRST_BOUNDARY,6.0,71,189,17,40,0,-5.0,,,,,,,,,,,False
5.953,SEARCH_FIRST_BOUNDARY,6.0,71,188,17,40,0,-5.0,,,,,,,,,,,False
6.016,SEARCH_FIRST_BOUNDARY,6.0,70,188,17,40,0,-5.0,,,,,,,,,,,False
6.031,SEARCH_FIRST_BOUNDARY,5.0,70,187,17,40,0,-4.0,,,,,,,,,,,False
6.062,SEARCH_FIRST_BOUNDARY,5.0,70,187,17,40,0,-4.0,,,,,,,,,,,False
6.141,SEARCH_FIRST_BOUNDARY,5.0,70,187,17,40,0,-4.0,,,,,,,,,,,False
6.203,SEARCH_FIRST_BOUNDARY,5.0,70,187,18,40,0,-4.0,,,,,,,,,,,False
6.234,SEARCH_FIRST_BOUNDARY,5.0,70,186,17,40,0,-4.0,,,,,,,,,,,False
6.312,SEARCH_FIRST_BOUNDARY,4.0,70,185,18,40,0,-3.0,,,,,,,,,,,False
6.328,SEARCH_FIRST_BOUNDARY,4.0,70,185,18,40,0,-3.0,,,,,,,,,,,False
6.406,SEARCH_FIRST_BOUNDARY,4.0,70,185,18,40,0,-3.0,,,,,,,,,,,False
6.422,SEARCH_FIRST_BOUNDARY,4.0,70,184,17,40,0,-3.0,,,,,,,,,,,False
6.453,SEARCH_FIRST_BOUNDARY,3.0,70,184,17,40,0,-2.0,,,,,,,,,,,False
6.516,SEARCH_FIRST_BOUNDARY,3.0,70,183,18,40,0,-2.0,,,,,,,,,,,False
6.531,SEARCH_FIRST_BOUNDARY,3.0,70,183,17,40,0,-2.0,,,,,,,,,,,False
6.609,SEARCH_FIRST_BOUNDARY,3.0,70,183,18,40,0,-2.0,,,,,,,,,,,False
6.625,SEARCH_FIRST_BOUNDARY,3.0,70,182,18,40,0,-2.0,,,,,,,,,,,False
6.656,SEARCH_FIRST_BOUNDARY,3.0,70,183,17,40,0,-2.0,,,,,,,,,,,False
6.719,SEARCH_FIRST_BOUNDARY,2.0,70,180,17,40,0,-1.0,,,,,,,,,,,False
6.734,SEARCH_FIRST_BOUNDARY,2.0,70,182,17,40,0,-1.0,,,,,,,,,,,False
6.812,SEARCH_FIRST_BOUNDARY,2.0,70,180,17,40,0,-1.0,,,,,,,,,,,False
6.844,SEARCH_FIRST_BOUNDARY,2.0,70,179,18,40,0,-1.0,,,,,,,,,,,False
6.859,SEARCH_FIRST_BOUNDARY,2.0,70,181,18,40,0,-1.0,,,,,,,,,,,False
6.937,SEARCH_FIRST_BOUNDARY,2.0,70,179,18,40,0,-1.0,,,,,,,,,,,False
6.953,SEARCH_FIRST_BOUNDARY,1.0,70,177,18,40,0,0.0,,,,,,,,,,,False
7.031,SEARCH_FIRST_BOUNDARY,1.0,70,178,18,40,0,0.0,,,,,,,,,,,False
7.062,SEARCH_FIRST_BOUNDARY,1.0,70,179,18,40,0,0.0,,,,,,,,,,,False
7.125,SEARCH_FIRST_BOUNDARY,1.0,70,177,18,40,0,0.0,,,,,,,,,,,False
7.141,SEARCH_FIRST_BOUNDARY,1.0,70,177,18,40,0,0.0,,,,,,,,,,,False
7.219,SEARCH_FIRST_BOUNDARY,1.0,70,177,18,40,0,0.0,,,,,,,,,,,False
7.234,SEARCH_FIRST_BOUNDARY,0.0,70,177,18,40,0,1.0,,,,,,,,,,,False
7.266,SEARCH_FIRST_BOUNDARY,0.0,70,176,18,40,0,1.0,,,,,,,,,,,False
7.328,SEARCH_FIRST_BOUNDARY,0.0,70,176,18,40,0,1.0,,,,,,,,,,,False
7.344,SEARCH_FIRST_BOUNDARY,0.0,70,177,18,40,0,1.0,,,,,,,,,,,False
7.406,SEARCH_FIRST_BOUNDARY,0.0,70,176,18,40,0,1.0,,,,,,,,,,,False
7.437,SEARCH_FIRST_BOUNDARY,0.0,70,177,18,40,0,1.0,,,,,,,,,,,False
7.500,SEARCH_FIRST_BOUNDARY,0.0,70,174,18,40,0,1.0,,,,,,,,,,,False
7.531,SEARCH_FIRST_BOUNDARY,0.0,70,174,18,40,0,1.0,,,,,,,,,,,False
7.547,SEARCH_FIRST_BOUNDARY,0.0,70,174,18,40,0,1.0,,,,,,,,,,,False
7.609,SEARCH_FIRST_BOUNDARY,0.0,70,175,18,40,0,1.0,,,,,,,,,,,False
7.641,SEARCH_FIRST_BOUNDARY,-1.0,70,173,18,40,0,2.0,,,,,,,,,,,False
7.656,SEARCH_FIRST_BOUNDARY,-1.0,70,173,18,40,0,2.0,,,,,,,,,,,False
7.734,SEARCH_FIRST_BOUNDARY,-1.0,70,174,18,40,0,2.0,,,,,,,,,,,False
7.750,SEARCH_FIRST_BOUNDARY,-1.0,70,172,18,40,0,2.0,,,,,,,,,,,False
7.812,SEARCH_FIRST_BOUNDARY,-1.0,70,173,18,40,0,2.0,,,,,,,,,,,False
7.828,SEARCH_FIRST_BOUNDARY,-1.0,69,172,18,40,0,2.0,,,,,,,,,,,False
7.906,SEARCH_FIRST_BOUNDARY,-1.0,69,171,18,40,0,2.0,,,,,,,,,,,False
7.922,SEARCH_FIRST_BOUNDARY,-1.0,70,172,18,40,0,2.0,,,,,,,,,,,False
7.953,SEARCH_FIRST_BOUNDARY,-1.0,70,171,18,40,0,2.0,,,,,,,,,,,False
8.016,SEARCH_FIRST_BOUNDARY,-1.0,70,171,18,40,0,2.0,,,,,,,,,,,False
8.047,SEARCH_FIRST_BOUNDARY,-2.0,69,170,18,40,0,3.0,,,,,,,,,,,False
8.109,SEARCH_FIRST_BOUNDARY,-2.0,69,168,18,40,0,3.0,,,,,,,,,,,False
8.125,SEARCH_FIRST_BOUNDARY,-2.0,69,171,19,40,0,3.0,,,,,,,,,,,False
8.156,SEARCH_FIRST_BOUNDARY,-2.0,70,170,19,40,0,3.0,,,,,,,,,,,False
8.219,SEARCH_FIRST_BOUNDARY,-2.0,70,169,18,40,0,3.0,,,,,,,,,,,False
8.234,SEARCH_FIRST_BOUNDARY,-2.0,69,172,19,40,0,3.0,,,,,,,,,,,False
8.312,SEARCH_FIRST_BOUNDARY,-2.0,70,169,19,40,0,3.0,,,,,,,,,,,False
8.328,SEARCH_FIRST_BOUNDARY,-2.0,69,170,18,40,0,3.0,,,,,,,,,,,False
8.344,SEARCH_FIRST_BOUNDARY,-2.0,69,167,18,40,0,3.0,,,,,,,,,,,False
8.406,SEARCH_FIRST_BOUNDARY,-2.0,69,169,19,40,0,3.0,,,,,,,,,,,False
8.437,SEARCH_FIRST_BOUNDARY,-2.0,69,168,19,40,0,3.0,,,,,,,,,,,False
8.469,SEARCH_FIRST_BOUNDARY,-2.0,69,166,19,40,0,3.0,,,,,,,,,,,False
8.547,SEARCH_FIRST_BOUNDARY,-2.0,69,168,19,40,0,3.0,,,,,,,,,,,False
8.609,SEARCH_FIRST_BOUNDARY,-2.0,69,165,19,40,0,3.0,,,,,,,,,,,False
8.625,SEARCH_FIRST_BOUNDARY,-2.0,69,166,19,40,0,3.0,,,,,,,,,,,False
8.656,SEARCH_FIRST_BOUNDARY,-2.0,69,167,19,40,0,3.0,,,,,,,,,,,False
8.719,SEARCH_FIRST_BOUNDARY,-2.0,69,164,19,40,0,3.0,,,,,,,,,,,False
8.734,SEARCH_FIRST_BOUNDARY,-3.0,69,163,19,40,0,4.0,,,,,,,,,,,False
8.812,SEARCH_FIRST_BOUNDARY,-3.0,69,161,19,40,0,4.0,,,,,,,,,,,False
8.828,SEARCH_FIRST_BOUNDARY,-3.0,69,161,19,40,0,4.0,,,,,,,,,,,False
8.844,SEARCH_FIRST_BOUNDARY,-3.0,69,162,19,40,0,4.0,,,,,,,,,,,False
8.922,SEARCH_FIRST_BOUNDARY,-3.0,69,165,19,40,0,4.0,,,,,,,,,,,False
8.937,SEARCH_FIRST_BOUNDARY,-3.0,69,158,19,40,0,4.0,,,,,,,,,,,False
9.016,SEARCH_FIRST_BOUNDARY,-3.0,69,160,19,40,0,4.0,,,,,,,,,,,False
9.031,SEARCH_FIRST_BOUNDARY,-3.0,69,158,19,40,0,4.0,,,,,,,,,,,False
9.047,SEARCH_FIRST_BOUNDARY,-3.0,69,161,19,40,0,4.0,,,,,,,,,,,False
9.109,SEARCH_FIRST_BOUNDARY,-3.0,69,161,19,40,0,4.0,,,,,,,,,,,False
9.141,SEARCH_FIRST_BOUNDARY,-3.0,69,160,19,40,0,4.0,,,,,,,,,,,False
9.219,SEARCH_FIRST_BOUNDARY,-3.0,69,158,19,40,0,4.0,,,,,,,,,,,False
9.250,SEARCH_FIRST_BOUNDARY,-3.0,69,158,19,40,0,4.0,,,,,,,,,,,False
9.312,SEARCH_FIRST_BOUNDARY,-3.0,69,165,19,40,0,4.0,,,,,,,,,,,False
9.344,SEARCH_FIRST_BOUNDARY,-3.0,2,157,19,40,0,4.0,,,,,,,,,,,False
9.406,SEARCH_FIRST_BOUNDARY,-3.0,3,165,19,40,0,4.0,,,,,,,,,,,False
9.437,SEARCH_FIRST_BOUNDARY,-3.0,6,158,19,40,0,4.0,,,,,,,,,,,False
9.453,SEARCH_FIRST_BOUNDARY,-3.0,6,156,19,40,0,4.0,,,,,,,,,,,False
9.516,SEARCH_FIRST_BOUNDARY,-3.0,6,155,19,40,0,4.0,,,,,,,,,,,False
9.547,SEARCH_FIRST_BOUNDARY,-3.0,5,154,19,40,0,4.0,,,,,,,,,,,False
9.609,SEARCH_FIRST_BOUNDARY,-3.0,3,159,19,40,0,4.0,,,,,,,,,,,False
9.625,SEARCH_FIRST_BOUNDARY,-4.0,3,160,20,40,0,5.0,,,,,,,,,,,False
9.687,SEARCH_FIRST_BOUNDARY,-4.0,3,164,20,40,0,5.0,,,,,,,,,,,False
9.719,SEARCH_FIRST_BOUNDARY,-6.0,3,161,20,40,0,7.0,,,,,,,,,,,False
9.734,SEARCH_FIRST_BOUNDARY,-7.0,3,157,20,40,0,8.0,,,,,,,,,,,False
9.812,SEARCH_FIRST_BOUNDARY,-8.0,3,147,20,40,0,9.0,-75.57,33.01,0.830,,,,,,,,False
9.828,SEARCH_FIRST_BOUNDARY,-11.0,3,84,21,40,0,12.0,-75.57,33.01,0.830,,,,,,,,False
9.844,SEARCH_FIRST_BOUNDARY,-12.0,4,83,21,40,0,13.0,-75.57,33.01,0.830,,,,,,,,False
9.953,SEARCH_FIRST_BOUNDARY,-13.0,3,84,21,40,0,14.0,-69.60,38.25,0.813,,,,,,,,False
10.062,TRACK_OPENING,-17.0,3,155,22,40,0,14.0,-61.46,41.86,0.797,,,,,,,,False
10.156,TRACK_OPENING,-19.0,4,171,24,40,0,20.0,-53.38,43.45,0.781,,,,,,,,False
10.250,TRACK_OPENING,-24.0,4,159,25,40,0,25.0,-45.46,45.38,0.765,,,,,,,,False
10.359,TRACK_OPENING,-27.0,4,140,26,40,0,25.0,-37.81,45.85,0.750,,,,,,,,False
10.453,TRACK_OPENING,-31.0,5,122,28,40,0,25.0,-30.62,48.45,0.735,,,,,,,,False
10.562,TRACK_OPENING,-37.0,5,77,32,40,0,25.0,-21.52,47.33,0.720,,,,,,,,False
10.656,TRACK_OPENING,-40.0,4,79,34,40,0,25.0,-10.82,48.74,0.706,,,,,,,,False
10.750,TRACK_OPENING,-40.0,4,78,34,40,0,25.0,-5.24,49.15,0.692,,,,,,,,False
10.844,TRACK_OPENING,-39.0,4,78,34,40,0,25.0,-3.21,47.93,0.678,,,,,,,,False
10.937,TRACK_OPENING,-39.0,4,77,34,40,0,25.0,-3.65,47.29,0.664,,,,,,,,False
11.031,TRACK_OPENING,-38.0,3,76,34,40,0,25.0,-5.14,46.82,0.651,,,,,,,,False
11.141,TRACK_OPENING,-37.0,5,73,34,40,0,25.0,-7.85,45.79,0.638,,,,,,,,False
11.234,TRACK_OPENING,-35.0,7,72,33,40,0,25.0,-11.43,45.36,0.625,,,,,,,,False
11.328,TRACK_OPENING,-34.0,8,89,33,40,0,25.0,-15.10,44.11,0.613,,,,,,,,False
11.344,TRACK_OPENING,-33.0,6,111,32,40,0,25.0,-15.10,44.11,0.613,,,,,,,,False
11.437,TRACK_OPENING,-33.0,5,113,33,40,0,25.0,-18.56,42.96,0.601,,,,,,,,False
11.547,TRACK_OPENING,-32.0,1,117,32,40,0,25.0,-21.72,41.63,0.600,,,,,,,,False
11.641,TRACK_OPENING,-30.0,73,121,32,40,0,25.0,-24.58,40.21,0.600,,,,,,,,False
11.750,TRACK_OPENING,-29.0,71,126,32,40,0,25.0,-27.22,38.46,0.600,,,,,,,,False
11.844,TRACK_OPENING,-28.0,70,130,32,40,0,25.0,-29.96,37.40,0.600,,,,,,,,False
11.906,TRACK_OPENING,-26.0,69,135,31,40,0,25.0,-32.54,39.23,0.783,,,,,,,,False
11.937,TRACK_OPENING,-25.0,68,140,32,40,0,25.0,-32.54,39.23,0.783,,,,,,,,False
12.000,TRACK_OPENING,-25.0,68,143,31,40,0,25.0,-34.94,39.30,0.781,,,,,,,,False
12.016,TRACK_OPENING,-24.0,67,146,31,40,0,25.0,-34.94,39.30,0.781,,,,,,,,False
12.047,TRACK_OPENING,-24.0,67,147,31,40,0,25.0,-34.94,39.30,0.781,,,,,,,,False
12.109,TRACK_OPENING,-24.0,67,150,31,40,0,25.0,-37.50,38.73,0.786,,,,,,,,False
12.125,TRACK_OPENING,-23.0,66,154,31,40,0,24.0,-37.50,38.73,0.786,,,,,,,,False
12.141,TRACK_OPENING,-23.0,66,156,31,40,0,24.0,-37.50,38.73,0.786,,,,,,,,False
12.219,TRACK_OPENING,-22.0,66,159,31,40,0,23.0,-39.95,37.48,0.788,,,,,,,,False
12.234,TRACK_OPENING,-21.0,65,162,31,40,0,22.0,-39.95,37.48,0.788,,,,,,,,False
12.312,TRACK_OPENING,-21.0,65,162,31,40,0,22.0,-42.77,36.00,0.787,,,,,,,,False
12.328,TRACK_OPENING,-20.0,64,161,30,40,0,21.0,-42.77,36.00,0.787,,,,,,,,False
12.344,TRACK_OPENING,-20.0,64,160,30,40,0,21.0,-42.77,36.00,0.787,,,,,,,,False
12.422,TRACK_OPENING,-19.0,63,159,31,40,0,20.0,-45.45,34.03,0.794,,,,,,,,False
12.437,TRACK_OPENING,-18.0,64,158,30,40,0,19.0,-45.45,34.03,0.794,,,,,,,,False
12.500,TRACK_OPENING,-18.0,63,155,30,40,0,19.0,-48.23,31.61,0.792,,,,,,,,False
12.531,TRACK_OPENING,-18.0,63,153,30,40,0,19.0,-48.23,31.61,0.792,,,,,,,,False
12.547,TRACK_OPENING,-17.0,62,146,30,40,0,18.0,-48.23,31.61,0.792,,,,,,,,False
12.609,TRACK_OPENING,-17.0,62,145,30,40,0,18.0,-50.71,28.85,0.804,,,,,,,,False
12.641,TRACK_OPENING,-16.0,62,145,30,40,0,17.0,-50.71,28.85,0.804,,,,,,,,False
12.703,TRACK_OPENING,-16.0,62,135,30,40,0,17.0,-53.34,26.50,0.803,,,,,,,,False
12.719,TRACK_OPENING,-15.0,62,131,30,40,0,16.0,-53.34,26.50,0.803,,,,,,,,False
12.750,TRACK_OPENING,-15.0,62,137,30,40,0,16.0,-53.34,26.50,0.803,,,,,,,,False
12.812,TRACK_OPENING,-15.0,61,139,30,40,0,16.0,-55.69,24.05,0.806,,,,,,,,False
12.844,TRACK_OPENING,-14.0,2,137,30,40,0,15.0,-55.69,24.05,0.806,,,,,,,,False
12.906,TRACK_OPENING,-14.0,6,132,30,40,0,15.0,-57.83,21.53,0.805,,,,,,,,False
12.922,TRACK_OPENING,-13.0,3,127,29,40,0,14.0,-57.83,21.53,0.805,,,,,,,,False
12.953,TRACK_OPENING,-13.0,6,97,29,40,0,14.0,-57.83,21.53,0.805,,,,,,,,False
13.016,TRACK_OPENING,-12.0,4,68,29,40,0,13.0,-59.83,19.50,0.810,,,,,,,,False
13.047,TRACK_OPENING,-12.0,5,66,29,40,0,13.0,-59.83,19.50,0.810,,,,,,,,False
13.125,TRACK_OPENING,-12.0,5,66,29,40,0,13.0,-62.12,17.38,0.809,,,,,,,,False
13.141,TRACK_OPENING,-12.0,4,68,29,40,0,13.0,-62.12,17.38,0.809,,,,,,,,False
13.203,TRACK_OPENING,-12.0,3,114,29,40,0,13.0,-62.98,16.05,0.799,,,,,,,,False
13.234,TRACK_OPENING,-15.0,3,136,30,40,0,16.0,-62.98,16.05,0.799,,,,,,,,False
13.250,TRACK_OPENING,-17.0,3,142,31,40,0,18.0,-62.98,16.05,0.799,,,,,,,,False
13.312,TRACK_OPENING,-18.0,3,154,31,40,0,19.0,-59.70,17.23,0.785,,,,,,,,False
13.344,TRACK_OPENING,-25.0,5,133,34,40,0,25.0,-59.70,17.23,0.785,,,,,,,,False
13.437,TRACK_OPENING,-27.0,4,124,35,40,0,25.0,-50.16,18.80,0.769,,,,,,,,False
13.453,TRACK_OPENING,-35.0,5,79,40,40,0,25.0,-50.16,18.80,0.769,,,,,,,,False
13.547,TRACK_OPENING,-37.0,5,61,42,40,0,25.0,-35.67,22.63,0.754,,,,,,,,False
13.641,TRACK_OPENING,-50.0,4,70,55,40,0,25.0,-15.17,25.57,0.739,,,,,,,,False
13.734,TRACK_OPENING,-59.0,4,61,173,40,0,25.0,6.90,25.69,0.724,,,,,,,,False
13.828,TRACK_OPENING,-63.0,5,60,171,40,0,25.0,25.84,24.92,0.710,,,,,,,,False
13.859,TRACK_OPENING,-62.0,6,59,171,40,0,25.0,25.84,24.92,0.710,,,,,,,,False
13.922,TRACK_OPENING,-61.0,6,60,172,40,0,25.0,35.16,25.21,0.739,,,,,,,,False
13.937,TRACK_OPENING,-60.0,6,60,173,40,0,25.0,35.16,25.21,0.739,,,,,,,,False
14.000,TRACK_OPENING,-60.0,6,60,174,40,0,25.0,37.40,25.91,0.734,,,,,,,,False
14.031,TRACK_OPENING,-59.0,6,60,174,40,0,25.0,37.40,25.91,0.734,,,,,,,,False
14.047,TRACK_OPENING,-59.0,7,61,175,40,0,25.0,37.40,25.91,0.734,,,,,,,,False
14.109,TRACK_OPENING,-58.0,6,61,175,40,0,25.0,35.53,26.22,0.729,,,,,,,,False
14.141,TRACK_OPENING,-57.0,7,60,176,40,0,25.0,35.53,26.22,0.729,,,,,,,,False
14.203,TRACK_OPENING,-57.0,7,61,176,40,0,25.0,31.61,26.21,0.737,,,,,,,,False
14.219,TRACK_OPENING,-57.0,8,61,176,40,0,25.0,31.61,26.21,0.737,,,,,,,,False
14.250,TRACK_OPENING,-56.0,6,61,176,40,0,25.0,31.61,26.21,0.737,,,,,,,,False
14.312,TRACK_OPENING,-56.0,20,61,176,40,0,25.0,27.27,26.13,0.735,,,,,,,,False
14.328,TRACK_OPENING,-55.0,99,61,133,40,0,25.0,27.27,26.13,0.735,,,,,,,,False
14.406,TRACK_OPENING,-55.0,102,61,126,40,0,25.0,23.02,25.74,0.739,,,,,,,,False
14.422,TRACK_OPENING,-54.0,101,62,86,40,0,25.0,23.02,25.74,0.739,,,,,,,,False
14.453,TRACK_OPENING,-54.0,94,62,75,40,0,25.0,23.02,25.74,0.739,,,,,,,,False
14.516,TRACK_OPENING,-53.0,94,62,66,40,0,25.0,19.07,25.22,0.729,,,,,,,,False
14.531,TRACK_OPENING,-52.0,98,62,64,40,0,25.0,19.07,25.22,0.729,,,,,,,,False
14.609,TRACK_OPENING,-52.0,77,63,64,40,0,25.0,15.53,24.35,0.732,,,,,,,,False
14.625,TRACK_OPENING,-51.0,94,63,63,40,0,25.0,15.53,24.35,0.732,,,,,,,,False
14.641,TRACK_OPENING,-51.0,87,63,63,40,0,25.0,15.53,24.35,0.732,,,,,,,,False
14.703,TRACK_OPENING,-51.0,77,63,63,40,0,25.0,12.51,23.93,0.724,,,,,,,,False
14.734,TRACK_OPENING,-50.0,71,64,62,40,0,25.0,12.51,23.93,0.724,,,,,,,,False
14.750,TRACK_OPENING,-50.0,78,64,62,40,0,25.0,12.51,23.93,0.724,,,,,,,,False
14.812,TRACK_OPENING,-49.0,76,64,61,40,0,25.0,9.81,23.70,0.729,,,,,,,,False
14.828,TRACK_OPENING,-48.0,81,65,60,40,0,25.0,9.81,23.70,0.729,,,,,,,,False
14.906,TRACK_OPENING,-48.0,80,65,60,40,0,25.0,7.32,23.26,0.733,,,,,,,,False
14.922,TRACK_OPENING,-47.0,79,67,59,40,0,25.0,7.32,23.26,0.733,,,,,,,,False
14.937,TRACK_OPENING,-47.0,79,67,59,40,0,25.0,7.32,23.26,0.733,,,,,,,,False
15.000,TRACK_OPENING,-47.0,77,67,59,40,0,25.0,4.96,22.64,0.731,,,,,,,,False
15.031,TRACK_OPENING,-46.0,76,66,59,40,0,25.0,4.96,22.64,0.731,,,,,,,,False
15.047,TRACK_OPENING,-46.0,76,65,59,40,0,25.0,4.96,22.64,0.731,,,,,,,,False
15.109,TRACK_OPENING,-46.0,75,65,58,40,0,25.0,2.99,21.90,0.731,,,,,,,,False
15.125,TRACK_OPENING,-45.0,75,64,58,40,0,25.0,2.99,21.90,0.731,,,,,,,,False
15.203,TRACK_OPENING,-45.0,74,63,58,40,0,25.0,1.10,21.17,0.737,,,,,,,,False
15.219,TRACK_OPENING,-44.0,72,61,57,40,0,25.0,1.10,21.17,0.737,,,,,,,,False
15.234,TRACK_OPENING,-43.0,71,60,57,40,0,25.0,1.10,21.17,0.737,,,,,,,,False
15.312,TRACK_OPENING,-43.0,70,59,57,40,0,25.0,-0.78,20.23,0.742,,,,,,,,False
15.328,TRACK_OPENING,-42.0,69,58,56,40,0,25.0,-0.78,20.23,0.742,,,,,,,,False
15.391,TRACK_OPENING,-42.0,69,58,56,40,0,25.0,-2.68,20.05,0.739,,,,,,,,False
15.406,TRACK_OPENING,-41.0,68,56,55,40,0,25.0,-2.68,20.05,0.739,,,,,,,,False
15.437,TRACK_OPENING,-41.0,67,55,55,40,0,25.0,-2.68,20.05,0.739,,,,,,,,False
15.500,TRACK_OPENING,-41.0,67,55,55,40,0,25.0,-4.56,19.25,0.740,,,,,,,,False
15.531,TRACK_OPENING,-40.0,66,54,54,40,0,25.0,-4.56,19.25,0.740,,,,,,,,False
15.547,TRACK_OPENING,-40.0,65,53,54,40,0,25.0,-4.56,19.25,0.740,,,,,,,,False
15.609,TRACK_OPENING,-39.0,65,53,54,40,0,25.0,-6.55,18.28,0.745,,,,,,,,False
15.625,TRACK_OPENING,-39.0,64,52,54,40,0,25.0,-6.55,18.28,0.745,,,,,,,,False
15.687,TRACK_OPENING,-38.0,63,51,54,40,0,25.0,-8.43,17.62,0.737,,,,,,,,False
15.719,TRACK_OPENING,-38.0,62,50,53,40,0,25.0,-8.43,17.62,0.737,,,,,,,,False
15.734,TRACK_OPENING,-37.0,62,50,53,40,0,25.0,-8.43,17.62,0.737,,,,,,,,False
15.797,TRACK_OPENING,-37.0,62,49,53,40,0,25.0,-10.38,16.79,0.750,,,,,,,,False
15.828,TRACK_OPENING,-37.0,61,49,52,40,0,25.0,-10.38,16.79,0.750,,,,,,,,False
15.844,TRACK_OPENING,-36.0,61,48,53,40,0,25.0,-10.38,16.79,0.750,,,,,,,,False
15.922,TRACK_OPENING,-36.0,60,47,52,40,0,25.0,-12.23,15.83,0.743,,,,,,,,False
15.937,TRACK_OPENING,-35.0,59,47,52,40,0,25.0,-12.23,15.83,0.743,,,,,,,,False
16.000,TRACK_OPENING,-35.0,59,46,52,40,0,25.0,-13.86,14.83,0.746,,,,,,,,False
16.016,TRACK_OPENING,-35.0,59,46,52,40,0,25.0,-13.86,14.83,0.746,,,,,,,,False
16.047,TRACK_OPENING,-34.0,58,47,52,40,0,25.0,-13.86,14.83,0.746,,,,,,,,False
16.109,TRACK_OPENING,-34.0,58,47,52,40,0,25.0,-15.48,13.57,0.746,,,,,,,,False
16.125,TRACK_OPENING,-33.0,57,49,51,40,0,25.0,-15.48,13.57,0.746,,,,,,,,False
16.187,TRACK_OPENING,-33.0,56,61,51,40,0,25.0,-17.04,12.67,0.746,,,,,,,,False
16.219,TRACK_OPENING,-32.0,56,85,51,40,0,25.0,-17.04,12.67,0.746,,,,,,,,False
16.234,TRACK_OPENING,-32.0,56,85,51,40,0,25.0,-17.04,12.67,0.746,,,,,,,,False
16.312,TRACK_OPENING,-32.0,55,87,51,40,0,25.0,-18.96,11.59,0.758,,,,,,,,False
16.328,TRACK_OPENING,-31.0,55,88,50,40,0,25.0,-18.96,11.59,0.758,,,,,,,,False
16.344,TRACK_OPENING,-31.0,55,87,50,40,0,25.0,-18.96,11.59,0.758,,,,,,,,False
16.406,TRACK_OPENING,-31.0,54,88,50,40,0,25.0,-20.74,10.18,0.750,,,,,,,,False
16.437,TRACK_OPENING,-30.0,54,91,50,40,0,25.0,-20.74,10.18,0.750,,,,,,,,False
16.500,TRACK_OPENING,-30.0,54,90,50,40,0,25.0,-22.36,8.88,0.754,,,,,,,,False
16.516,TRACK_OPENING,-29.0,53,93,49,40,0,25.0,-22.36,8.88,0.754,,,,,,,,False
16.547,TRACK_OPENING,-29.0,53,94,50,40,0,25.0,-22.36,8.88,0.754,,,,,,,,False
16.609,TRACK_OPENING,-29.0,53,95,49,40,0,25.0,-23.94,7.65,0.754,,,,,,,,False
16.625,TRACK_OPENING,-28.0,53,96,49,40,0,25.0,-23.94,7.65,0.754,,,,,,,,False
16.641,TRACK_OPENING,-28.0,52,96,49,40,0,25.0,-23.94,7.65,0.754,,,,,,,,False
16.703,TRACK_OPENING,-28.0,52,97,49,40,0,25.0,-25.46,6.48,0.762,,,,,,,,False
16.734,TRACK_OPENING,-27.0,52,99,49,40,0,25.0,-25.46,6.48,0.762,,,,,,,,False
16.750,TRACK_OPENING,-27.0,51,100,49,40,0,25.0,-25.46,6.48,0.762,,,,,,,,False
16.812,TRACK_OPENING,-27.0,51,101,49,40,0,25.0,-27.11,5.14,0.756,,,,,,,,False
16.828,TRACK_OPENING,-26.0,51,103,48,40,0,25.0,-27.11,5.14,0.756,,,,,,,,False
16.891,TRACK_OPENING,-26.0,50,103,48,40,0,25.0,-28.75,3.76,0.761,,,,,,,,False
16.922,TRACK_OPENING,-25.0,50,107,48,40,0,25.0,-28.75,3.76,0.761,,,,,,,,False
16.937,TRACK_OPENING,-25.0,50,108,48,40,0,25.0,-28.75,3.76,0.761,,,,,,,,False
17.000,TRACK_OPENING,-24.0,50,109,48,40,0,25.0,-30.41,2.25,0.760,,,,,,,,False
17.031,TRACK_OPENING,-24.0,50,111,48,40,0,25.0,-30.41,2.25,0.760,,,,,,,,False
17.047,TRACK_OPENING,-24.0,49,111,47,40,0,25.0,-30.41,2.25,0.760,,,,,,,,False
17.109,TRACK_OPENING,-23.0,49,114,48,40,0,24.0,-32.11,0.83,0.760,,,,,,,,False
17.125,TRACK_OPENING,-23.0,49,116,47,40,0,24.0,-32.11,0.83,0.760,,,,,,,,False
17.141,TRACK_OPENING,-22.0,49,117,47,40,0,23.0,-32.11,0.83,0.760,,,,,,,,False
17.203,TRACK_OPENING,-22.0,48,118,47,40,0,23.0,-33.76,-0.80,0.756,,,,,,,,False
17.234,TRACK_OPENING,-22.0,48,121,47,40,0,23.0,-33.76,-0.80,0.756,,,,,,,,False
17.297,TRACK_OPENING,-21.0,48,123,47,40,0,22.0,-35.37,-2.68,0.758,,,,,,,,False
17.312,TRACK_OPENING,-20.0,48,131,47,40,0,21.0,-35.37,-2.68,0.758,,,,,,,,False
17.344,TRACK_OPENING,-20.0,47,134,47,40,0,21.0,-35.37,-2.68,0.758,,,,,,,,False
17.406,TRACK_OPENING,-19.0,47,135,46,40,0,20.0,-37.27,-4.91,0.762,,,,,,,,False
17.422,TRACK_OPENING,-19.0,45,136,46,40,0,20.0,-37.27,-4.91,0.762,,,,,,,,False
17.453,TRACK_OPENING,-18.0,30,136,46,40,0,19.0,-37.27,-4.91,0.762,,,,,,,,False
17.516,TRACK_OPENING,-18.0,25,136,46,40,0,19.0,-39.35,-7.31,0.774,,,,,,,,False
17.531,TRACK_OPENING,-17.0,25,135,46,40,0,18.0,-39.35,-7.31,0.774,,,,,,,,False
17.594,TRACK_OPENING,-17.0,25,134,46,40,0,18.0,-41.27,-9.94,0.772,,,,,,,,False
17.625,TRACK_OPENING,-16.0,25,133,46,40,0,17.0,-41.27,-9.94,0.772,,,,,,,,False
17.641,TRACK_OPENING,-16.0,26,133,46,40,0,17.0,-41.27,-9.94,0.772,,,,,,,,False
17.719,TRACK_OPENING,-16.0,27,132,46,40,0,17.0,-43.15,-12.39,0.775,,,,,,,,False
17.734,TRACK_OPENING,-15.0,30,130,45,40,0,16.0,-43.15,-12.39,0.775,,,,,,,,False
17.797,TRACK_OPENING,-15.0,31,126,45,40,0,16.0,-45.11,-14.60,0.783,,,,,,,,False
17.812,TRACK_OPENING,-14.0,35,124,45,40,0,15.0,-45.11,-14.60,0.783,,,,,,,,False
17.844,TRACK_OPENING,-13.0,36,120,45,40,0,14.0,-45.11,-14.60,0.783,,,,,,,,False
17.906,TRACK_OPENING,-13.0,38,128,45,40,0,14.0,-47.21,-16.56,0.788,,,,,,,,False
17.937,TRACK_OPENING,-13.0,43,123,45,40,0,14.0,-47.21,-16.56,0.788,,,,,,,,False
18.000,TRACK_OPENING,-12.0,43,122,45,40,0,13.0,-48.82,-18.77,0.778,,,,,,,,False
18.016,TRACK_OPENING,-12.0,46,116,45,40,0,13.0,-48.82,-18.77,0.778,,,,,,,,False
18.047,TRACK_OPENING,-11.0,45,116,45,40,0,12.0,-48.82,-18.77,0.778,,,,,,,,False
18.125,TRACK_OPENING,-11.0,46,116,45,40,0,12.0,-50.39,-20.88,0.787,,,,,,,,False
18.141,TRACK_OPENING,-10.0,45,120,45,40,0,11.0,-50.39,-20.88,0.787,,,,,,,,False
18.203,TRACK_OPENING,-10.0,45,116,45,40,0,11.0,-51.68,-23.06,0.783,,,,,,,,False
18.234,TRACK_OPENING,-10.0,45,114,45,40,0,11.0,-51.68,-23.06,0.783,,,,,,,,False
18.250,TRACK_OPENING,-9.0,45,125,45,40,0,10.0,-51.68,-23.06,0.783,,,,,,,,False
18.312,TRACK_OPENING,-9.0,45,115,45,40,0,10.0,-53.00,-25.22,0.788,,,,,,,,False
18.328,TRACK_OPENING,-9.0,44,122,45,40,0,10.0,-53.00,-25.22,0.788,,,,,,,,False
18.391,TRACK_OPENING,-9.0,45,112,45,40,0,10.0,-54.27,-27.08,0.788,,,,,,,,False
18.422,TRACK_OPENING,-8.0,44,114,44,40,0,9.0,-54.27,-27.08,0.788,,,,,,,,False
18.437,TRACK_OPENING,-8.0,45,115,45,40,0,9.0,-54.27,-27.08,0.788,,,,,,,,False
18.516,TRACK_OPENING,-8.0,44,116,45,40,0,9.0,-55.19,-28.77,0.792,,,,,,,,False
18.531,TRACK_OPENING,-8.0,45,116,44,40,0,9.0,-55.19,-28.77,0.792,,,,,,,,False
18.594,TRACK_OPENING,-7.0,45,116,44,40,0,8.0,-55.51,-30.49,0.799,,,,,,,,False
18.625,TRACK_OPENING,-7.0,44,114,44,40,0,8.0,-55.51,-30.49,0.799,,,,,,,,False
18.687,TRACK_OPENING,-7.0,44,120,44,40,0,8.0,-55.45,-32.26,0.770,,,,,,,,False
18.703,TRACK_OPENING,-6.0,44,120,44,40,0,7.0,-55.45,-32.26,0.770,,,,,,,,False
18.734,TRACK_OPENING,-6.0,44,117,44,40,0,7.0,-55.45,-32.26,0.770,,,,,,,,False
18.750,TRACK_OPENING,-6.0,44,118,44,40,0,7.0,-55.45,-32.26,0.770,,,,,,,,False
18.812,TRACK_OPENING,-6.0,44,111,44,40,0,7.0,-54.93,-34.40,0.743,,,,,,,,False
18.844,TRACK_OPENING,-5.0,44,117,44,40,0,6.0,-54.93,-34.40,0.743,,,,,,,,False
18.906,TRACK_OPENING,-5.0,44,115,44,40,0,6.0,-54.63,-36.64,0.727,,,,,,,,False
18.937,TRACK_OPENING,-5.0,44,115,44,40,0,6.0,-54.63,-36.64,0.727,,,,,,,,False
19.031,TRACK_OPENING,-5.0,44,114,44,40,0,6.0,-53.84,-39.67,0.713,,,,,,,,False
19.094,TRACK_OPENING,-4.0,44,110,44,40,0,5.0,-52.82,-42.19,0.772,,,,,,,,False
19.125,TRACK_OPENING,-3.0,44,115,44,40,0,4.0,-52.82,-42.19,0.772,,,,,,,,False
19.141,TRACK_OPENING,-3.0,44,113,44,40,0,4.0,-52.82,-42.19,0.772,,,,,,,,False
19.203,TRACK_OPENING,-3.0,44,110,44,40,0,4.0,-52.11,-44.33,0.784,,,,,,,,False
19.234,TRACK_OPENING,-3.0,43,116,44,40,0,4.0,-52.11,-44.33,0.784,,,,,,,,False
19.297,TRACK_OPENING,-2.0,44,106,44,40,0,3.0,-51.57,-46.56,0.804,,,,,,,,False
19.312,TRACK_OPENING,-2.0,44,90,44,40,0,3.0,-51.57,-46.56,0.804,,,,,,,,False
19.328,TRACK_OPENING,-2.0,44,68,44,40,0,3.0,-51.57,-46.56,0.804,,,,,,,,False
19.406,TRACK_OPENING,-2.0,43,71,44,40,0,3.0,-51.15,-48.58,0.783,,,,,,,,False
19.422,TRACK_OPENING,-2.0,43,40,44,40,0,3.0,-51.15,-48.58,0.783,,,,,,,,False
19.484,TRACK_OPENING,-1.0,44,38,44,40,0,2.0,-50.86,-50.44,0.725,,,,,,,,False
19.516,TRACK_OPENING,-1.0,44,36,44,40,0,2.0,-50.86,-50.44,0.725,,,,,,,,False
19.531,TRACK_OPENING,-1.0,44,35,44,40,0,2.0,-50.86,-50.44,0.725,,,,,,,,False
19.625,TRACK_OPENING,-1.0,44,34,44,40,0,2.0,-51.18,-52.08,0.710,,,,,,,,False
19.719,TRACK_OPENING,0.0,44,33,44,40,0,1.0,-51.77,-53.75,0.696,,,,,,,,False
19.812,TRACK_OPENING,0.0,44,32,44,40,0,1.0,-51.46,-56.46,0.682,,,,,,,,False
19.906,TRACK_OPENING,1.0,44,32,44,40,0,0.0,-51.46,-56.46,0.682,,,,,,,,False
19.937,TRACK_OPENING,1.0,44,31,44,40,0,0.0,-51.46,-56.46,0.682,,,,,,,,False
20.031,TRACK_OPENING,1.0,44,31,44,40,0,0.0,-51.29,-57.85,0.668,,,,,,,,False
20.125,TRACK_OPENING,1.0,44,30,44,40,0,0.0,-51.22,-58.59,0.655,,,,,,,,False
20.203,TRACK_OPENING,2.0,31,30,44,40,0,-1.0,-50.73,-59.40,0.642,,,,,,,,False
20.234,TRACK_OPENING,2.0,4,29,44,40,0,-1.0,-50.73,-59.40,0.642,,,,,,,,False
20.328,TRACK_OPENING,2.0,4,29,44,40,0,-1.0,-50.29,-60.00,0.629,,,,,,,,False
20.344,TRACK_OPENING,3.0,3,28,44,40,0,-2.0,-50.29,-60.00,0.629,,,,,,,,False
20.453,TRACK_OPENING,3.0,3,28,44,40,0,-2.0,-49.97,-60.29,0.617,,,,,,,,False
20.531,TRACK_OPENING,3.0,2,28,44,40,0,-2.0,-49.88,-60.31,0.604,,,,,,,,False
20.625,TRACK_OPENING,2.0,3,28,44,40,0,-1.0,-50.18,-59.46,0.600,,,,,,,,False
20.734,TRACK_OPENING,-4.0,3,103,44,40,0,5.0,-50.67,-55.47,0.600,,,,,,,,False
20.750,TRACK_OPENING,-14.0,5,114,45,40,0,15.0,-50.67,-55.47,0.600,,,,,,,,False
20.844,TRACK_OPENING,-17.0,4,121,46,40,0,18.0,-46.58,-49.31,0.600,,,,,,,,False
20.937,TRACK_OPENING,-30.0,6,83,210,40,0,25.0,-36.85,-37.87,0.600,,,,,,,,False
21.031,TRACK_OPENING,-44.0,3,41,166,40,0,25.0,-22.12,-27.80,0.600,,,,,,,,False
21.125,TRACK_OPENING,-55.0,3,40,146,40,0,25.0,-6.07,-21.54,0.600,,,,,,,,False
21.141,TRACK_OPENING,-58.0,5,45,100,40,0,25.0,-6.07,-21.54,0.600,,,,,,,,False
21.250,TRACK_OPENING,-58.0,4,46,100,40,0,25.0,5.86,-18.23,0.600,,,,,,,,False
21.328,TRACK_OPENING,-58.0,5,45,100,40,0,25.0,12.14,-17.68,0.600,,,,,,,,False
21.422,TRACK_OPENING,-57.0,5,43,100,40,0,25.0,14.31,-18.20,0.600,,,,,,,,False
21.516,TRACK_OPENING,-58.0,5,45,100,40,0,25.0,14.48,-19.36,0.600,,,,,,,,False
21.531,TRACK_OPENING,-62.0,5,43,135,40,0,25.0,14.48,-19.36,0.600,,,,,,,,False
21.625,TRACK_OPENING,-65.0,6,42,133,40,0,25.0,16.81,-21.27,0.600,,,,,,,,False
21.719,TRACK_OPENING,-77.0,5,38,113,40,0,25.0,24.66,-25.87,0.600,,,,,,,,False
21.734,TRACK_OPENING,-87.0,4,36,122,40,0,25.0,24.66,-25.87,0.600,,,,,,,,False
21.828,TRACK_OPENING,-91.0,4,37,122,40,0,25.0,24.66,-25.87,0.600,,,,,,,,False
21.922,TRACK_OPENING,-99.0,5,36,123,40,0,25.0,24.66,-25.87,0.600,,,,,,,,False
21.937,TRACK_OPENING,-101.0,4,36,120,40,0,25.0,24.66,-25.87,0.600,,,,,,,,False
22.016,TRACK_OPENING,-101.0,4,36,117,40,0,25.0,31.34,-30.05,0.600,,,,,,,,False
22.047,TRACK_OPENING,-98.0,4,35,120,40,0,25.0,31.34,-30.05,0.600,,,,,,,,False
22.125,TRACK_OPENING,-97.0,4,35,117,40,0,25.0,33.31,-31.45,0.600,,,,,,,,False
22.219,TRACK_OPENING,-89.0,4,35,130,40,0,25.0,30.69,-30.23,0.600,,,,,,,,False
22.312,TRACK_OPENING,-81.0,4,35,54,40,0,25.0,26.44,-27.31,0.600,,,,,,,,False
22.328,TRACK_OPENING,-70.0,4,38,139,40,0,25.0,26.44,-27.31,0.600,,,,,,,,False
22.422,TRACK_OPENING,-65.0,5,39,144,40,0,25.0,18.19,-24.24,0.600,,,,,,,,False
22.500,TRACK_OPENING,-53.0,4,48,167,40,0,25.0,14.00,-14.41,0.708,,,,,,,,False
22.516,TRACK_OPENING,-43.0,3,43,196,40,0,25.0,14.00,-14.41,0.708,,,,,,,,False
22.594,TRACK_OPENING,-39.0,3,39,62,40,0,25.0,2.25,-0.85,0.706,,,,,,,,False
22.609,TRACK_OPENING,-25.0,5,103,46,40,0,25.0,2.25,-0.85,0.706,,,,,,,,False
22.641,TRACK_OPENING,-21.0,6,134,47,40,0,22.0,2.25,-0.85,0.706,,,,,,,,False
22.703,TRACK_OPENING,-15.0,5,137,42,40,0,16.0,-17.64,4.72,0.760,,,,,,,,False
22.719,TRACK_OPENING,-8.0,5,119,33,40,0,9.0,-17.64,4.72,0.760,,,,,,,,False
22.734,TRACK_OPENING,-7.0,5,132,46,40,0,8.0,-17.64,4.72,0.760,,,,,,,,False
22.797,TRACK_OPENING,-4.0,4,132,44,40,0,5.0,-40.01,0.60,0.810,,,,,,,,False
22.828,TRACK_OPENING,0.0,4,55,42,40,0,1.0,-40.01,0.60,0.810,,,,,,,,False
22.844,TRACK_OPENING,1.0,4,55,42,40,0,0.0,-40.01,0.60,0.810,,,,,,,,False
22.906,TRACK_OPENING,3.0,3,66,41,40,0,-2.0,-58.25,-7.45,0.868,,,,,,,,False
22.922,TRACK_OPENING,4.0,3,131,41,40,0,-3.0,-58.25,-7.45,0.868,,,,,,,,False
22.984,TRACK_OPENING,5.0,4,131,42,40,0,-4.0,-70.49,-10.33,0.847,,,,,,,,False
23.016,TRACK_OPENING,5.0,3,131,42,40,0,-4.0,-70.49,-10.33,0.847,,,,,,,,False
23.031,TRACK_OPENING,5.0,3,130,42,40,0,-4.0,-70.49,-10.33,0.847,,,,,,,,False
23.125,TRACK_OPENING,5.0,4,130,42,40,0,-4.0,-74.91,-15.40,0.830,,,,,,,,False
23.203,TRACK_OPENING,5.0,3,130,42,40,0,-4.0,-75.59,-19.27,0.813,,,,,,,,False
23.234,TRACK_OPENING,5.0,3,126,42,40,0,-4.0,-75.59,-19.27,0.813,,,,,,,,False
23.312,TRACK_OPENING,5.0,3,126,42,40,0,-4.0,-74.46,-22.44,0.797,,,,,,,,False
23.344,TRACK_OPENING,5.0,2,126,41,40,0,-4.0,-74.46,-22.44,0.797,,,,,,,,False
23.406,TRACK_OPENING,5.0,4,125,42,40,0,-4.0,-70.98,-25.37,0.829,,,,,,,,False
23.422,TRACK_OPENING,5.0,5,121,41,40,0,-4.0,-70.98,-25.37,0.829,,,,,,,,False
23.484,TRACK_OPENING,5.0,5,125,41,40,0,-4.0,-68.00,-27.28,0.833,,,,,,,,False
23.516,TRACK_OPENING,5.0,5,126,41,40,0,-4.0,-68.00,-27.28,0.833,,,,,,,,False
23.531,TRACK_OPENING,5.0,4,124,41,40,0,-4.0,-68.00,-27.28,0.833,,,,,,,,False
23.594,TRACK_OPENING,5.0,4,126,41,40,0,-4.0,-65.44,-28.72,0.812,,,,,,,,False
23.609,TRACK_OPENING,5.0,4,123,41,40,0,-4.0,-65.44,-28.72,0.812,,,,,,,,False
23.641,TRACK_OPENING,5.0,5,124,41,40,0,-4.0,-65.44,-28.72,0.812,,,,,,,,False
23.703,TRACK_OPENING,5.0,4,126,41,40,0,-4.0,-63.98,-29.04,0.802,,,,,,,,False
23.734,TRACK_OPENING,5.0,3,122,41,40,0,-4.0,-63.98,-29.04,0.802,,,,,,,,False
23.797,TRACK_OPENING,5.0,4,120,41,40,0,-4.0,-62.86,-29.11,0.800,,,,,,,,False
23.812,TRACK_OPENING,5.0,3,125,41,40,0,-4.0,-62.86,-29.11,0.800,,,,,,,,False
23.844,TRACK_OPENING,4.0,4,126,41,40,0,-3.0,-62.86,-29.11,0.800,,,,,,,,False
23.906,TRACK_OPENING,3.0,5,110,41,40,0,-2.0,-61.96,-28.53,0.769,,,,,,,,False
23.922,TRACK_OPENING,-1.0,3,50,42,40,0,2.0,-61.96,-28.53,0.769,,,,,,,,False
23.984,TRACK_OPENING,-3.0,4,128,42,40,0,4.0,-60.53,-25.60,0.819,,,,,,,,False
24.016,TRACK_OPENING,-6.0,2,132,42,40,0,7.0,-60.53,-25.60,0.819,,,,,,,,False
24.031,TRACK_OPENING,-7.0,2,128,43,40,0,8.0,-60.53,-25.60,0.819,,,,,,,,False
24.125,TRACK_OPENING,-9.0,3,130,43,40,0,10.0,-54.62,-21.03,0.803,,,,,,,,False
24.187,TRACK_OPENING,-12.0,3,128,45,40,0,13.0,-50.13,-14.42,0.768,,,,,,,,False
24.219,TRACK_OPENING,-12.0,3,127,45,40,0,13.0,-50.13,-14.42,0.768,,,,,,,,False
24.234,TRACK_OPENING,-12.0,4,126,45,40,0,13.0,-50.13,-14.42,0.768,,,,,,,,False
24.297,TRACK_OPENING,-12.0,6,128,45,40,0,13.0,-48.42,-9.78,0.787,,,,,,,,False
24.312,TRACK_OPENING,-12.0,5,122,44,40,0,13.0,-48.42,-9.78,0.787,,,,,,,,False
24.375,TRACK_OPENING,-12.0,4,128,44,40,0,13.0,-47.73,-7.97,0.783,,,,,,,,False
24.391,TRACK_OPENING,-12.0,4,125,45,40,0,13.0,-47.73,-7.97,0.783,,,,,,,,False
24.422,TRACK_OPENING,-12.0,4,124,45,40,0,13.0,-47.73,-7.97,0.783,,,,,,,,False
24.437,TRACK_OPENING,-13.0,4,127,45,40,0,14.0,-47.73,-7.97,0.783,,,,,,,,False
24.500,TRACK_OPENING,-13.0,5,120,45,40,0,14.0,-47.27,-6.49,0.777,,,,,,,,False
24.516,TRACK_OPENING,-14.0,6,128,45,40,0,15.0,-47.27,-6.49,0.777,,,,,,,,False
24.531,TRACK_OPENING,-14.0,5,134,45,40,0,15.0,-47.27,-6.49,0.777,,,,,,,,False
24.594,TRACK_OPENING,-14.0,8,134,45,40,0,15.0,-45.81,-6.18,0.780,,,,,,,,False
24.609,TRACK_OPENING,-15.0,7,135,46,40,0,16.0,-45.81,-6.18,0.780,,,,,,,,False
24.641,TRACK_OPENING,-15.0,9,135,46,40,0,16.0,-45.81,-6.18,0.780,,,,,,,,False
24.703,TRACK_OPENING,-15.0,6,135,46,40,0,16.0,-44.85,-5.62,0.771,,,,,,,,False
24.719,TRACK_OPENING,-16.0,6,136,46,40,0,17.0,-44.85,-5.62,0.771,,,,,,,,False
24.781,TRACK_OPENING,-16.0,3,136,46,40,0,17.0,-43.36,-5.54,0.766,,,,,,,,False
24.812,TRACK_OPENING,-17.0,3,137,47,40,0,18.0,-43.36,-5.54,0.766,,,,,,,,False
24.828,TRACK_OPENING,-18.0,3,137,47,40,0,19.0,-43.36,-5.54,0.766,,,,,,,,False
24.906,TRACK_OPENING,-18.0,3,137,47,40,0,19.0,-41.22,-5.37,0.758,,,,,,,,False
24.922,TRACK_OPENING,-18.0,3,136,47,40,0,19.0,-41.22,-5.37,0.758,,,,,,,,False
24.937,TRACK_OPENING,-18.0,3,137,47,40,0,19.0,-41.22,-5.37,0.758,,,,,,,,False
25.000,TRACK_OPENING,-18.0,3,137,47,40,0,19.0,-39.58,-4.95,0.756,,,,,,,,False
25.031,TRACK_OPENING,-18.0,2,135,47,40,0,19.0,-39.58,-4.95,0.756,,,,,,,,False
25.094,TRACK_OPENING,-19.0,2,134,47,40,0,20.0,-38.57,-5.24,0.758,,,,,,,,False
25.109,TRACK_OPENING,-19.0,2,129,48,40,0,20.0,-38.57,-5.24,0.758,,,,,,,,False
25.172,TRACK_OPENING,-20.0,2,125,48,40,0,21.0,-37.27,-5.17,0.750,,,,,,,,False
25.203,TRACK_OPENING,-21.0,2,119,49,40,0,22.0,-37.27,-5.17,0.750,,,,,,,,False
25.219,TRACK_OPENING,-21.0,3,116,49,40,0,22.0,-37.27,-5.17,0.750,,,,,,,,False
25.234,TRACK_OPENING,-22.0,3,112,49,40,0,23.0,-37.27,-5.17,0.750,,,,,,,,False
25.297,TRACK_OPENING,-23.0,4,110,50,40,0,24.0,-34.93,-5.38,0.747,,,,,,,,False
25.312,TRACK_OPENING,-24.0,4,105,50,40,0,25.0,-34.93,-5.38,0.747,,,,,,,,False
25.344,TRACK_OPENING,-24.0,4,101,51,40,0,25.0,-34.93,-5.38,0.747,,,,,,,,False
25.406,TRACK_OPENING,-25.0,4,98,51,40,0,25.0,-31.63,-5.44,0.740,,,,,,,,False
25.422,TRACK_OPENING,-28.0,5,87,53,40,0,25.0,-31.63,-5.44,0.740,,,,,,,,False
25.484,TRACK_OPENING,-30.0,5,83,53,40,0,25.0,-27.07,-4.77,0.737,,,,,,,,False
25.516,TRACK_OPENING,-31.0,6,78,54,40,0,25.0,-27.07,-4.77,0.737,,,,,,,,False
25.531,TRACK_OPENING,-32.0,6,61,56,40,0,25.0,-27.07,-4.77,0.737,,,,,,,,False
25.594,TRACK_OPENING,-33.0,6,40,56,40,0,25.0,-21.75,-3.15,0.726,,,,,,,,False
25.609,TRACK_OPENING,-36.0,6,40,59,40,0,25.0,-21.75,-3.15,0.726,,,,,,,,False
25.641,TRACK_OPENING,-37.0,6,41,60,40,0,25.0,-21.75,-3.15,0.726,,,,,,,,False
25.703,TRACK_OPENING,-38.0,6,42,61,40,0,25.0,-15.62,-0.40,0.711,,,,,,,,False
25.719,TRACK_OPENING,-41.0,6,46,116,40,0,25.0,-15.62,-0.40,0.711,,,,,,,,False
25.734,TRACK_OPENING,-43.0,5,48,130,40,0,25.0,-15.62,-0.40,0.711,,,,,,,,False
25.828,TRACK_OPENING,-45.0,6,52,152,40,0,25.0,-7.50,-0.58,0.697,,,,,,,,False
25.922,TRACK_OPENING,-51.0,5,50,170,40,0,25.0,3.28,-0.99,0.683,,,,,,,,False
26.000,TRACK_OPENING,-58.0,5,45,157,40,0,25.0,14.39,-5.39,0.669,,,,,,,,False
26.031,TRACK_OPENING,-61.0,4,43,113,40,0,25.0,14.39,-5.39,0.669,,,,,,,,False
26.047,TRACK_OPENING,-61.0,4,44,113,40,0,25.0,14.39,-5.39,0.669,,,,,,,,False
26.109,TRACK_OPENING,-61.0,4,44,113,40,0,25.0,23.93,-1.06,0.726,,,,,,,,False
26.125,TRACK_OPENING,-61.0,4,44,113,40,0,25.0,23.93,-1.06,0.726,,,,,,,,False
26.203,TRACK_OPENING,-61.0,4,44,113,40,0,25.0,27.35,-1.53,0.699,,,,,,,,False
26.219,TRACK_OPENING,-60.0,4,44,116,40,0,25.0,27.35,-1.53,0.699,,,,,,,,False
26.234,TRACK_OPENING,-60.0,3,44,118,40,0,25.0,27.35,-1.53,0.699,,,,,,,,False
26.297,TRACK_OPENING,-60.0,3,44,129,40,0,25.0,28.23,0.09,0.700,,,,,,,,False
26.312,TRACK_OPENING,-59.0,3,46,158,40,0,25.0,28.23,0.09,0.700,,,,,,,,False
26.391,TRACK_OPENING,-58.0,4,46,161,40,0,25.0,26.45,1.94,0.715,,,,,,,,False
26.406,TRACK_OPENING,-55.0,4,49,165,40,0,25.0,26.45,1.94,0.715,,,,,,,,False
26.437,TRACK_OPENING,-54.0,4,50,168,40,0,25.0,26.45,1.94,0.715,,,,,,,,False
26.484,TRACK_OPENING,-54.0,3,51,169,40,0,25.0,21.68,4.52,0.722,,,,,,,,False
26.516,TRACK_OPENING,-53.0,4,52,171,40,0,25.0,21.68,4.52,0.722,,,,,,,,False
26.531,TRACK_OPENING,-52.0,3,52,172,40,0,25.0,21.68,4.52,0.722,,,,,,,,False
26.594,TRACK_OPENING,-52.0,4,53,173,40,0,25.0,16.23,6.86,0.704,,,,,,,,False
26.625,TRACK_OPENING,-52.0,4,53,173,40,0,25.0,16.23,6.86,0.704,,,,,,,,False
26.641,TRACK_OPENING,-52.0,4,53,172,40,0,25.0,16.23,6.86,0.704,,,,,,,,False
26.703,TRACK_OPENING,-52.0,4,53,173,40,0,25.0,11.97,8.74,0.701,,,,,,,,False
26.734,TRACK_OPENING,-52.0,4,53,173,40,0,25.0,11.97,8.74,0.701,,,,,,,,False
26.797,TRACK_OPENING,-52.0,3,53,173,40,0,25.0,9.50,9.84,0.696,,,,,,,,False
26.812,TRACK_OPENING,-51.0,4,53,173,40,0,25.0,9.50,9.84,0.696,,,,,,,,False
26.844,TRACK_OPENING,-51.0,4,53,173,40,0,25.0,9.50,9.84,0.696,,,,,,,,False
26.906,TRACK_OPENING,-51.0,4,53,174,40,0,25.0,8.11,10.03,0.714,,,,,,,,False
26.937,TRACK_OPENING,-51.0,4,53,174,40,0,25.0,8.11,10.03,0.714,,,,,,,,False
27.016,TRACK_OPENING,-51.0,3,53,174,40,0,25.0,7.33,9.67,0.710,,,,,,,,False
27.031,TRACK_OPENING,-50.0,3,53,175,40,0,25.0,7.33,9.67,0.710,,,,,,,,False
27.109,TRACK_OPENING,-50.0,4,53,175,40,0,25.0,6.69,8.62,0.715,,,,,,,,False
27.125,TRACK_OPENING,-50.0,3,53,175,40,0,25.0,6.69,8.62,0.715,,,,,,,,False
27.187,TRACK_OPENING,-50.0,4,53,176,40,0,25.0,6.27,7.95,0.707,,,,,,,,False
27.219,TRACK_OPENING,-49.0,4,53,177,40,0,25.0,6.27,7.95,0.707,,,,,,,,False
27.234,TRACK_OPENING,-49.0,3,53,177,40,0,25.0,6.27,7.95,0.707,,,,,,,,False
27.297,TRACK_OPENING,-49.0,3,53,177,40,0,25.0,5.74,6.98,0.712,,,,,,,,False
27.312,TRACK_OPENING,-49.0,3,53,178,40,0,25.0,5.74,6.98,0.712,,,,,,,,False
27.344,TRACK_OPENING,-49.0,4,53,177,40,0,25.0,5.74,6.98,0.712,,,,,,,,False
27.406,TRACK_OPENING,-49.0,3,53,177,40,0,25.0,5.23,5.97,0.713,,,,,,,,False
27.422,TRACK_OPENING,-48.0,3,53,178,40,0,25.0,5.23,5.97,0.713,,,,,,,,False
27.500,TRACK_OPENING,-48.0,4,53,178,40,0,25.0,4.51,4.95,0.718,,,,,,,,False
27.516,TRACK_OPENING,-48.0,4,52,179,40,0,25.0,4.51,4.95,0.718,,,,,,,,False
27.531,TRACK_OPENING,-48.0,3,52,179,40,0,25.0,4.51,4.95,0.718,,,,,,,,False
27.609,TRACK_OPENING,-47.0,4,52,179,40,0,25.0,3.81,3.78,0.713,,,,,,,,False
27.625,TRACK_OPENING,-47.0,5,51,180,40,0,25.0,3.81,3.78,0.713,,,,,,,,False
27.687,TRACK_OPENING,-47.0,5,51,180,40,0,25.0,3.04,2.62,0.712,,,,,,,,False
27.703,TRACK_OPENING,-46.0,5,49,181,40,0,25.0,3.04,2.62,0.712,,,,,,,,False
27.734,TRACK_OPENING,-46.0,4,49,182,40,0,25.0,3.04,2.62,0.712,,,,,,,,False
27.797,TRACK_OPENING,-46.0,4,48,182,40,0,25.0,2.06,1.52,0.708,,,,,,,,False
27.812,TRACK_OPENING,-46.0,5,47,183,40,0,25.0,2.06,1.52,0.708,,,,,,,,False
27.891,TRACK_OPENING,-45.0,5,47,184,40,0,25.0,0.97,0.22,0.709,,,,,,,,False
27.922,TRACK_OPENING,-45.0,4,46,184,40,0,25.0,0.97,0.22,0.709,,,,,,,,False
27.937,TRACK_OPENING,-45.0,4,46,184,40,0,25.0,0.97,0.22,0.709,,,,,,,,False
28.000,TRACK_OPENING,-45.0,4,45,184,40,0,25.0,0.06,-1.28,0.701,,,,,,,,False
28.031,TRACK_OPENING,-44.0,3,45,185,40,0,25.0,0.06,-1.28,0.701,,,,,,,,False
28.094,TRACK_OPENING,-44.0,4,44,185,40,0,25.0,-0.71,-2.23,0.702,,,,,,,,False
28.109,TRACK_OPENING,-44.0,3,44,185,40,0,25.0,-0.71,-2.23,0.702,,,,,,,,False
28.141,TRACK_OPENING,-44.0,4,44,186,40,0,25.0,-0.71,-2.23,0.702,,,,,,,,False
28.203,TRACK_OPENING,-44.0,4,43,186,40,0,25.0,-1.30,-2.91,0.703,,,,,,,,False
28.219,TRACK_OPENING,-43.0,4,42,187,40,0,25.0,-1.30,-2.91,0.703,,,,,,,,False
28.281,TRACK_OPENING,-43.0,4,42,187,40,0,25.0,-1.92,-3.87,0.719,,,,,,,,False
28.312,TRACK_OPENING,-43.0,3,41,189,40,0,25.0,-1.92,-3.87,0.719,,,,,,,,False
28.328,TRACK_OPENING,-43.0,3,41,190,40,0,25.0,-1.92,-3.87,0.719,,,,,,,,False
28.391,TRACK_OPENING,-42.0,4,40,190,40,0,25.0,-2.74,-4.83,0.709,,,,,,,,False
28.422,TRACK_OPENING,-42.0,3,39,191,40,0,25.0,-2.74,-4.83,0.709,,,,,,,,False
28.484,TRACK_OPENING,-42.0,2,39,192,40,0,25.0,-3.71,-5.86,0.710,,,,,,,,False
28.516,TRACK_OPENING,-41.0,3,38,193,40,0,25.0,-3.71,-5.86,0.710,,,,,,,,False
28.531,TRACK_OPENING,-41.0,3,37,193,40,0,25.0,-3.71,-5.86,0.710,,,,,,,,False
28.594,TRACK_OPENING,-41.0,3,37,194,40,0,25.0,-4.87,-6.93,0.705,,,,,,,,False
28.625,TRACK_OPENING,-40.0,2,37,194,40,0,25.0,-4.87,-6.93,0.705,,,,,,,,False
28.687,TRACK_OPENING,-40.0,2,36,195,40,0,25.0,-5.94,-8.05,0.704,,,,,,,,False
28.703,TRACK_OPENING,-40.0,1,36,196,40,0,25.0,-5.94,-8.05,0.704,,,,,,,,False
28.734,TRACK_OPENING,-40.0,2,36,196,40,0,25.0,-5.94,-8.05,0.704,,,,,,,,False
28.797,TRACK_OPENING,-40.0,1,35,196,40,0,25.0,-6.88,-9.49,0.703,,,,,,,,False
28.812,TRACK_OPENING,-40.0,1,35,197,40,0,25.0,-6.88,-9.49,0.703,,,,,,,,False
28.875,TRACK_OPENING,-39.0,2,35,197,40,0,25.0,-7.51,-10.55,0.697,,,,,,,,False
28.906,TRACK_OPENING,-39.0,2,34,198,40,0,25.0,-7.51,-10.55,0.697,,,,,,,,False
28.922,TRACK_OPENING,-39.0,2,34,197,40,0,25.0,-7.51,-10.55,0.697,,,,,,,,False
28.937,TRACK_OPENING,-39.0,1,34,197,40,0,25.0,-7.51,-10.55,0.697,,,,,,,,False
29.000,TRACK_OPENING,-39.0,2,34,197,40,0,25.0,-7.94,-11.23,0.703,,,,,,,,False
29.016,TRACK_OPENING,-39.0,2,34,197,40,0,25.0,-7.94,-11.23,0.703,,,,,,,,False
29.094,TRACK_OPENING,-39.0,1,34,197,40,0,25.0,-8.15,-11.49,0.701,,,,,,,,False
29.109,TRACK_OPENING,-39.0,1,34,198,40,0,25.0,-8.15,-11.49,0.701,,,,,,,,False
29.141,TRACK_OPENING,-39.0,1,34,198,40,0,25.0,-8.15,-11.49,0.701,,,,,,,,False
29.203,TRACK_OPENING,-39.0,1,34,197,40,0,25.0,-8.12,-11.74,0.699,,,,,,,,False
29.219,TRACK_OPENING,-39.0,1,35,197,40,0,25.0,-8.12,-11.74,0.699,,,,,,,,False
29.281,TRACK_OPENING,-39.0,1,34,197,40,0,25.0,-7.95,-11.71,0.702,,,,,,,,False
29.312,TRACK_OPENING,-39.0,1,35,197,40,0,25.0,-7.95,-11.71,0.702,,,,,,,,False
29.328,TRACK_OPENING,-39.0,2,35,196,40,0,25.0,-7.95,-11.71,0.702,,,,,,,,False
29.406,TRACK_OPENING,-39.0,1,34,196,40,0,25.0,-7.79,-11.46,0.701,,,,,,,,False
29.422,TRACK_OPENING,-39.0,1,35,196,40,0,25.0,-7.79,-11.46,0.701,,,,,,,,False
29.484,TRACK_OPENING,-39.0,2,35,197,40,0,25.0,-7.53,-11.20,0.705,,,,,,,,False
29.500,TRACK_OPENING,-40.0,2,35,196,40,0,25.0,-7.53,-11.20,0.705,,,,,,,,False
29.531,TRACK_OPENING,-40.0,1,35,196,40,0,25.0,-7.53,-11.20,0.705,,,,,,,,False
29.594,TRACK_OPENING,-40.0,2,35,196,40,0,25.0,-7.24,-11.21,0.709,,,,,,,,False
29.609,TRACK_OPENING,-40.0,1,35,196,40,0,25.0,-7.24,-11.21,0.709,,,,,,,,False
29.672,TRACK_OPENING,-39.0,1,35,196,40,0,25.0,-7.17,-10.84,0.701,,,,,,,,False
29.703,TRACK_OPENING,-39.0,1,34,196,40,0,25.0,-7.17,-10.84,0.701,,,,,,,,False
29.719,TRACK_OPENING,-39.0,1,34,197,40,0,25.0,-7.17,-10.84,0.701,,,,,,,,False
29.750,TRACK_OPENING,-39.0,1,34,196,40,0,25.0,-7.17,-10.84,0.701,,,,,,,,False
29.812,TRACK_OPENING,-39.0,1,34,197,40,0,25.0,-7.19,-10.75,0.704,,,,,,,,False
29.844,TRACK_OPENING,-39.0,2,34,197,40,0,25.0,-7.19,-10.75,0.704,,,,,,,,False
29.906,TRACK_OPENING,-39.0,2,34,198,40,0,25.0,-7.39,-11.25,0.699,,,,,,,,False
29.922,TRACK_OPENING,-39.0,2,33,198,40,0,25.0,-7.39,-11.25,0.699,,,,,,,,False
29.984,TRACK_OPENING,-39.0,2,33,199,40,0,25.0,-7.83,-11.64,0.700,,,,,,,,False
30.016,TRACK_OPENING,-38.0,2,32,200,40,0,25.0,-7.83,-11.64,0.700,,,,,,,,False
30.078,TRACK_OPENING,-38.0,2,32,201,40,0,25.0,-8.52,-12.32,0.706,,,,,,,,False
30.094,TRACK_OPENING,-37.0,3,32,203,40,0,25.0,-8.52,-12.32,0.706,,,,,,,,False
30.125,TRACK_OPENING,-37.0,2,32,203,40,0,25.0,-8.52,-12.32,0.706,,,,,,,,False
30.141,TRACK_OPENING,-37.0,2,31,203,40,0,25.0,-8.52,-12.32,0.706,,,,,,,,False
30.203,TRACK_OPENING,-37.0,2,31,203,40,0,25.0,-9.64,-12.98,0.711,,,,,,,,False
30.234,TRACK_OPENING,-37.0,2,30,205,40,0,25.0,-9.64,-12.98,0.711,,,,,,,,False
30.297,TRACK_OPENING,-36.0,2,30,206,40,0,25.0,-10.52,-14.28,0.703,,,,,,,,False
30.312,TRACK_OPENING,-36.0,1,29,207,40,0,25.0,-10.52,-14.28,0.703,,,,,,,,False
30.391,TRACK_OPENING,-36.0,1,29,207,40,0,25.0,-11.41,-15.56,0.703,,,,,,,,False
30.406,TRACK_OPENING,-35.0,2,28,209,40,0,25.0,-11.41,-15.56,0.703,,,,,,,,False
30.484,TRACK_OPENING,-35.0,2,27,210,40,0,25.0,-12.37,-17.21,0.700,,,,,,,,False
30.500,TRACK_OPENING,-35.0,2,27,211,40,0,25.0,-12.37,-17.21,0.700,,,,,,,,False
30.516,TRACK_OPENING,-34.0,2,26,212,40,0,25.0,-12.37,-17.21,0.700,,,,,,,,False
30.531,TRACK_OPENING,-34.0,3,26,213,40,0,25.0,-12.37,-17.21,0.700,,,,,,,,False
30.625,TRACK_OPENING,-34.0,3,26,215,40,0,25.0,-13.48,-18.90,0.701,,,,,,,,False
30.687,TRACK_OPENING,-33.0,3,24,218,40,0,25.0,-14.77,-20.71,0.701,,,,,,,,False
30.703,TRACK_OPENING,-32.0,2,24,219,40,0,25.0,-14.77,-20.71,0.701,,,,,,,,False
30.734,TRACK_OPENING,-32.0,3,24,218,40,0,25.0,-14.77,-20.71,0.701,,,,,,,,False
30.797,TRACK_OPENING,-32.0,2,24,221,40,0,25.0,-16.16,-22.88,0.705,,,,,,,,False
30.812,TRACK_OPENING,-31.0,3,24,232,40,0,25.0,-16.16,-22.88,0.705,,,,,,,,False
30.891,TRACK_OPENING,-31.0,3,24,236,40,0,25.0,-17.57,-25.16,0.701,,,,,,,,False
30.906,TRACK_OPENING,-30.0,2,24,240,40,0,25.0,-17.57,-25.16,0.701,,,,,,,,False
30.922,TRACK_OPENING,-30.0,2,46,241,40,0,25.0,-17.57,-25.16,0.701,,,,,,,,False
31.000,TRACK_OPENING,-30.0,1,55,241,40,0,25.0,-19.10,-26.93,0.700,,,,,,,,False
31.031,TRACK_OPENING,-29.0,1,62,242,40,0,25.0,-19.10,-26.93,0.700,,,,,,,,False
31.094,TRACK_OPENING,-29.0,1,62,240,40,0,25.0,-20.35,-28.87,0.700,,,,,,,,False
31.109,TRACK_OPENING,-28.0,1,63,240,40,0,25.0,-20.35,-28.87,0.700,,,,,,,,False
31.141,TRACK_OPENING,-28.0,2,64,241,40,0,25.0,-20.35,-28.87,0.700,,,,,,,,False
31.203,TRACK_OPENING,-28.0,2,65,242,40,0,25.0,-21.29,-30.78,0.704,,,,,,,,False
31.234,TRACK_OPENING,-28.0,9,65,244,40,0,25.0,-21.29,-30.78,0.704,,,,,,,,False
31.297,TRACK_OPENING,-28.0,13,65,242,40,0,25.0,-22.10,-32.38,0.702,,,,,,,,False
31.312,TRACK_OPENING,-27.0,6,66,242,40,0,25.0,-22.10,-32.38,0.702,,,,,,,,False
31.344,TRACK_OPENING,-27.0,5,67,243,40,0,25.0,-22.10,-32.38,0.702,,,,,,,,False
31.406,TRACK_OPENING,-27.0,3,67,244,40,0,25.0,-22.67,-33.63,0.709,,,,,,,,False
31.437,TRACK_OPENING,-27.0,2,67,246,40,0,25.0,-22.67,-33.63,0.709,,,,,,,,False
31.500,TRACK_OPENING,-26.0,2,68,247,40,0,25.0,-23.21,-34.68,0.714,,,,,,,,False
31.531,TRACK_OPENING,-26.0,2,69,249,40,0,25.0,-23.21,-34.68,0.714,,,,,,,,False
31.594,TRACK_OPENING,-26.0,1,69,251,40,0,25.0,-23.69,-36.02,0.708,,,,,,,,False
31.625,TRACK_OPENING,-26.0,4,69,250,40,0,25.0,-23.69,-36.02,0.708,,,,,,,,False
31.703,TRACK_OPENING,-26.0,5,70,252,40,0,25.0,-22.28,-40.64,0.694,,,,,,,,False
31.719,TRACK_OPENING,-25.0,5,70,253,40,0,25.0,-22.28,-40.64,0.694,,,,,,,,False
31.812,TRACK_OPENING,-25.0,11,70,252,40,0,25.0,-21.36,-43.74,0.680,,,,,,,,False
31.828,TRACK_OPENING,-25.0,6,70,252,40,0,25.0,-21.36,-43.74,0.680,,,,,,,,False
31.922,TRACK_OPENING,-25.0,6,70,251,40,0,25.0,-20.82,-45.29,0.667,,,,,,,,False
32.016,TRACK_OPENING,-25.0,3,69,249,40,0,25.0,-20.41,-46.01,0.653,,,,,,,,False
32.031,TRACK_OPENING,-26.0,5,67,245,40,0,25.0,-20.41,-46.01,0.653,,,,,,,,False
32.125,TRACK_OPENING,-26.0,5,66,244,40,0,25.0,-19.95,-45.80,0.640,,,,,,,,False
32.219,TRACK_OPENING,-28.0,4,61,230,40,0,25.0,-19.17,-44.66,0.627,,,,,,,,False
32.234,TRACK_OPENING,-30.0,7,60,226,40,0,25.0,-19.17,-44.66,0.627,,,,,,,,False
32.297,TRACK_OPENING,-29.0,1,60,223,40,0,25.0,-19.93,-40.40,0.693,,,,,,,,False
32.328,TRACK_OPENING,-30.0,3,58,218,40,0,25.0,-19.93,-40.40,0.693,,,,,,,,False
32.406,TRACK_OPENING,-31.0,3,57,216,40,0,25.0,-18.52,-40.82,0.680,,,,,,,,False
32.484,TRACK_OPENING,-31.0,2,59,215,40,0,25.0,-19.63,-35.35,0.697,,,,,,,,False
32.500,TRACK_OPENING,-30.0,3,67,228,40,0,25.0,-19.63,-35.35,0.697,,,,,,,,False
32.516,TRACK_OPENING,-29.0,2,72,237,40,0,25.0,-19.63,-35.35,0.697,,,,,,,,False
32.578,TRACK_OPENING,-28.0,2,76,232,40,0,25.0,-22.58,-29.62,0.710,,,,,,,,False
32.609,TRACK_OPENING,-26.0,3,86,57,40,0,25.0,-22.58,-29.62,0.710,,,,,,,,False
32.625,TRACK_OPENING,-25.0,3,87,56,40,0,25.0,-22.58,-29.62,0.710,,,,,,,,False
32.687,TRACK_OPENING,-26.0,3,86,55,40,0,25.0,-27.71,-22.53,0.735,,,,,,,,False
32.703,TRACK_OPENING,-28.0,3,86,54,40,0,25.0,-27.71,-22.53,0.735,,,,,,,,False
32.734,TRACK_OPENING,-28.0,3,88,53,40,0,25.0,-27.71,-22.53,0.735,,,,,,,,False
32.797,TRACK_OPENING,-28.0,3,90,52,40,0,25.0,-29.83,-14.83,0.721,,,,,,,,False
32.812,TRACK_OPENING,-28.0,3,98,48,40,0,25.0,-29.83,-14.83,0.721,,,,,,,,False
32.875,TRACK_OPENING,-27.0,3,100,46,40,0,25.0,-31.66,-5.49,0.720,,,,,,,,False
32.906,TRACK_OPENING,-27.0,3,102,45,40,0,25.0,-31.66,-5.49,0.720,,,,,,,,False
32.922,TRACK_OPENING,-28.0,3,102,44,40,0,25.0,-31.66,-5.49,0.720,,,,,,,,False
32.984,TRACK_OPENING,-29.0,4,101,44,40,0,25.0,-33.65,4.70,0.730,,,,,,,,False
33.016,TRACK_OPENING,-30.0,3,101,42,40,0,25.0,-33.65,4.70,0.730,,,,,,,,False
33.031,TRACK_OPENING,-30.0,3,101,42,40,0,25.0,-33.65,4.70,0.730,,,,,,,,False
33.094,TRACK_OPENING,-31.0,3,100,41,40,0,25.0,-33.05,13.62,0.763,,,,,,,,False
33.125,TRACK_OPENING,-36.0,3,91,41,40,0,25.0,-33.05,13.62,0.763,,,,,,,,False
33.187,TRACK_OPENING,-37.0,3,89,41,40,0,25.0,-30.82,31.19,0.731,,,,,,,,False
33.203,TRACK_OPENING,-39.0,3,62,40,40,0,25.0,-30.82,31.19,0.731,,,,,,,,False
33.219,TRACK_OPENING,-39.0,2,59,39,40,0,25.0,-30.82,31.19,0.731,,,,,,,,False
33.297,TRACK_OPENING,-39.0,2,62,38,40,0,25.0,-23.87,36.65,0.755,,,,,,,,False
33.312,TRACK_OPENING,-39.0,3,63,36,40,0,25.0,-23.87,36.65,0.755,,,,,,,,False
33.391,TRACK_OPENING,-40.0,3,62,36,40,0,25.0,-19.90,41.02,0.756,,,,,,,,False
33.406,TRACK_OPENING,-42.0,3,65,37,40,0,25.0,-19.90,41.02,0.756,,,,,,,,False
33.422,TRACK_OPENING,-42.0,4,65,36,40,0,25.0,-19.90,41.02,0.756,,,,,,,,False
33.516,TRACK_OPENING,-42.0,4,67,36,40,0,25.0,-13.61,44.19,0.741,,,,,,,,False
33.594,TRACK_OPENING,-44.0,4,69,38,40,0,25.0,-9.20,41.03,0.733,,,,,,,,False
33.609,TRACK_OPENING,-45.0,4,70,39,40,0,25.0,-9.20,41.03,0.733,,,,,,,,False
33.703,TRACK_OPENING,-45.0,4,69,39,40,0,25.0,-4.37,42.92,0.718,,,,,,,,False
33.719,TRACK_OPENING,-45.0,4,69,39,40,0,25.0,-4.37,42.92,0.718,,,,,,,,False
33.781,TRACK_OPENING,-45.0,4,69,39,40,0,25.0,-2.88,45.27,0.732,,,,,,,,False
33.797,TRACK_OPENING,-45.0,4,69,39,40,0,25.0,-2.88,45.27,0.732,,,,,,,,False
33.828,TRACK_OPENING,-44.0,3,68,39,40,0,25.0,-2.88,45.27,0.732,,,,,,,,False
33.891,TRACK_OPENING,-44.0,3,68,39,40,0,25.0,-2.87,43.89,0.740,,,,,,,,False
33.906,TRACK_OPENING,-44.0,2,67,39,40,0,25.0,-2.87,43.89,0.740,,,,,,,,False
33.922,TRACK_OPENING,-44.0,3,67,39,40,0,25.0,-2.87,43.89,0.740,,,,,,,,False
34.000,TRACK_OPENING,-44.0,3,66,39,40,0,25.0,-4.04,43.59,0.742,,,,,,,,False
34.016,TRACK_OPENING,-43.0,4,66,39,40,0,25.0,-4.04,43.59,0.742,,,,,,,,False
34.094,TRACK_OPENING,-43.0,2,65,39,40,0,25.0,-5.76,43.10,0.724,,,,,,,,False
34.109,TRACK_OPENING,-43.0,3,65,39,40,0,25.0,-5.76,43.10,0.724,,,,,,,,False
34.172,TRACK_OPENING,-43.0,3,65,39,40,0,25.0,-7.39,41.82,0.729,,,,,,,,False
34.187,TRACK_OPENING,-43.0,2,64,39,40,0,25.0,-7.39,41.82,0.729,,,,,,,,False
34.219,TRACK_OPENING,-42.0,3,64,39,40,0,25.0,-7.39,41.82,0.729,,,,,,,,False
34.297,TRACK_OPENING,-42.0,2,64,39,40,0,25.0,-8.86,40.81,0.729,,,,,,,,False
34.312,TRACK_OPENING,-42.0,2,64,39,40,0,25.0,-8.86,40.81,0.729,,,,,,,,False
34.328,TRACK_OPENING,-42.0,3,64,39,40,0,25.0,-8.86,40.81,0.729,,,,,,,,False
34.391,TRACK_OPENING,-42.0,2,64,39,40,0,25.0,-9.96,40.37,0.732,,,,,,,,False
34.422,TRACK_OPENING,-42.0,2,64,39,40,0,25.0,-9.96,40.37,0.732,,,,,,,,False
34.484,TRACK_OPENING,-42.0,3,64,39,40,0,25.0,-10.45,39.53,0.730,,,,,,,,False
34.516,TRACK_OPENING,-42.0,2,64,39,40,0,25.0,-10.45,39.53,0.730,,,,,,,,False
34.578,TRACK_OPENING,-42.0,3,64,39,40,0,25.0,-10.71,39.52,0.725,,,,,,,,False
34.594,TRACK_OPENING,-42.0,3,64,39,40,0,25.0,-10.71,39.52,0.725,,,,,,,,False
34.609,TRACK_OPENING,-42.0,3,64,39,40,0,25.0,-10.71,39.52,0.725,,,,,,,,False
34.687,TRACK_OPENING,-42.0,3,64,39,40,0,25.0,-10.70,39.39,0.725,,,,,,,,False
34.703,TRACK_OPENING,-42.0,4,64,39,40,0,25.0,-10.70,39.39,0.725,,,,,,,,False
34.719,TRACK_OPENING,-42.0,3,64,39,40,0,25.0,-10.70,39.39,0.725,,,,,,,,False
34.797,TRACK_OPENING,-42.0,3,64,39,40,0,25.0,-10.62,39.40,0.719,,,,,,,,False
34.812,TRACK_OPENING,-42.0,2,64,39,40,0,25.0,-10.62,39.40,0.719,,,,,,,,False
34.828,TRACK_OPENING,-42.0,3,64,39,40,0,25.0,-10.62,39.40,0.719,,,,,,,,False
34.891,TRACK_OPENING,-42.0,3,64,39,40,0,25.0,-10.46,39.25,0.729,,,,,,,,False
34.922,TRACK_OPENING,-42.0,3,64,39,40,0,25.0,-10.46,39.25,0.729,,,,,,,,False
34.984,TRACK_OPENING,-42.0,2,64,39,40,0,25.0,-10.42,39.21,0.729,,,,,,,,False
35.000,TRACK_OPENING,-42.0,2,64,39,40,0,25.0,-10.42,39.21,0.729,,,,,,,,False
35.031,TRACK_OPENING,-42.0,3,64,39,40,0,25.0,-10.42,39.21,0.729,,,,,,,,False
35.094,TRACK_OPENING,-42.0,2,64,39,40,0,25.0,-10.39,39.27,0.733,,,,,,,,False
35.109,TRACK_OPENING,-42.0,2,64,39,40,0,25.0,-10.39,39.27,0.733,,,,,,,,False
35.125,TRACK_OPENING,-42.0,3,63,39,40,0,25.0,-10.39,39.27,0.733,,,,,,,,False
35.187,TRACK_OPENING,-42.0,3,63,39,40,0,25.0,-10.41,38.85,0.728,,,,,,,,False
35.219,TRACK_OPENING,-42.0,3,63,39,40,0,25.0,-10.41,38.85,0.728,,,,,,,,False
35.281,TRACK_OPENING,-42.0,3,62,39,40,0,25.0,-10.76,39.04,0.730,,,,,,,,False
35.297,TRACK_OPENING,-42.0,2,62,39,40,0,25.0,-10.76,39.04,0.730,,,,,,,,False
35.328,TRACK_OPENING,-42.0,3,62,39,40,0,25.0,-10.76,39.04,0.730,,,,,,,,False
35.391,TRACK_OPENING,-42.0,3,62,39,40,0,25.0,-11.23,38.51,0.722,,,,,,,,False
35.406,TRACK_OPENING,-42.0,3,62,39,40,0,25.0,-11.23,38.51,0.722,,,,,,,,False
35.422,TRACK_OPENING,-42.0,3,62,39,40,0,25.0,-11.23,38.51,0.722,,,,,,,,False
35.484,TRACK_OPENING,-41.0,3,61,39,40,0,25.0,-11.77,38.25,0.734,,,,,,,,False
35.516,TRACK_OPENING,-41.0,2,61,39,40,0,25.0,-11.77,38.25,0.734,,,,,,,,False
35.531,TRACK_OPENING,-41.0,2,61,39,40,0,25.0,-11.77,38.25,0.734,,,,,,,,False
35.594,TRACK_OPENING,-41.0,2,61,39,40,0,25.0,-12.29,37.86,0.732,,,,,,,,False
35.609,TRACK_OPENING,-41.0,2,61,39,40,0,25.0,-12.29,37.86,0.732,,,,,,,,False
35.625,TRACK_OPENING,-41.0,2,61,39,40,0,25.0,-12.29,37.86,0.732,,,,,,,,False
35.687,TRACK_OPENING,-41.0,2,61,39,40,0,25.0,-12.66,37.70,0.724,,,,,,,,False
35.719,TRACK_OPENING,-41.0,2,61,39,40,0,25.0,-12.66,37.70,0.724,,,,,,,,False
35.781,TRACK_OPENING,-41.0,2,61,39,40,0,25.0,-13.05,37.63,0.734,,,,,,,,False
35.797,TRACK_OPENING,-41.0,2,61,39,40,0,25.0,-13.05,37.63,0.734,,,,,,,,False
35.828,TRACK_OPENING,-41.0,1,61,39,40,0,25.0,-13.05,37.63,0.734,,,,,,,,False
35.891,TRACK_OPENING,-41.0,2,61,39,40,0,25.0,-13.22,37.45,0.722,,,,,,,,False
35.906,TRACK_OPENING,-41.0,2,61,39,40,0,25.0,-13.22,37.45,0.722,,,,,,,,False
35.937,TRACK_OPENING,-41.0,2,60,39,40,0,25.0,-13.22,37.45,0.722,,,,,,,,False
36.000,TRACK_OPENING,-41.0,2,60,39,40,0,25.0,-13.29,37.53,0.735,,,,,,,,False
36.016,TRACK_OPENING,-41.0,3,61,39,40,0,25.0,-13.29,37.53,0.735,,,,,,,,False
36.078,TRACK_OPENING,-41.0,2,61,39,40,0,25.0,-13.22,37.66,0.729,,,,,,,,False
36.109,TRACK_OPENING,-41.0,2,61,39,40,0,25.0,-13.22,37.66,0.729,,,,,,,,False
36.125,TRACK_OPENING,-41.0,3,61,39,40,0,25.0,-13.22,37.66,0.729,,,,,,,,False
36.187,TRACK_OPENING,-41.0,3,60,39,40,0,25.0,-13.13,37.69,0.727,,,,,,,,False
36.219,TRACK_OPENING,-41.0,2,60,39,40,0,25.0,-13.13,37.69,0.727,,,,,,,,False
36.234,TRACK_OPENING,-41.0,3,61,39,40,0,25.0,-13.13,37.69,0.727,,,,,,,,False
36.297,TRACK_OPENING,-41.0,2,60,39,40,0,25.0,-12.98,37.56,0.729,,,,,,,,False
36.312,TRACK_OPENING,-41.0,2,60,39,40,0,25.0,-12.98,37.56,0.729,,,,,,,,False
36.328,TRACK_OPENING,-41.0,2,60,39,40,0,25.0,-12.98,37.56,0.729,,,,,,,,False
36.391,TRACK_OPENING,-41.0,1,61,39,40,0,25.0,-13.04,37.65,0.733,,,,,,,,False
36.422,TRACK_OPENING,-41.0,2,60,39,40,0,25.0,-13.04,37.65,0.733,,,,,,,,False
36.484,TRACK_OPENING,-41.0,2,60,39,40,0,25.0,-13.05,37.15,0.726,,,,,,,,False
36.500,TRACK_OPENING,-41.0,1,59,39,40,0,25.0,-13.05,37.15,0.726,,,,,,,,False
36.516,TRACK_OPENING,-40.0,1,59,38,40,0,25.0,-13.05,37.15,0.726,,,,,,,,False
36.594,TRACK_OPENING,-40.0,1,59,39,40,0,25.0,-13.52,36.65,0.735,,,,,,,,False
36.609,TRACK_OPENING,-40.0,1,59,38,40,0,25.0,-13.52,36.65,0.735,,,,,,,,False
36.672,TRACK_OPENING,-39.0,1,59,38,40,0,25.0,-14.54,36.00,0.734,,,,,,,,False
36.703,TRACK_OPENING,-39.0,1,77,38,40,0,25.0,-14.54,36.00,0.734,,,,,,,,False
36.719,TRACK_OPENING,-38.0,1,87,38,40,0,25.0,-14.54,36.00,0.734,,,,,,,,False
36.797,TRACK_OPENING,-38.0,1,90,38,40,0,25.0,-16.31,35.43,0.737,,,,,,,,False
36.812,TRACK_OPENING,-38.0,2,93,38,40,0,25.0,-16.31,35.43,0.737,,,,,,,,False
36.828,TRACK_OPENING,-38.0,2,92,38,40,0,25.0,-16.31,35.43,0.737,,,,,,,,False
36.891,TRACK_OPENING,-38.0,3,92,38,40,0,25.0,-18.32,35.40,0.733,,,,,,,,False
36.922,TRACK_OPENING,-38.0,3,93,38,40,0,25.0,-18.32,35.40,0.733,,,,,,,,False
36.984,TRACK_OPENING,-37.0,3,93,38,40,0,25.0,-19.58,33.83,0.729,,,,,,,,False
37.000,TRACK_OPENING,-38.0,4,90,39,40,0,25.0,-19.58,33.83,0.729,,,,,,,,False
37.016,TRACK_OPENING,-38.0,2,90,39,40,0,25.0,-19.58,33.83,0.729,,,,,,,,False
37.094,TRACK_OPENING,-38.0,3,90,39,40,0,25.0,-19.89,32.63,0.731,,,,,,,,False
37.109,TRACK_OPENING,-38.0,2,90,39,40,0,25.0,-19.89,32.63,0.731,,,,,,,,False
37.125,TRACK_OPENING,-38.0,2,87,40,40,0,25.0,-19.89,32.63,0.731,,,,,,,,False
37.187,TRACK_OPENING,-39.0,3,58,40,40,0,25.0,-19.69,32.64,0.721,,,,,,,,False
37.219,TRACK_OPENING,-41.0,3,59,42,40,0,25.0,-19.69,32.64,0.721,,,,,,,,False
37.281,TRACK_OPENING,-43.0,5,61,44,40,0,25.0,-16.47,33.93,0.715,,,,,,,,False
37.297,TRACK_OPENING,-49.0,6,72,50,40,0,25.0,-16.47,33.93,0.715,,,,,,,,False
37.312,TRACK_OPENING,-49.0,5,73,50,40,0,25.0,-16.47,33.93,0.715,,,,,,,,False
37.406,TRACK_OPENING,-49.0,4,73,47,40,0,25.0,-6.55,28.75,0.701,,,,,,,,False
37.469,TRACK_OPENING,-50.0,4,72,46,40,0,25.0,0.67,29.96,0.736,,,,,,,,False
37.500,TRACK_OPENING,-52.0,4,70,46,40,0,25.0,0.67,29.96,0.736,,,,,,,,False
37.516,TRACK_OPENING,-53.0,3,69,43,40,0,25.0,0.67,29.96,0.736,,,,,,,,False
37.578,TRACK_OPENING,-53.0,3,68,40,40,0,25.0,7.31,32.85,0.731,,,,,,,,False
37.609,TRACK_OPENING,-54.0,4,67,41,40,0,25.0,7.31,32.85,0.731,,,,,,,,False
37.625,TRACK_OPENING,-55.0,4,67,43,40,0,25.0,7.31,32.85,0.731,,,,,,,,False
37.687,TRACK_OPENING,-55.0,3,67,45,40,0,25.0,13.04,33.80,0.734,,,,,,,,False
37.703,TRACK_OPENING,-55.0,3,67,51,40,0,25.0,13.04,33.80,0.734,,,,,,,,False
37.766,TRACK_OPENING,-55.0,4,66,59,40,0,25.0,16.65,35.11,0.731,,,,,,,,False
37.797,TRACK_OPENING,-55.0,4,67,60,40,0,25.0,16.65,35.11,0.731,,,,,,,,False
37.812,TRACK_OPENING,-55.0,3,67,59,40,0,25.0,16.65,35.11,0.731,,,,,,,,False
37.875,TRACK_OPENING,-54.0,3,67,58,40,0,25.0,17.68,32.27,0.724,,,,,,,,False
37.891,TRACK_OPENING,-53.0,6,68,56,40,0,25.0,17.68,32.27,0.724,,,,,,,,False
37.922,TRACK_OPENING,-52.0,4,69,57,40,0,25.0,17.68,32.27,0.724,,,,,,,,False
38.000,TRACK_OPENING,-52.0,5,68,56,40,0,25.0,15.76,30.59,0.759,,,,,,,,False
38.016,TRACK_OPENING,-51.0,4,69,55,40,0,25.0,15.76,30.59,0.759,,,,,,,,False
38.078,TRACK_OPENING,-51.0,4,70,54,40,0,25.0,13.04,31.52,0.713,,,,,,,,False
38.094,TRACK_OPENING,-49.0,3,72,52,40,0,25.0,13.04,31.52,0.713,,,,,,,,False
38.109,TRACK_OPENING,-48.0,3,71,51,40,0,25.0,13.04,31.52,0.713,,,,,,,,False
38.187,TRACK_OPENING,-47.0,3,70,50,40,0,25.0,8.45,31.77,0.728,,,,,,,,False
38.203,TRACK_OPENING,-48.0,3,71,51,40,0,25.0,8.45,31.77,0.728,,,,,,,,False
38.266,TRACK_OPENING,-48.0,4,71,51,40,0,25.0,4.21,33.55,0.720,,,,,,,,False
38.297,TRACK_OPENING,-48.0,5,71,51,40,0,25.0,4.21,33.55,0.720,,,,,,,,False
38.312,TRACK_OPENING,-48.0,4,71,51,40,0,25.0,4.21,33.55,0.720,,,,,,,,False
38.391,TRACK_OPENING,-48.0,4,71,51,40,0,25.0,1.84,32.90,0.721,,,,,,,,False
38.406,TRACK_OPENING,-47.0,3,70,50,40,0,25.0,1.84,32.90,0.721,,,,,,,,False
38.422,TRACK_OPENING,-47.0,3,68,49,40,0,25.0,1.84,32.90,0.721,,,,,,,,False
38.500,TRACK_OPENING,-46.0,2,66,48,40,0,25.0,0.27,30.83,0.717,,,,,,,,False
38.516,TRACK_OPENING,-42.0,2,61,45,40,0,25.0,0.27,30.83,0.717,,,,,,,,False
38.578,TRACK_OPENING,-42.0,3,60,44,40,0,25.0,-3.27,32.43,0.734,,,,,,,,False
38.609,TRACK_OPENING,-39.0,3,58,42,40,0,25.0,-3.27,32.43,0.734,,,,,,,,False
38.672,TRACK_OPENING,-38.0,3,58,41,40,0,25.0,-8.98,37.22,0.758,,,,,,,,False
38.687,TRACK_OPENING,-33.0,3,105,37,40,0,25.0,-8.98,37.22,0.758,,,,,,,,False
38.719,TRACK_OPENING,-31.0,4,110,36,40,0,25.0,-8.98,37.22,0.758,,,,,,,,False
38.812,TRACK_OPENING,-30.0,3,117,34,40,0,25.0,-16.31,38.93,0.743,,,,,,,,False
38.906,TRACK_OPENING,-26.0,4,117,32,40,0,25.0,-24.46,41.89,0.728,,,,,,,,False
38.922,TRACK_OPENING,-24.0,3,38,29,40,0,25.0,-24.46,41.89,0.728,,,,,,,,False
39.016,TRACK_OPENING,-24.0,3,31,29,40,0,25.0,-32.35,57.88,0.713,,,,,,,,False
39.125,TRACK_OPENING,-23.0,4,22,27,40,0,24.0,-38.03,88.69,0.699,,,,,,,,False
39.203,TRACK_OPENING,-22.0,5,27,26,40,0,23.0,-42.23,114.44,0.685,,,,,,,,False
39.234,TRACK_OPENING,-22.0,5,30,26,40,0,23.0,-42.23,114.44,0.685,,,,,,,,False
39.312,TRACK_OPENING,-24.0,5,31,26,40,0,25.0,-42.97,116.26,0.671,,,,,,,,False
39.391,TRACK_OPENING,-25.0,4,27,25,40,0,25.0,-36.21,116.33,0.658,,,,,,,,False
39.422,TRACK_OPENING,-26.0,6,23,25,40,0,25.0,-36.21,116.33,0.658,,,,,,,,False
39.500,TRACK_OPENING,-27.0,6,22,26,40,0,25.0,-32.11,136.18,0.645,,,,,,,,False
39.531,TRACK_OPENING,-27.0,8,14,22,40,0,25.0,-32.11,136.18,0.645,,,,,,,,False
39.609,TRACK_OPENING,-27.0,6,12,20,40,0,25.0,-28.51,168.84,0.632,,,,,,,,False
39.703,TRACK_OPENING,-28.0,5,13,26,40,0,25.0,-33.94,314.68,0.619,,,,,,,,False
39.797,TRACK_OPENING,-26.0,5,14,25,40,0,25.0,-33.27,395.05,0.607,,,,,,,,False
39.828,TRACK_OPENING,-22.0,5,20,24,40,0,23.0,-33.27,395.05,0.607,,,,,,,,False
39.906,TRACK_OPENING,-21.0,6,17,24,40,0,22.0,-34.56,353.36,0.600,,,,,,,,False
40.000,TRACK_OPENING,-18.0,6,27,24,40,0,19.0,-36.67,269.72,0.600,,,,,,,,False
40.031,TRACK_OPENING,-16.0,5,39,25,40,0,17.0,-36.67,269.72,0.600,,,,,,,,False
40.109,TRACK_OPENING,-16.0,7,45,25,40,0,17.0,-39.33,188.08,0.600,,,,,,,,False
40.219,TRACK_OPENING,-19.0,5,137,26,40,0,20.0,-36.85,116.71,0.600,,,,,,,,False
40.281,TRACK_OPENING,-20.0,5,128,27,40,0,21.0,-40.49,49.94,0.828,,,,,,,,False
40.297,TRACK_OPENING,-20.0,4,130,27,40,0,21.0,-40.49,49.94,0.828,,,,,,,,False
40.328,TRACK_OPENING,-20.0,5,132,27,40,0,21.0,-40.49,49.94,0.828,,,,,,,,False
40.391,TRACK_OPENING,-20.0,3,169,27,40,0,21.0,-42.10,13.82,0.811,,,,,,,,False
40.406,TRACK_OPENING,-20.0,4,177,27,40,0,21.0,-42.10,13.82,0.811,,,,,,,,False
40.484,TRACK_OPENING,-20.0,4,177,27,40,0,21.0,-43.69,2.23,0.806,,,,,,,,False
40.500,TRACK_OPENING,-20.0,3,179,27,40,0,21.0,-43.69,2.23,0.806,,,,,,,,False
40.531,TRACK_OPENING,-20.0,4,181,27,40,0,21.0,-43.69,2.23,0.806,,,,,,,,False
40.594,TRACK_OPENING,-20.0,3,181,27,40,0,21.0,-45.68,3.67,0.784,,,,,,,,False
40.625,TRACK_OPENING,-19.0,3,183,16,40,0,20.0,-45.68,3.67,0.784,,,,,,,,False
40.687,TRACK_OPENING,-19.0,4,186,16,40,0,20.0,-46.94,10.40,0.798,,,,,,,,False
40.703,TRACK_OPENING,-19.0,3,187,17,40,0,20.0,-46.94,10.40,0.798,,,,,,,,False
40.719,TRACK_OPENING,-19.0,3,190,16,40,0,20.0,-46.94,10.40,0.798,,,,,,,,False
40.797,TRACK_OPENING,-18.0,3,190,20,40,0,19.0,-48.11,16.83,0.792,,,,,,,,False
40.812,TRACK_OPENING,-18.0,4,196,26,40,0,19.0,-48.11,16.83,0.792,,,,,,,,False
40.875,TRACK_OPENING,-18.0,4,199,26,40,0,19.0,-49.44,22.97,0.800,,,,,,,,False
40.906,TRACK_OPENING,-18.0,4,200,26,40,0,19.0,-49.44,22.97,0.800,,,,,,,,False
40.922,TRACK_OPENING,-18.0,3,200,27,40,0,19.0,-49.44,22.97,0.800,,,,,,,,False
40.984,TRACK_OPENING,-18.0,4,201,27,40,0,19.0,-50.67,27.31,0.793,,,,,,,,False
41.016,TRACK_OPENING,-17.0,5,203,27,40,0,18.0,-50.67,27.31,0.793,,,,,,,,False
41.078,TRACK_OPENING,-17.0,5,202,27,40,0,18.0,-51.33,30.13,0.791,,,,,,,,False
41.094,TRACK_OPENING,-17.0,6,204,27,40,0,18.0,-51.33,30.13,0.791,,,,,,,,False
41.125,TRACK_OPENING,-17.0,5,205,27,40,0,18.0,-51.33,30.13,0.791,,,,,,,,False
41.187,TRACK_OPENING,-17.0,3,207,27,40,0,18.0,-51.75,30.90,0.796,,,,,,,,False
41.203,TRACK_OPENING,-17.0,5,207,27,40,0,18.0,-51.75,30.90,0.796,,,,,,,,False
41.281,TRACK_OPENING,-17.0,4,208,27,40,0,18.0,-52.53,31.59,0.803,,,,,,,,False
41.297,TRACK_OPENING,-16.0,3,207,27,40,0,17.0,-52.53,31.59,0.803,,,,,,,,False
41.328,TRACK_OPENING,-16.0,3,207,27,40,0,17.0,-52.53,31.59,0.803,,,,,,,,False
41.375,TRACK_OPENING,-16.0,5,207,27,40,0,17.0,-52.95,31.10,0.799,,,,,,,,False
41.406,TRACK_OPENING,-16.0,3,207,27,40,0,17.0,-52.95,31.10,0.799,,,,,,,,False
41.422,TRACK_OPENING,-16.0,3,207,27,40,0,17.0,-52.95,31.10,0.799,,,,,,,,False
41.484,TRACK_OPENING,-16.0,5,207,27,40,0,17.0,-53.24,30.48,0.795,,,,,,,,False
41.500,TRACK_OPENING,-16.0,4,206,27,40,0,17.0,-53.24,30.48,0.795,,,,,,,,False
41.578,TRACK_OPENING,-16.0,3,206,27,40,0,17.0,-53.81,29.70,0.791,,,,,,,,False
41.594,TRACK_OPENING,-15.0,4,206,27,40,0,16.0,-53.81,29.70,0.791,,,,,,,,False
41.609,TRACK_OPENING,-15.0,4,206,27,40,0,16.0,-53.81,29.70,0.791,,,,,,,,False
41.625,TRACK_OPENING,-15.0,4,205,27,40,0,16.0,-53.81,29.70,0.791,,,,,,,,False
41.703,TRACK_OPENING,-15.0,3,205,27,40,0,16.0,-54.80,28.99,0.791,,,,,,,,False
41.719,TRACK_OPENING,-15.0,3,204,27,40,0,16.0,-54.80,28.99,0.791,,,,,,,,False
41.781,TRACK_OPENING,-15.0,2,204,27,40,0,16.0,-55.97,28.23,0.798,,,,,,,,False
41.812,TRACK_OPENING,-14.0,5,203,27,40,0,15.0,-55.97,28.23,0.798,,,,,,,,False
41.875,TRACK_OPENING,-14.0,2,202,27,40,0,15.0,-56.95,27.00,0.785,,,,,,,,False
41.891,TRACK_OPENING,-14.0,3,203,27,40,0,15.0,-56.95,27.00,0.785,,,,,,,,False
41.922,TRACK_OPENING,-14.0,3,202,27,40,0,15.0,-56.95,27.00,0.785,,,,,,,,False
41.969,TRACK_OPENING,-14.0,3,203,27,40,0,15.0,-57.85,26.33,0.784,,,,,,,,False
42.000,TRACK_OPENING,-14.0,4,201,27,40,0,15.0,-57.85,26.33,0.784,,,,,,,,False
42.016,TRACK_OPENING,-14.0,4,203,27,40,0,15.0,-57.85,26.33,0.784,,,,,,,,False
42.094,TRACK_OPENING,-14.0,2,202,27,40,0,15.0,-58.66,25.81,0.788,,,,,,,,False
42.109,TRACK_OPENING,-14.0,3,201,27,40,0,15.0,-58.66,25.81,0.788,,,,,,,,False
42.172,TRACK_OPENING,-14.0,4,201,27,40,0,15.0,-59.22,25.46,0.790,,,,,,,,False
42.187,TRACK_OPENING,-14.0,3,196,27,40,0,15.0,-59.22,25.46,0.790,,,,,,,,False
42.219,TRACK_OPENING,-14.0,3,200,27,40,0,15.0,-59.22,25.46,0.790,,,,,,,,False
42.281,TRACK_OPENING,-14.0,2,201,27,40,0,15.0,-59.44,25.15,0.795,,,,,,,,False
42.297,TRACK_OPENING,-14.0,4,201,27,40,0,15.0,-59.44,25.15,0.795,,,,,,,,False
42.312,TRACK_OPENING,-14.0,3,204,27,40,0,15.0,-59.44,25.15,0.795,,,,,,,,False
42.391,TRACK_OPENING,-14.0,4,205,27,40,0,15.0,-59.50,25.09,0.792,,,,,,,,False
42.406,TRACK_OPENING,-14.0,4,200,27,40,0,15.0,-59.50,25.09,0.792,,,,,,,,False
42.469,TRACK_OPENING,-14.0,2,203,27,40,0,15.0,-59.47,25.18,0.793,,,,,,,,False
42.500,TRACK_OPENING,-14.0,4,205,27,40,0,15.0,-59.47,25.18,0.793,,,,,,,,False
42.516,TRACK_OPENING,-14.0,3,199,27,40,0,15.0,-59.47,25.18,0.793,,,,,,,,False
42.578,TRACK_OPENING,-14.0,4,204,27,40,0,15.0,-59.23,24.89,0.789,,,,,,,,False
42.594,TRACK_OPENING,-13.0,3,197,27,40,0,14.0,-59.23,24.89,0.789,,,,,,,,False
42.609,TRACK_OPENING,-13.0,3,194,27,40,0,14.0,-59.23,24.89,0.789,,,,,,,,False
42.672,TRACK_OPENING,-13.0,3,196,27,40,0,14.0,-59.15,24.28,0.789,,,,,,,,False
42.687,TRACK_OPENING,-13.0,2,198,27,40,0,14.0,-59.15,24.28,0.789,,,,,,,,False
42.703,TRACK_OPENING,-13.0,3,188,27,40,0,14.0,-59.15,24.28,0.789,,,,,,,,False
42.781,TRACK_OPENING,-13.0,3,193,27,40,0,14.0,-59.24,23.53,0.800,,,,,,,,False
42.797,TRACK_OPENING,-13.0,2,199,27,40,0,14.0,-59.24,23.53,0.800,,,,,,,,False
42.812,TRACK_OPENING,-13.0,2,196,27,40,0,14.0,-59.24,23.53,0.800,,,,,,,,False
42.875,TRACK_OPENING,-13.0,3,190,27,40,0,14.0,-59.36,22.73,0.797,,,,,,,,False
42.891,TRACK_OPENING,-13.0,3,199,27,40,0,14.0,-59.36,22.73,0.797,,,,,,,,False
42.922,TRACK_OPENING,-13.0,4,193,27,40,0,14.0,-59.36,22.73,0.797,,,,,,,,False
42.984,TRACK_OPENING,-13.0,2,194,27,40,0,14.0,-59.60,22.15,0.792,,,,,,,,False
43.000,TRACK_OPENING,-13.0,3,194,27,40,0,14.0,-59.60,22.15,0.792,,,,,,,,False
43.016,TRACK_OPENING,-13.0,2,196,27,40,0,14.0,-59.60,22.15,0.792,,,,,,,,False
43.094,TRACK_OPENING,-13.0,2,190,27,40,0,14.0,-59.55,21.78,0.791,,,,,,,,False
43.109,TRACK_OPENING,-13.0,3,198,27,40,0,14.0,-59.55,21.78,0.791,,,,,,,,False
43.187,TRACK_OPENING,-13.0,1,194,27,40,0,14.0,-59.52,21.47,0.786,,,,,,,,False
43.203,TRACK_OPENING,-13.0,3,192,27,40,0,14.0,-59.52,21.47,0.786,,,,,,,,False
43.234,TRACK_OPENING,-13.0,2,191,27,40,0,14.0,-59.52,21.47,0.786,,,,,,,,False
43.297,TRACK_OPENING,-13.0,3,194,27,40,0,14.0,-59.68,21.30,0.790,,,,,,,,False
43.312,TRACK_OPENING,-13.0,2,193,27,40,0,14.0,-59.68,21.30,0.790,,,,,,,,False
43.375,TRACK_OPENING,-13.0,2,192,27,40,0,14.0,-59.76,21.21,0.793,,,,,,,,False
43.391,TRACK_OPENING,-14.0,2,202,27,40,0,15.0,-59.76,21.21,0.793,,,,,,,,False
43.422,TRACK_OPENING,-15.0,2,203,27,40,0,16.0,-59.76,21.21,0.793,,,,,,,,False
43.484,TRACK_OPENING,-15.0,3,204,28,40,0,16.0,-58.44,22.15,0.794,,,,,,,,False
43.500,TRACK_OPENING,-18.0,5,160,28,40,0,19.0,-58.44,22.15,0.794,,,,,,,,False
43.578,TRACK_OPENING,-19.0,4,167,29,40,0,20.0,-53.82,22.42,0.778,,,,,,,,False
43.594,TRACK_OPENING,-21.0,4,160,30,40,0,22.0,-53.82,22.42,0.778,,,,,,,,False
43.609,TRACK_OPENING,-21.0,4,153,30,40,0,22.0,-53.82,22.42,0.778,,,,,,,,False
43.672,TRACK_OPENING,-22.0,2,108,30,40,0,23.0,-48.32,26.06,0.774,,,,,,,,False
43.687,TRACK_OPENING,-23.0,3,103,30,40,0,24.0,-48.32,26.06,0.774,,,,,,,,False
43.719,TRACK_OPENING,-24.0,3,104,31,40,0,25.0,-48.32,26.06,0.774,,,,,,,,False
43.781,TRACK_OPENING,-25.0,3,105,31,40,0,25.0,-42.12,28.07,0.762,,,,,,,,False
43.797,TRACK_OPENING,-26.0,3,107,32,40,0,25.0,-42.12,28.07,0.762,,,,,,,,False
43.812,TRACK_OPENING,-27.0,4,108,32,40,0,25.0,-42.12,28.07,0.762,,,,,,,,False
43.875,TRACK_OPENING,-28.0,4,109,33,40,0,25.0,-35.78,30.26,0.754,,,,,,,,False
43.906,TRACK_OPENING,-29.0,4,111,34,40,0,25.0,-35.78,30.26,0.754,,,,,,,,False
43.969,TRACK_OPENING,-30.0,4,112,33,40,0,25.0,-29.80,32.61,0.758,,,,,,,,False
43.984,TRACK_OPENING,-31.0,4,113,34,40,0,25.0,-29.80,32.61,0.758,,,,,,,,False
44.000,TRACK_OPENING,-31.0,5,113,34,40,0,25.0,-29.80,32.61,0.758,,,,,,,,False
44.031,TRACK_OPENING,-31.0,4,113,34,40,0,25.0,-29.80,32.61,0.758,,,,,,,,False
44.109,TRACK_OPENING,-32.0,5,112,34,40,0,25.0,-25.25,34.15,0.738,,,,,,,,False
44.125,TRACK_OPENING,-32.0,4,109,35,40,0,25.0,-25.25,34.15,0.738,,,,,,,,False
44.187,TRACK_OPENING,-33.0,4,108,35,40,0,25.0,-22.14,35.47,0.742,,,,,,,,False
44.203,TRACK_OPENING,-35.0,4,100,36,40,0,25.0,-22.14,35.47,0.742,,,,,,,,False
44.266,TRACK_OPENING,-36.0,4,79,37,40,0,25.0,-19.08,37.41,0.745,,,,,,,,False
44.297,TRACK_OPENING,-37.0,4,61,38,40,0,25.0,-19.08,37.41,0.745,,,,,,,,False
44.312,TRACK_OPENING,-37.0,3,61,38,40,0,25.0,-19.08,37.41,0.745,,,,,,,,False
44.391,TRACK_OPENING,-36.0,3,75,37,40,0,25.0,-14.43,36.74,0.740,,,,,,,,False
44.406,TRACK_OPENING,-34.0,3,106,35,40,0,25.0,-14.43,36.74,0.740,,,,,,,,False
44.484,TRACK_OPENING,-32.0,3,112,35,40,0,25.0,-14.52,36.41,0.768,,,,,,,,False
44.500,TRACK_OPENING,-27.0,3,105,32,40,0,25.0,-14.52,36.41,0.768,,,,,,,,False
44.516,TRACK_OPENING,-24.0,2,113,31,40,0,25.0,-14.52,36.41,0.768,,,,,,,,False
44.594,TRACK_OPENING,-20.0,3,158,29,40,0,21.0,-22.23,32.90,0.746,,,,,,,,False
44.625,TRACK_OPENING,-10.0,3,158,26,40,0,11.0,-22.23,32.90,0.746,,,,,,,,False
44.687,TRACK_OPENING,-6.0,3,118,25,40,0,7.0,-39.93,22.63,0.782,,,,,,,,False
44.703,TRACK_OPENING,-2.0,2,190,24,40,0,3.0,-39.93,22.63,0.782,,,,,,,,False
44.766,TRACK_OPENING,-2.0,2,192,23,40,0,3.0,-61.39,10.88,0.894,,,,,,,,False
44.781,TRACK_OPENING,-1.0,3,191,22,40,0,2.0,-61.39,10.88,0.894,,,,,,,,False
44.812,TRACK_OPENING,-1.0,2,184,19,40,0,2.0,-61.39,10.88,0.894,,,,,,,,False
44.828,TRACK_OPENING,-1.0,4,188,17,40,0,2.0,-61.39,10.88,0.894,,,,,,,,False
44.906,TRACK_OPENING,-1.0,3,192,18,40,0,2.0,-74.92,4.77,0.850,,,,,,,,False
44.922,TRACK_OPENING,-1.0,3,192,23,40,0,2.0,-74.92,4.77,0.850,,,,,,,,False
45.000,TRACK_OPENING,-2.0,3,193,24,40,0,3.0,-81.59,1.21,0.845,,,,,,,,False
45.016,TRACK_OPENING,-3.0,3,191,24,40,0,4.0,-81.59,1.21,0.845,,,,,,,,False
45.078,TRACK_OPENING,-5.0,4,116,25,40,0,6.0,-83.43,0.36,0.840,,,,,,,,False
45.109,TRACK_OPENING,-9.0,5,196,26,40,0,10.0,-83.43,0.36,0.840,,,,,,,,False
45.187,TRACK_OPENING,-11.0,4,197,26,40,0,12.0,-78.44,5.45,0.823,,,,,,,,False
45.219,TRACK_OPENING,-23.0,2,104,31,40,0,24.0,-78.44,5.45,0.823,,,,,,,,False
45.297,TRACK_OPENING,-27.0,3,109,32,40,0,25.0,-63.51,12.29,0.806,,,,,,,,False
45.328,TRACK_OPENING,-33.0,3,104,35,40,0,25.0,-63.51,12.29,0.806,,,,,,,,False
45.406,TRACK_OPENING,-34.0,3,103,35,40,0,25.0,-42.71,18.21,0.790,,,,,,,,False
45.469,TRACK_OPENING,-32.0,2,111,35,40,0,25.0,-27.85,29.62,0.744,,,,,,,,False
45.500,TRACK_OPENING,-30.0,2,110,34,40,0,25.0,-27.85,29.62,0.744,,,,,,,,False
45.516,TRACK_OPENING,-29.0,3,108,33,40,0,25.0,-27.85,29.62,0.744,,,,,,,,False
45.578,TRACK_OPENING,-27.0,3,105,32,40,0,25.0,-22.64,35.18,0.770,,,,,,,,False
45.594,TRACK_OPENING,-23.0,3,104,30,40,0,24.0,-22.64,35.18,0.770,,,,,,,,False
45.656,TRACK_OPENING,-22.0,4,160,29,40,0,23.0,-27.31,35.74,0.788,,,,,,,,False
45.687,TRACK_OPENING,-18.0,3,196,28,40,0,19.0,-27.31,35.74,0.788,,,,,,,,False
45.703,TRACK_OPENING,-16.0,3,204,28,40,0,17.0,-27.31,35.74,0.788,,,,,,,,False
45.719,TRACK_OPENING,-15.0,3,203,27,40,0,16.0,-27.31,35.74,0.788,,,,,,,,False
45.797,TRACK_OPENING,-15.0,2,203,27,40,0,16.0,-38.10,31.19,0.798,,,,,,,,False
45.812,TRACK_OPENING,-14.0,4,202,27,40,0,15.0,-38.10,31.19,0.798,,,,,,,,False
45.875,TRACK_OPENING,-15.0,3,202,27,40,0,16.0,-47.78,27.01,0.789,,,,,,,,False
45.906,TRACK_OPENING,-15.0,3,203,28,40,0,16.0,-47.78,27.01,0.789,,,,,,,,False
45.969,TRACK_OPENING,-15.0,4,203,27,40,0,16.0,-53.64,24.11,0.783,,,,,,,,False
45.984,TRACK_OPENING,-18.0,4,180,29,40,0,19.0,-53.64,24.11,0.783,,,,,,,,False
46.016,TRACK_OPENING,-19.0,4,166,29,40,0,20.0,-53.64,24.11,0.783,,,,,,,,False
46.078,TRACK_OPENING,-21.0,3,152,29,40,0,22.0,-54.15,25.90,0.776,,,,,,,,False
46.109,TRACK_OPENING,-24.0,3,103,30,40,0,25.0,-54.15,25.90,0.776,,,,,,,,False
46.125,TRACK_OPENING,-26.0,3,105,31,40,0,25.0,-54.15,25.90,0.776,,,,,,,,False
46.219,TRACK_OPENING,-27.0,2,107,32,40,0,25.0,-47.15,24.96,0.761,,,,,,,,False
46.297,TRACK_OPENING,-30.0,3,111,34,40,0,25.0,-37.80,26.83,0.745,,,,,,,,False
46.375,TRACK_OPENING,-30.0,2,110,33,40,0,25.0,-31.23,30.43,0.757,,,,,,,,False
46.391,TRACK_OPENING,-30.0,2,110,33,40,0,25.0,-31.23,30.43,0.757,,,,,,,,False
46.422,TRACK_OPENING,-30.0,2,109,33,40,0,25.0,-31.23,30.43,0.757,,,,,,,,False
46.484,TRACK_OPENING,-30.0,2,109,33,40,0,25.0,-28.00,32.74,0.747,,,,,,,,False
46.500,TRACK_OPENING,-29.0,3,108,33,40,0,25.0,-28.00,32.74,0.747,,,,,,,,False
46.531,TRACK_OPENING,-29.0,3,108,33,40,0,25.0,-28.00,32.74,0.747,,,,,,,,False
46.594,TRACK_OPENING,-29.0,3,108,33,40,0,25.0,-27.00,33.90,0.754,,,,,,,,False
46.609,TRACK_OPENING,-29.0,4,107,33,40,0,25.0,-27.00,33.90,0.754,,,,,,,,False
46.672,TRACK_OPENING,-29.0,4,107,33,40,0,25.0,-27.33,33.89,0.742,,,,,,,,False
46.703,TRACK_OPENING,-29.0,3,107,33,40,0,25.0,-27.33,33.89,0.742,,,,,,,,False
46.719,TRACK_OPENING,-28.0,5,107,33,40,0,25.0,-27.33,33.89,0.742,,,,,,,,False
46.781,TRACK_OPENING,-28.0,3,106,33,40,0,25.0,-28.35,33.70,0.748,,,,,,,,False
46.797,TRACK_OPENING,-28.0,4,106,33,40,0,25.0,-28.35,33.70,0.748,,,,,,,,False
46.859,TRACK_OPENING,-28.0,4,106,33,40,0,25.0,-29.57,33.06,0.762,,,,,,,,False
46.891,TRACK_OPENING,-28.0,4,105,33,40,0,25.0,-29.57,33.06,0.762,,,,,,,,False
46.906,TRACK_OPENING,-28.0,5,105,33,40,0,25.0,-29.57,33.06,0.762,,,,,,,,False
46.984,TRACK_OPENING,-28.0,4,105,33,40,0,25.0,-30.91,32.67,0.757,,,,,,,,False
47.000,TRACK_OPENING,-28.0,3,105,33,40,0,25.0,-30.91,32.67,0.757,,,,,,,,False
47.016,TRACK_OPENING,-27.0,6,105,33,40,0,25.0,-30.91,32.67,0.757,,,,,,,,False
47.078,TRACK_OPENING,-27.0,4,104,33,40,0,25.0,-31.97,31.76,0.744,,,,,,,,False
47.094,TRACK_OPENING,-27.0,5,104,33,40,0,25.0,-31.97,31.76,0.744,,,,,,,,False
47.156,TRACK_OPENING,-27.0,5,103,33,40,0,25.0,-33.28,30.78,0.747,,,,,,,,False
47.187,TRACK_OPENING,-26.0,4,102,33,40,0,25.0,-33.28,30.78,0.747,,,,,,,,False
47.203,TRACK_OPENING,-26.0,5,102,32,40,0,25.0,-33.28,30.78,0.747,,,,,,,,False
47.266,TRACK_OPENING,-26.0,3,101,33,40,0,25.0,-34.97,29.54,0.747,,,,,,,,False
47.281,TRACK_OPENING,-25.0,3,100,33,40,0,25.0,-34.97,29.54,0.747,,,,,,,,False
47.297,TRACK_OPENING,-25.0,4,99,32,40,0,25.0,-34.97,29.54,0.747,,,,,,,,False
47.312,TRACK_OPENING,-24.0,4,99,32,40,0,25.0,-34.97,29.54,0.747,,,,,,,,False
47.375,TRACK_OPENING,-24.0,3,98,32,40,0,25.0,-37.29,28.28,0.757,,,,,,,,False
47.406,TRACK_OPENING,-24.0,3,97,32,40,0,25.0,-37.29,28.28,0.757,,,,,,,,False
47.422,TRACK_OPENING,-23.0,4,97,32,40,0,24.0,-37.29,28.28,0.757,,,,,,,,False
47.484,TRACK_OPENING,-23.0,4,99,32,40,0,24.0,-39.78,26.59,0.753,,,,,,,,False
47.500,TRACK_OPENING,-22.0,3,114,32,40,0,23.0,-39.78,26.59,0.753,,,,,,,,False
47.562,TRACK_OPENING,-22.0,3,123,32,40,0,23.0,-42.07,24.64,0.754,,,,,,,,False
47.578,TRACK_OPENING,-22.0,4,133,32,40,0,23.0,-42.07,24.64,0.754,,,,,,,,False
47.594,TRACK_OPENING,-22.0,4,148,32,40,0,23.0,-42.07,24.64,0.754,,,,,,,,False
47.672,TRACK_OPENING,-22.0,4,149,32,40,0,23.0,-44.03,23.16,0.756,,,,,,,,False
47.687,TRACK_OPENING,-22.0,4,113,32,40,0,23.0,-44.03,23.16,0.756,,,,,,,,False
47.703,TRACK_OPENING,-22.0,4,100,33,40,0,23.0,-44.03,23.16,0.756,,,,,,,,False
47.781,TRACK_OPENING,-23.0,4,96,33,40,0,24.0,-44.63,21.93,0.754,,,,,,,,False
47.797,TRACK_OPENING,-26.0,4,99,35,40,0,25.0,-44.63,21.93,0.754,,,,,,,,False
47.812,TRACK_OPENING,-27.0,4,101,35,40,0,25.0,-44.63,21.93,0.754,,,,,,,,False
47.875,TRACK_OPENING,-29.0,3,103,36,40,0,25.0,-41.78,21.85,0.732,,,,,,,,False
47.906,TRACK_OPENING,-32.0,4,105,38,40,0,25.0,-41.78,21.85,0.732,,,,,,,,False
47.984,TRACK_OPENING,-33.0,5,102,39,40,0,25.0,-33.37,19.83,0.718,,,,,,,,False
48.016,TRACK_OPENING,-34.0,5,98,40,40,0,25.0,-33.37,19.83,0.718,,,,,,,,False
48.078,TRACK_OPENING,-34.0,4,100,40,40,0,25.0,-26.56,21.51,0.719,,,,,,,,False
48.109,TRACK_OPENING,-33.0,3,100,40,40,0,25.0,-26.56,21.51,0.719,,,,,,,,False
48.125,TRACK_OPENING,-33.0,4,100,40,40,0,25.0,-26.56,21.51,0.719,,,,,,,,False
48.187,TRACK_OPENING,-33.0,4,101,40,40,0,25.0,-23.12,22.44,0.724,,,,,,,,False
48.203,TRACK_OPENING,-33.0,3,101,40,40,0,25.0,-23.12,22.44,0.724,,,,,,,,False
48.219,TRACK_OPENING,-33.0,4,101,39,40,0,25.0,-23.12,22.44,0.724,,,,,,,,False
48.281,TRACK_OPENING,-33.0,4,102,40,40,0,25.0,-21.96,23.27,0.715,,,,,,,,False
48.312,TRACK_OPENING,-32.0,3,103,39,40,0,25.0,-21.96,23.27,0.715,,,,,,,,False
48.375,TRACK_OPENING,-32.0,3,103,40,40,0,25.0,-22.08,23.20,0.723,,,,,,,,False
48.391,TRACK_OPENING,-32.0,2,104,39,40,0,25.0,-22.08,23.20,0.723,,,,,,,,False
48.406,TRACK_OPENING,-32.0,2,104,40,40,0,25.0,-22.08,23.20,0.723,,,,,,,,False
48.484,TRACK_OPENING,-32.0,2,104,39,40,0,25.0,-23.19,22.78,0.719,,,,,,,,False
48.500,TRACK_OPENING,-31.0,2,103,39,40,0,25.0,-23.19,22.78,0.719,,,,,,,,False
48.531,TRACK_OPENING,-31.0,2,103,39,40,0,25.0,-23.19,22.78,0.719,,,,,,,,False
48.594,TRACK_OPENING,-31.0,3,102,39,40,0,25.0,-24.66,21.78,0.721,,,,,,,,False
48.609,TRACK_OPENING,-31.0,3,102,39,40,0,25.0,-24.66,21.78,0.721,,,,,,,,False
48.672,TRACK_OPENING,-31.0,3,103,39,40,0,25.0,-26.32,21.62,0.717,,,,,,,,False
48.687,TRACK_OPENING,-31.0,3,103,40,40,0,25.0,-26.32,21.62,0.717,,,,,,,,False
48.719,TRACK_OPENING,-32.0,3,98,41,40,0,25.0,-26.32,21.62,0.717,,,,,,,,False
48.781,TRACK_OPENING,-34.0,4,93,42,40,0,25.0,-27.24,22.11,0.718,,,,,,,,False
48.797,TRACK_OPENING,-39.0,3,52,45,40,0,25.0,-27.24,22.11,0.718,,,,,,,,False
48.891,TRACK_OPENING,-41.0,3,56,47,40,0,25.0,-20.82,19.97,0.704,,,,,,,,False
48.906,TRACK_OPENING,-49.0,4,69,56,40,0,25.0,-20.82,19.97,0.704,,,,,,,,False
49.000,TRACK_OPENING,-51.0,3,66,61,40,0,25.0,-8.18,16.13,0.689,,,,,,,,False
49.078,TRACK_OPENING,-52.0,3,65,61,40,0,25.0,2.88,18.19,0.704,,,,,,,,False
49.094,TRACK_OPENING,-51.0,2,66,58,40,0,25.0,2.88,18.19,0.704,,,,,,,,False
49.109,TRACK_OPENING,-50.0,2,66,58,40,0,25.0,2.88,18.19,0.704,,,,,,,,False
49.187,TRACK_OPENING,-50.0,3,66,58,40,0,25.0,8.17,20.26,0.708,,,,,,,,False
49.203,TRACK_OPENING,-48.0,4,62,55,40,0,25.0,8.17,20.26,0.708,,,,,,,,False
49.266,TRACK_OPENING,-47.0,3,60,53,40,0,25.0,7.91,21.48,0.722,,,,,,,,False
49.281,TRACK_OPENING,-43.0,4,55,49,40,0,25.0,7.91,21.48,0.722,,,,,,,,False
49.297,TRACK_OPENING,-41.0,5,52,46,40,0,25.0,7.91,21.48,0.722,,,,,,,,False
49.328,TRACK_OPENING,-39.0,4,56,44,40,0,25.0,7.91,21.48,0.722,,,,,,,,False
49.391,TRACK_OPENING,-36.0,4,91,42,40,0,25.0,0.96,22.08,0.727,,,,,,,,False
49.422,TRACK_OPENING,-32.0,3,102,40,40,0,25.0,0.96,22.08,0.727,,,,,,,,False
49.484,TRACK_OPENING,-31.0,3,102,40,40,0,25.0,-11.29,20.14,0.745,,,,,,,,False
49.500,TRACK_OPENING,-31.0,2,102,40,40,0,25.0,-11.29,20.14,0.745,,,,,,,,False
49.562,TRACK_OPENING,-31.0,3,102,39,40,0,25.0,-21.55,19.65,0.731,,,,,,,,False
49.578,TRACK_OPENING,-30.0,2,102,39,40,0,25.0,-21.55,19.65,0.731,,,,,,,,False
49.609,TRACK_OPENING,-30.0,2,101,40,40,0,25.0,-21.55,19.65,0.731,,,,,,,,False
49.656,TRACK_OPENING,-30.0,3,101,39,40,0,25.0,-27.57,18.89,0.715,,,,,,,,False
49.687,TRACK_OPENING,-30.0,3,101,40,40,0,25.0,-27.57,18.89,0.715,,,,,,,,False
49.703,TRACK_OPENING,-30.0,2,101,40,40,0,25.0,-27.57,18.89,0.715,,,,,,,,False
49.719,TRACK_OPENING,-30.0,2,101,40,40,0,25.0,-27.57,18.89,0.715,,,,,,,,False
49.781,TRACK_OPENING,-30.0,3,101,40,40,0,25.0,-30.99,19.37,0.724,,,,,,,,False
49.797,TRACK_OPENING,-31.0,2,102,40,40,0,25.0,-30.99,19.37,0.724,,,,,,,,False
49.828,TRACK_OPENING,-32.0,3,102,41,40,0,25.0,-30.99,19.37,0.724,,,,,,,,False
49.891,TRACK_OPENING,-33.0,3,96,41,40,0,25.0,-31.67,19.75,0.723,,,,,,,,False
49.906,TRACK_OPENING,-35.0,3,91,43,40,0,25.0,-31.67,19.75,0.723,,,,,,,,False
49.969,TRACK_OPENING,-36.0,3,90,43,40,0,25.0,-28.09,20.34,0.713,,,,,,,,False
50.000,TRACK_OPENING,-36.0,4,89,44,40,0,25.0,-28.09,20.34,0.713,,,,,,,,False
50.078,TRACK_OPENING,-36.0,2,89,44,40,0,25.0,-23.74,20.50,0.720,,,,,,,,False
50.094,TRACK_OPENING,-35.0,3,91,43,40,0,25.0,-23.74,20.50,0.720,,,,,,,,False
50.156,TRACK_OPENING,-34.0,1,92,43,40,0,25.0,-22.06,20.51,0.709,,,,,,,,False
50.187,TRACK_OPENING,-34.0,2,94,43,40,0,25.0,-22.06,20.51,0.709,,,,,,,,False
50.203,TRACK_OPENING,-33.0,5,95,42,40,0,25.0,-22.06,20.51,0.709,,,,,,,,False
50.219,TRACK_OPENING,-33.0,5,95,43,40,0,25.0,-22.06,20.51,0.709,,,,,,,,False
50.281,TRACK_OPENING,-33.0,4,97,43,40,0,25.0,-22.24,19.83,0.716,,,,,,,,False
50.312,TRACK_OPENING,-32.0,4,99,43,40,0,25.0,-22.24,19.83,0.716,,,,,,,,False
50.375,TRACK_OPENING,-32.0,55,100,42,40,0,25.0,-23.61,18.30,0.706,,,,,,,,False
50.391,TRACK_OPENING,-31.0,34,99,42,40,0,25.0,-23.61,18.30,0.706,,,,,,,,False
50.469,TRACK_OPENING,-31.0,24,98,42,40,0,25.0,-25.37,16.26,0.708,,,,,,,,False
50.484,TRACK_OPENING,-30.0,12,97,42,40,0,25.0,-25.37,16.26,0.708,,,,,,,,False
50.500,TRACK_OPENING,-30.0,15,97,42,40,0,25.0,-25.37,16.26,0.708,,,,,,,,False
50.562,TRACK_OPENING,-30.0,14,96,42,40,0,25.0,-27.60,14.23,0.709,,,,,,,,False
50.594,TRACK_OPENING,-29.0,14,95,42,40,0,25.0,-27.60,14.23,0.709,,,,,,,,False
50.609,TRACK_OPENING,-29.0,14,94,42,40,0,25.0,-27.60,14.23,0.709,,,,,,,,False
50.672,TRACK_OPENING,-29.0,14,94,42,40,0,25.0,-29.83,12.34,0.718,,,,,,,,False
50.687,TRACK_OPENING,-28.0,14,93,41,40,0,25.0,-29.83,12.34,0.718,,,,,,,,False
50.703,TRACK_OPENING,-28.0,14,92,42,40,0,25.0,-29.83,12.34,0.718,,,,,,,,False
50.766,TRACK_OPENING,-28.0,14,92,41,40,0,25.0,-32.13,10.81,0.722,,,,,,,,False
50.797,TRACK_OPENING,-27.0,14,90,41,40,0,25.0,-32.13,10.81,0.722,,,,,,,,False
50.859,TRACK_OPENING,-26.0,14,89,40,40,0,25.0,-34.09,9.11,0.726,,,,,,,,False
50.891,TRACK_OPENING,-26.0,13,88,28,40,0,25.0,-34.09,9.11,0.726,,,,,,,,False
50.906,TRACK_OPENING,-26.0,14,88,14,40,0,25.0,-34.09,9.11,0.726,,,,,,,,False
50.969,TRACK_OPENING,-25.0,13,88,13,40,0,25.0,-36.04,7.48,0.718,,,,,,,,False
50.984,TRACK_OPENING,-25.0,14,87,11,40,0,25.0,-36.04,7.48,0.718,,,,,,,,False
51.000,TRACK_OPENING,-25.0,15,86,10,40,0,25.0,-36.04,7.48,0.718,,,,,,,,False
51.078,TRACK_OPENING,-24.0,15,86,10,40,0,25.0,-37.81,5.57,0.717,,,,,,,,False
51.094,TRACK_OPENING,-23.0,45,84,37,40,0,24.0,-37.81,5.57,0.717,,,,,,,,False
51.156,TRACK_OPENING,-23.0,58,84,38,40,0,24.0,-39.69,3.78,0.722,,,,,,,,False
51.187,TRACK_OPENING,-23.0,57,83,39,40,0,24.0,-39.69,3.78,0.722,,,,,,,,False
51.203,TRACK_OPENING,-23.0,58,83,27,40,0,24.0,-39.69,3.78,0.722,,,,,,,,False
51.281,TRACK_OPENING,-22.0,58,82,36,40,0,23.0,-41.49,1.92,0.730,,,,,,,,False
51.297,TRACK_OPENING,-21.0,57,87,25,40,0,22.0,-41.49,1.92,0.730,,,,,,,,False
51.359,TRACK_OPENING,-21.0,57,94,9,40,0,22.0,-43.09,0.11,0.723,,,,,,,,False
51.391,TRACK_OPENING,-21.0,57,117,9,40,0,22.0,-43.09,0.11,0.723,,,,,,,,False
51.406,TRACK_OPENING,-21.0,57,137,15,40,0,22.0,-43.09,0.11,0.723,,,,,,,,False
51.469,TRACK_OPENING,-20.0,56,141,23,40,0,21.0,-44.57,-1.78,0.727,,,,,,,,False
51.484,TRACK_OPENING,-20.0,57,145,35,40,0,21.0,-44.57,-1.78,0.727,,,,,,,,False
51.516,TRACK_OPENING,-19.0,57,148,37,40,0,20.0,-44.57,-1.78,0.727,,,,,,,,False
51.562,TRACK_OPENING,-19.0,56,150,38,40,0,20.0,-46.22,-3.61,0.731,,,,,,,,False
51.594,TRACK_OPENING,-18.0,55,154,38,40,0,19.0,-46.22,-3.61,0.731,,,,,,,,False
51.609,TRACK_OPENING,-18.0,56,157,38,40,0,19.0,-46.22,-3.61,0.731,,,,,,,,False
51.672,TRACK_OPENING,-18.0,54,160,38,40,0,19.0,-48.08,-5.58,0.738,,,,,,,,False
51.703,TRACK_OPENING,-17.0,54,169,35,40,0,18.0,-48.08,-5.58,0.738,,,,,,,,False
51.766,TRACK_OPENING,-17.0,54,172,36,40,0,18.0,-49.98,-7.70,0.746,,,,,,,,False
51.781,TRACK_OPENING,-16.0,55,177,38,40,0,17.0,-49.98,-7.70,0.746,,,,,,,,False
51.812,TRACK_OPENING,-16.0,54,181,38,40,0,17.0,-49.98,-7.70,0.746,,,,,,,,False
51.875,TRACK_OPENING,-15.0,54,181,38,40,0,16.0,-51.85,-10.19,0.737,,,,,,,,False
51.891,TRACK_OPENING,-15.0,54,180,39,40,0,16.0,-51.85,-10.19,0.737,,,,,,,,False
51.922,TRACK_OPENING,-14.0,53,180,39,40,0,15.0,-51.85,-10.19,0.737,,,,,,,,False
51.984,TRACK_OPENING,-14.0,54,180,39,40,0,15.0,-53.56,-12.89,0.751,,,,,,,,False
52.016,TRACK_OPENING,-13.0,53,178,39,40,0,14.0,-53.56,-12.89,0.751,,,,,,,,False
52.078,TRACK_OPENING,-13.0,54,177,39,40,0,14.0,-55.31,-15.51,0.755,,,,,,,,False
52.094,TRACK_OPENING,-12.0,53,177,38,40,0,13.0,-55.31,-15.51,0.755,,,,,,,,False
52.156,TRACK_OPENING,-12.0,53,172,38,40,0,13.0,-57.00,-18.10,0.756,,,,,,,,False
52.187,TRACK_OPENING,-11.0,52,168,38,40,0,12.0,-57.00,-18.10,0.756,,,,,,,,False
52.203,TRACK_OPENING,-11.0,52,174,38,40,0,12.0,-57.00,-18.10,0.756,,,,,,,,False
52.219,TRACK_OPENING,-11.0,52,167,38,40,0,12.0,-57.00,-18.10,0.756,,,,,,,,False
52.297,TRACK_OPENING,-11.0,52,167,38,40,0,12.0,-58.65,-20.43,0.747,,,,,,,,False
52.312,TRACK_OPENING,-10.0,53,172,38,40,0,11.0,-58.65,-20.43,0.747,,,,,,,,False
52.375,TRACK_OPENING,-10.0,52,168,38,40,0,11.0,-59.99,-22.78,0.763,,,,,,,,False
52.406,TRACK_OPENING,-9.0,52,165,38,40,0,10.0,-59.99,-22.78,0.763,,,,,,,,False
52.469,TRACK_OPENING,-9.0,51,156,38,40,0,10.0,-60.48,-25.31,0.763,,,,,,,,False
52.484,TRACK_OPENING,-9.0,51,157,38,40,0,10.0,-60.48,-25.31,0.763,,,,,,,,False
52.500,TRACK_OPENING,-8.0,52,153,38,40,0,9.0,-60.48,-25.31,0.763,,,,,,,,False
52.562,TRACK_OPENING,-8.0,52,174,38,40,0,9.0,-60.38,-27.91,0.748,,,,,,,,False
52.594,TRACK_OPENING,-8.0,52,158,38,40,0,9.0,-60.38,-27.91,0.748,,,,,,,,False
52.609,TRACK_OPENING,-8.0,52,169,38,40,0,9.0,-60.38,-27.91,0.748,,,,,,,,False
52.703,TRACK_OPENING,-7.0,52,169,38,40,0,8.0,-59.32,-31.70,0.733,,,,,,,,False
52.766,TRACK_OPENING,-7.0,51,163,38,40,0,8.0,-58.05,-34.50,0.795,,,,,,,,False
52.781,TRACK_OPENING,-6.0,51,159,38,40,0,7.0,-58.05,-34.50,0.795,,,,,,,,False
52.812,TRACK_OPENING,-6.0,51,152,38,40,0,7.0,-58.05,-34.50,0.795,,,,,,,,False
52.875,TRACK_OPENING,-6.0,51,163,38,40,0,7.0,-57.13,-36.83,0.816,,,,,,,,False
52.891,TRACK_OPENING,-5.0,51,158,38,40,0,6.0,-57.13,-36.83,0.816,,,,,,,,False
52.984,TRACK_OPENING,-5.0,51,162,38,40,0,6.0,-56.44,-38.99,0.837,,,,,,,,False
53.016,TRACK_OPENING,-5.0,50,150,37,40,0,6.0,-56.44,-38.99,0.837,,,,,,,,False
53.125,TRACK_OPENING,-4.0,50,158,38,40,0,5.0,-55.89,-41.02,0.858,,,,,,,,False
53.219,TRACK_OPENING,-4.0,51,110,37,40,0,5.0,-55.40,-43.10,0.711,,,,,,,,False
53.328,TRACK_OPENING,-3.0,51,84,38,40,0,4.0,-55.70,-44.86,0.696,,,,,,,,False
53.437,TRACK_OPENING,-3.0,50,82,37,40,0,4.0,-56.39,-46.62,0.682,-57.78,36.11,0.882,,,,,False
53.547,TRACK_OPENING,-2.0,50,81,38,40,0,3.0,-56.39,-46.62,0.682,-58.71,35.44,0.889,,,,,False
53.672,ALIGN_VIRTUAL_CUTOUT,-1.0,51,81,37,40,0,3.0,-56.97,-47.28,0.669,-60.00,34.20,0.891,-58.4846248626709,-6.540750503540039,-2.1256294566408043,-89.02042294056294,True
53.812,ALIGN_VIRTUAL_CUTOUT,-1.0,50,80,37,40,0,-25.0,-57.59,-47.65,0.655,-61.34,32.96,0.891,-59.46354103088379,-7.341407775878906,-2.664667073696188,-89.03654612360721,True
53.969,ALIGN_VIRTUAL_CUTOUT,0.0,50,80,37,40,0,-25.0,-58.03,-46.94,0.642,-62.96,30.32,0.892,-60.49476623535156,-8.31271743774414,-3.6550149139729537,-89.05296664170397,True
54.094,ALIGN_VIRTUAL_CUTOUT,2.0,51,154,37,40,0,-25.0,-58.28,-45.00,0.629,-64.60,27.91,0.896,-61.43733787536621,-8.544665336608887,-4.951401198622805,-89.06749344192596,True
54.203,ALIGN_VIRTUAL_CUTOUT,1.0,50,148,37,40,0,-25.0,-58.94,-44.56,0.617,-67.09,24.85,0.897,-63.01407051086426,-9.853931427001953,-6.691158662489789,-89.09082257370264,True
54.312,ALIGN_VIRTUAL_CUTOUT,1.0,50,103,37,40,0,-25.0,-59.18,-44.37,0.605,-68.04,22.95,0.896,-63.612871170043945,-10.712543487548828,-7.496200992831645,-89.09937942602294,True
54.437,ALIGN_VIRTUAL_CUTOUT,0.0,50,75,37,40,0,-25.0,-59.00,-44.51,0.600,-67.87,21.51,0.890,-63.435529708862305,-11.500592231750488,-7.6524148752799634,-89.09686205206081,True
54.547,ALIGN_VIRTUAL_CUTOUT,0.0,50,75,37,40,0,-25.0,-58.62,-44.69,0.600,-66.89,20.71,0.887,-62.75550079345703,-11.9927978515625,-7.213593517858844,-89.08707714832458,True
54.672,ALIGN_VIRTUAL_CUTOUT,-1.0,50,73,37,40,0,-25.0,-58.17,-44.89,0.600,-65.73,20.22,0.889,-61.94885444641113,-12.338033676147461,-6.617226333438728,-89.07519187918638,True
54.781,ALIGN_VIRTUAL_CUTOUT,-2.0,50,72,38,40,0,-25.0,-57.67,-45.16,0.600,-64.47,19.88,0.885,-61.07136154174805,-12.640755653381348,-5.971774018928495,-89.06190629736027,True
54.906,ALIGN_VIRTUAL_CUTOUT,-2.0,50,71,38,40,0,-25.0,-57.04,-45.38,0.600,-62.90,19.84,0.877,-59.96949768066406,-12.76651668548584,-5.13220468211523,-89.04467317466805,True
55.016,ALIGN_VIRTUAL_CUTOUT,-3.0,50,74,38,40,0,-25.0,-56.38,-45.70,0.600,-61.42,19.63,0.871,-58.89947509765625,-13.035134315490723,-4.415859362232051,-89.02732112465773,True
55.141,ALIGN_VIRTUAL_CUTOUT,-4.0,50,143,39,40,0,-25.0,-55.67,-46.09,0.600,-59.93,18.95,0.866,-57.799957275390625,-13.5681791305542,-3.742954972291458,-89.0088216924761,True
55.250,ALIGN_VIRTUAL_CUTOUT,-5.0,50,139,39,40,0,-25.0,-55.05,-46.35,0.600,-58.59,18.27,0.857,-56.8212833404541,-14.039812088012695,-3.1362468248864426,-88.99175340805921,True
55.359,ALIGN_VIRTUAL_CUTOUT,-5.0,49,142,39,40,0,-25.0,-54.53,-46.54,0.600,-57.50,17.86,0.854,-56.01410675048828,-14.343788146972656,-2.6335352753417505,-88.97722739940252,True
55.469,ALIGN_VIRTUAL_CUTOUT,-6.0,49,138,39,40,0,-25.0,-54.08,-46.76,0.600,-56.50,17.33,0.856,-55.291921615600586,-14.714698791503906,-2.1632347588333003,-88.96387153907284,True
55.594,ALIGN_VIRTUAL_CUTOUT,-7.0,49,135,40,40,0,-25.0,-53.63,-47.06,0.600,-55.50,16.68,0.853,-54.56319999694824,-15.188773155212402,-1.6809964058481917,-88.95003654964842,True
55.703,ALIGN_VIRTUAL_CUTOUT,-7.0,49,135,40,40,0,-25.0,-53.01,-47.48,0.600,-54.00,15.40,0.843,-53.507707595825195,-16.041322231292725,-0.9039279469663234,-88.92932975777583,True
55.828,ALIGN_VIRTUAL_CUTOUT,-8.0,49,139,40,40,0,-25.0,-52.54,-47.76,0.600,-52.62,14.31,0.833,-52.58047294616699,-16.72954511642456,-0.08172430248758011,-88.91045344781554,True
55.953,ALIGN_VIRTUAL_CUTOUT,-9.0,49,143,41,40,0,-25.0,-52.11,-48.03,0.600,-51.64,13.70,0.835,-51.87864875793457,-17.16323232650757,0.438001497975424,-88.89571748117335,True
56.062,ALIGN_VIRTUAL_CUTOUT,-9.0,49,136,41,40,0,-25.0,-51.77,-48.21,0.600,-50.93,13.33,0.830,-51.349740982055664,-17.442079067230225,0.7775542008162918,-88.88434611433685,True
56.172,ALIGN_VIRTUAL_CUTOUT,-10.0,49,146,41,40,0,-25.0,-51.42,-48.41,0.600,-50.15,12.73,0.823,-50.78812789916992,-17.840087890625,1.1886073186999682,-88.87201242840423,True
56.281,ALIGN_VIRTUAL_CUTOUT,-10.0,49,135,41,40,0,-25.0,-51.11,-48.63,0.600,-49.39,11.99,0.820,-50.25164604187012,-18.317214965820312,1.6256505587922623,-88.85997330027166,True
56.406,ALIGN_VIRTUAL_CUTOUT,-11.0,49,144,42,40,0,-25.0,-50.82,-48.79,0.600,-48.73,11.62,0.822,-49.77516746520996,-18.584607124328613,1.98476640234864,-88.84906318372163,True
56.500,ALIGN_VIRTUAL_CUTOUT,-12.0,48,139,42,40,0,-25.0,-50.39,-49.04,0.600,-47.68,11.02,0.813,-49.030527114868164,-19.008857250213623,2.582938025369579,-88.83158839328175,True
56.625,ALIGN_VIRTUAL_CUTOUT,-12.0,49,144,43,40,0,-25.0,-49.97,-49.29,0.600,-46.69,10.14,0.806,-48.33136749267578,-19.576942920684814,3.1535884320956447,-88.81469098557224,True
56.734,ALIGN_VIRTUAL_CUTOUT,-13.0,49,138,43,40,0,-25.0,-49.65,-49.41,0.600,-45.97,9.72,0.802,-47.80775260925293,-19.8428955078125,3.5602427265394176,-88.80171264160394,True
56.859,ALIGN_VIRTUAL_CUTOUT,-13.0,48,144,44,40,0,-25.0,-49.27,-49.56,0.600,-45.14,9.19,0.794,-47.20661735534668,-20.18867540359497,4.025185746834726,-88.78645802776535,True
56.984,ALIGN_VIRTUAL_CUTOUT,-14.0,48,143,44,40,0,-25.0,-48.87,-49.82,0.600,-44.19,8.37,0.798,-46.52628135681152,-20.7256121635437,4.5955269446048845,-88.76871829162997,True
57.094,ALIGN_VIRTUAL_CUTOUT,-15.0,48,143,45,40,0,-25.0,-48.47,-50.08,0.600,-43.32,7.57,0.792,-45.894630432128906,-21.255120754241943,5.1129623894595095,-88.75177740264506,True
57.219,ALIGN_VIRTUAL_CUTOUT,-15.0,48,143,45,40,0,-25.0,-47.91,-50.52,0.600,-42.00,6.17,0.781,-44.95619583129883,-22.17332148551941,5.954017734904159,-88.72572998080105,True
57.328,ALIGN_VIRTUAL_CUTOUT,-16.0,48,142,46,40,0,-25.0,-47.43,-50.88,0.600,-40.80,4.89,0.779,-44.11657524108887,-22.99652624130249,6.776415540401229,-88.7014864749926,True
57.453,ALIGN_VIRTUAL_CUTOUT,-17.0,48,141,46,40,0,-25.0,-46.97,-51.18,0.600,-39.84,4.05,0.777,-43.40573692321777,-23.56925916671753,7.35676928709754,-88.68022870119775,True
57.578,ALIGN_VIRTUAL_CUTOUT,-18.0,47,135,47,40,0,-25.0,-46.53,-51.51,0.600,-38.80,3.08,0.775,-42.66654014587402,-24.21395206451416,8.060504488781913,-88.65737199358301,True
57.703,ALIGN_VIRTUAL_CUTOUT,-19.0,48,126,48,40,0,-25.0,-46.14,-51.85,0.600,-37.83,2.13,0.764,-41.98942947387695,-24.861159563064575,8.75178709959212,-88.63572923955024,True
57.828,ALIGN_VIRTUAL_CUTOUT,-19.0,48,121,49,40,0,-25.0,-45.55,-52.43,0.600,-36.38,0.53,0.754,-40.96527671813965,-25.94996976852417,9.815279371072132,-88.60163515412462,True
57.922,ALIGN_VIRTUAL_CUTOUT,-20.0,47,117,49,40,0,-25.0,-45.03,-52.99,0.600,-35.32,-0.69,0.755,-40.1715087890625,-26.839691281318665,10.519333628844148,-88.57401549693743,True
58.016,ALIGN_VIRTUAL_CUTOUT,-21.0,47,112,50,40,0,-25.0,-44.57,-53.52,0.600,-34.24,-1.87,0.743,-39.40493583679199,-27.692529559135437,11.306048856385,-88.54628657074609,True
58.141,ALIGN_VIRTUAL_CUTOUT,-21.0,47,107,50,40,0,-25.0,-44.12,-54.01,0.600,-33.40,-3.10,0.751,-38.75765609741211,-28.556163668632507,11.887834009171007,-88.52201922832398,True
58.234,ALIGN_VIRTUAL_CUTOUT,-22.0,47,105,52,40,0,-25.0,-43.57,-54.53,0.600,-32.49,-4.25,0.750,-38.02911376953125,-29.389938831329346,12.428497213053255,-88.49371774985218,True
58.328,ALIGN_VIRTUAL_CUTOUT,-22.0,47,102,52,40,0,-25.0,-43.13,-55.01,0.600,-31.63,-5.36,0.737,-37.381826400756836,-30.184279441833496,13.046192041201033,-88.46764795440352,True
58.422,ALIGN_VIRTUAL_CUTOUT,-23.0,46,99,52,40,0,-25.0,-42.80,-55.29,0.600,-30.89,-6.22,0.740,-36.84424686431885,-30.755155086517334,13.640603578477599,-88.44530091825257,True
58.516,ALIGN_VIRTUAL_CUTOUT,-23.0,46,96,53,40,0,-25.0,-42.50,-55.56,0.600,-29.95,-7.05,0.721,-36.22428321838379,-31.302747011184692,14.50000404335477,-88.41870628139472,True
58.594,ALIGN_VIRTUAL_CUTOUT,-24.0,46,94,54,40,0,-25.0,-42.18,-55.88,0.600,-29.45,-7.86,0.733,-35.81565189361572,-31.870221376419067,14.852562783402515,-88.40067415269004,True
58.687,ALIGN_VIRTUAL_CUTOUT,-24.0,43,91,54,40,0,-25.0,-41.92,-56.13,0.600,-28.59,-8.93,0.712,-35.25425148010254,-32.530887603759766,15.759751622186092,-88.37521950115887,True
58.703,ALIGN_VIRTUAL_CUTOUT,-25.0,24,88,55,40,0,-25.0,-41.92,-56.13,0.600,-28.59,-8.93,0.712,-35.25425148010254,-32.530887603759766,15.759751622186092,-88.37521950115887,True
58.797,ALIGN_VIRTUAL_CUTOUT,-25.0,22,88,55,40,0,-25.0,-41.65,-56.40,0.600,-28.07,-9.82,0.728,-34.858017921447754,-33.10889387130737,16.24705178337912,-88.35676057527075,True
58.812,ALIGN_VIRTUAL_CUTOUT,-25.0,22,85,56,40,0,-25.0,-41.65,-56.40,0.600,-28.07,-9.82,0.728,-34.858017921447754,-33.10889387130737,16.24705178337912,-88.35676057527075,True
58.891,ALIGN_VIRTUAL_CUTOUT,-26.0,22,85,56,40,0,-25.0,-41.40,-56.68,0.600,-27.47,-10.60,0.719,-34.435988426208496,-33.637577056884766,16.826389855229937,-88.33663313589733,True
58.984,ALIGN_VIRTUAL_CUTOUT,-26.0,23,83,57,40,0,-25.0,-41.15,-57.03,0.600,-26.80,-11.64,0.711,-33.97678089141846,-34.33131265640259,17.545814749629336,-88.31416506388348,True
59.000,ALIGN_VIRTUAL_CUTOUT,-26.0,22,82,57,40,0,-25.0,-41.15,-57.03,0.600,-26.80,-11.64,0.711,-33.97678089141846,-34.33131265640259,17.545814749629336,-88.31416506388348,True
59.094,ALIGN_VIRTUAL_CUTOUT,-26.0,21,81,57,40,0,-25.0,-40.89,-57.41,0.600,-25.95,-12.86,0.694,-33.42020893096924,-35.136136531829834,18.540489619611186,-88.28610619026102,True
59.187,ALIGN_VIRTUAL_CUTOUT,-27.0,21,78,58,40,0,-25.0,-40.56,-57.87,0.600,-25.38,-14.15,0.703,-32.96937847137451,-36.00738334655762,19.156579123173948,-88.26268429878004,True
59.203,ALIGN_VIRTUAL_CUTOUT,-28.0,21,76,59,40,0,-25.0,-40.56,-57.87,0.600,-25.38,-14.15,0.703,-32.96937847137451,-36.00738334655762,19.156579123173948,-88.26268429878004,True
59.297,ALIGN_VIRTUAL_CUTOUT,-28.0,21,76,59,40,0,-25.0,-40.16,-58.35,0.600,-24.66,-15.29,0.705,-32.41009712219238,-36.82038640975952,19.796618078823652,-88.23272334806488,True
59.375,ALIGN_VIRTUAL_CUTOUT,-28.0,22,73,60,40,0,-25.0,-39.78,-58.81,0.600,-23.70,-16.55,0.690,-31.74026870727539,-37.677419662475586,20.82714102486473,-88.19545216008156,True
59.406,ALIGN_VIRTUAL_CUTOUT,-29.0,22,70,75,40,0,-25.0,-39.78,-58.81,0.600,-23.70,-16.55,0.690,-31.74026870727539,-37.677419662475586,20.82714102486473,-88.19545216008156,True
59.500,ALIGN_VIRTUAL_CUTOUT,-29.0,22,70,183,40,0,-25.0,-39.51,-59.24,0.600,-22.84,-17.70,0.694,-31.176392555236816,-38.47013473510742,21.867056241190074,-88.1628361230053,True
59.578,ALIGN_VIRTUAL_CUTOUT,-30.0,23,68,223,40,0,-25.0,-39.23,-59.65,0.600,-22.11,-18.68,0.694,-30.669445037841797,-39.165178298950195,22.675868217843547,-88.13249023537152,True
59.609,ALIGN_VIRTUAL_CUTOUT,-30.0,23,66,225,40,0,-25.0,-39.23,-59.65,0.600,-22.11,-18.68,0.694,-30.669445037841797,-39.165178298950195,22.675868217843547,-88.13249023537152,True
59.703,ALIGN_VIRTUAL_CUTOUT,-30.0,23,65,224,40,0,-25.0,-38.88,-60.18,0.600,-21.48,-19.61,0.689,-30.184459686279297,-39.8961820602417,23.212313426477426,-88.10250599769641,True
59.781,ALIGN_VIRTUAL_CUTOUT,-31.0,24,62,220,40,0,-25.0,-38.49,-60.69,0.600,-20.70,-20.99,0.688,-29.59577751159668,-40.8397912979126,24.140225902813658,-88.06479183969942,True
59.875,ALIGN_VIRTUAL_CUTOUT,-31.0,24,35,215,40,0,-25.0,-38.18,-61.24,0.600,-20.00,-22.20,0.686,-29.09074878692627,-41.719482421875,24.965748142387103,-88.03122195316196,True
59.906,ALIGN_VIRTUAL_CUTOUT,-32.0,25,25,213,40,0,-25.0,-38.18,-61.24,0.600,-20.00,-22.20,0.686,-29.09074878692627,-41.719482421875,24.965748142387103,-88.03122195316196,True
60.000,ALIGN_VIRTUAL_CUTOUT,-32.0,25,25,213,40,0,-25.0,-37.87,-61.70,0.600,-19.22,-23.54,0.685,-28.543264389038086,-42.618048667907715,26.054766204921894,-87.99348967196993,True
60.016,ALIGN_VIRTUAL_CUTOUT,-33.0,26,23,210,40,0,-25.0,-37.87,-61.70,0.600,-19.22,-23.54,0.685,-28.543264389038086,-42.618048667907715,26.054766204921894,-87.99348967196993,True
60.109,ALIGN_VIRTUAL_CUTOUT,-33.0,25,23,209,40,0,-25.0,-37.58,-62.14,0.600,-18.49,-24.88,0.676,-28.03379535675049,-43.512428283691406,27.122960002139983,-87.95705520536477,True
60.234,ALIGN_VIRTUAL_CUTOUT,-33.0,26,22,205,40,0,-25.0,-37.27,-62.62,0.600,-16.16,-30.12,0.663,-26.715094566345215,-46.37308692932129,32.99912647234456,-87.85630398079851,True
60.344,ALIGN_VIRTUAL_CUTOUT,-34.0,26,20,201,40,0,-25.0,-36.98,-63.13,0.600,-14.40,-33.78,0.649,-25.68923807144165,-48.45539855957031,37.58368750614292,-87.7707837963082,True
60.469,ALIGN_VIRTUAL_CUTOUT,-35.0,27,20,197,40,0,-25.0,-36.71,-63.60,0.600,-13.06,-36.32,0.636,-24.88509225845337,-49.95949935913086,40.91767528528602,-87.69882433380252,True
60.594,ALIGN_VIRTUAL_CUTOUT,-36.0,27,20,192,40,0,-25.0,-36.43,-64.04,0.600,-12.01,-37.99,0.624,-24.223026275634766,-51.013275146484375,43.156034726362684,-87.6359987977498,True
60.719,ALIGN_VIRTUAL_CUTOUT,-36.0,28,19,189,40,0,-25.0,-35.99,-64.75,0.600,-10.81,-39.74,0.611,-23.400333881378174,-52.24519729614258,45.18659518897034,-87.55298623029083,True
60.828,ALIGN_VIRTUAL_CUTOUT,-37.0,28,18,184,40,0,-25.0,-35.59,-65.38,0.600,-9.85,-41.01,0.600,-22.720040321350098,-53.19881820678711,46.5735464299773,-87.47980975261524,True
60.937,ALIGN_VIRTUAL_CUTOUT,-38.0,28,18,181,40,0,-25.0,-35.24,-65.95,0.600,-9.03,-42.16,0.600,-22.13466167449951,-54.05382537841797,47.775425223137404,-87.4132495545848,True
61.062,ALIGN_VIRTUAL_CUTOUT,-38.0,29,18,178,40,0,-25.0,-34.95,-66.46,0.600,-8.31,-43.17,0.600,-21.62774133682251,-54.81775093078613,48.839778006156536,-87.35270544685098,True
61.187,ALIGN_VIRTUAL_CUTOUT,-39.0,29,18,174,40,0,-25.0,-34.67,-66.94,0.600,-7.64,-44.20,0.600,-21.15308403968811,-55.5672721862793,49.91833587477774,-87.29338976566437,True
61.297,ALIGN_VIRTUAL_CUTOUT,-40.0,30,17,171,40,0,-25.0,-34.42,-67.39,0.600,-7.00,-45.16,0.600,-20.711562156677246,-56.27931594848633,50.96570338507295,-87.2357797472136,True
61.422,ALIGN_VIRTUAL_CUTOUT,-40.0,30,17,169,40,0,-25.0,-34.00,-68.06,0.600,-6.01,-46.75,0.600,-20.002296924591064,-57.401885986328125,52.723281024118755,-87.13792292603318,True
61.531,ALIGN_VIRTUAL_CUTOUT,-41.0,30,16,165,40,0,-25.0,-33.50,-68.49,0.600,-5.09,-48.26,0.600,-19.29370880126953,-58.37298583984375,54.53242983041221,-87.03299368561795,True
61.641,ALIGN_VIRTUAL_CUTOUT,-42.0,30,16,163,40,0,-25.0,-32.92,-68.89,0.600,-4.26,-49.73,0.600,-18.588998317718506,-59.3109073638916,56.2499106338053,-86.9207267485135,True
61.766,ALIGN_VIRTUAL_CUTOUT,-43.0,30,15,159,40,0,-25.0,-32.01,-69.04,0.600,-3.45,-51.16,0.600,-17.733428597450256,-60.09884071350098,57.94554738505113,-86.77247053290343,True
61.891,ALIGN_VIRTUAL_CUTOUT,-43.0,31,15,156,40,0,-25.0,-30.86,-69.00,0.600,-2.68,-52.46,0.600,-16.772960305213928,-60.7291202545166,59.581247149355605,-86.58807767871161,True
62.016,ALIGN_VIRTUAL_CUTOUT,-44.0,31,14,108,40,0,-35.0,-30.86,-69.00,0.600,-1.55,-54.27,0.600,-16.204965710639954,-61.63849067687988,63.327337598884846,-86.46878508285924,True
62.172,ALIGN_VIRTUAL_CUTOUT,-45.0,32,14,102,40,0,-35.0,-30.86,-69.00,0.600,-0.57,-55.87,0.600,-15.7165667116642,-62.43790626525879,66.56927717414777,-86.3593417779824,True
62.281,ALIGN_VIRTUAL_CUTOUT,-45.0,32,13,104,40,0,-25.0,-30.44,-69.40,0.600,0.03,-57.26,0.600,-15.205015662126243,-63.329917907714844,68.28141481783851,-86.23720320561296,True
62.406,ALIGN_VIRTUAL_CUTOUT,-47.0,32,14,145,40,0,-35.0,-30.44,-69.40,0.600,1.56,-59.45,0.600,-14.441862761974335,-64.42620849609375,72.73498626901161,-86.03898246246241,True
62.516,ALIGN_VIRTUAL_CUTOUT,-48.0,32,13,143,40,0,-35.0,-30.44,-69.40,0.600,3.03,-61.45,0.600,-13.704976677894592,-65.42240715026855,76.63535379270738,-85.82674073209631,True
62.641,ALIGN_VIRTUAL_CUTOUT,-49.0,32,13,140,40,0,-35.0,-30.44,-69.40,0.600,4.43,-63.27,0.600,-13.006593465805054,-66.33632469177246,80.03818354280514,-85.60351574724507,False
62.766,ALIGN_VIRTUAL_CUTOUT,-50.0,32,13,64,40,0,-35.0,-30.44,-69.40,0.600,5.69,-64.94,0.600,-12.372876644134521,-67.17094802856445,82.97187663628782,-85.37928710884792,False
62.922,ALIGN_VIRTUAL_CUTOUT,-51.0,32,14,38,40,0,-35.0,-30.44,-69.40,0.600,6.39,-66.03,0.600,-12.023309230804443,-67.71438598632812,84.77571626431936,-85.24555106255133,False
63.031,ALIGN_VIRTUAL_CUTOUT,-53.0,32,14,38,40,0,-35.0,-30.44,-69.40,0.600,6.25,-66.46,0.600,-12.097021341323853,-67.92768859863281,85.41621807854344,-85.27439026532521,False
63.141,ALIGN_VIRTUAL_CUTOUT,-54.0,32,14,40,40,0,-35.0,-30.44,-69.40,0.600,5.77,-66.32,0.600,-12.333259582519531,-67.86088943481445,85.14674362809555,-85.36450897460736,False
63.266,ALIGN_VIRTUAL_CUTOUT,-55.0,32,14,48,40,0,-35.0,-30.44,-69.40,0.600,5.16,-66.00,0.600,-12.640525579452515,-67.69898223876953,84.54647002882986,-85.47671514168331,False
63.375,ALIGN_VIRTUAL_CUTOUT,-56.0,32,14,125,40,0,-35.0,-30.44,-69.40,0.600,4.61,-65.69,0.600,-12.916515588760376,-67.54183197021484,83.9525115443804,-85.57297677832658,False
63.500,ALIGN_VIRTUAL_CUTOUT,-57.0,32,14,125,40,0,-35.0,-30.44,-69.40,0.600,4.35,-65.49,0.600,-13.045974731445312,-67.44219970703125,83.58354192925576,-85.61673540682142,False
63.609,ALIGN_VIRTUAL_CUTOUT,-58.0,31,13,122,40,0,-35.0,-30.44,-69.40,0.600,4.40,-65.31,0.600,-13.02105164527893,-67.35383224487305,83.30576086968738,-85.60837836153155,False
63.719,ALIGN_VIRTUAL_CUTOUT,-59.0,31,12,118,40,0,-35.0,-30.44,-69.40,0.600,4.76,-65.61,0.600,-12.838745355606079,-67.50379180908203,83.85659554214325,-85.54626781545261,False
63.844,ALIGN_VIRTUAL_CUTOUT,-60.0,31,11,119,40,0,-35.0,-30.44,-69.40,0.600,5.31,-66.21,0.600,-12.566145658493042,-67.80540466308594,84.90730683775277,-85.45005358236915,False
63.953,ALIGN_VIRTUAL_CUTOUT,-61.0,31,10,107,40,0,-35.0,-30.44,-69.40,0.600,5.71,-66.69,0.600,-12.365676403045654,-68.04176712036133,85.70781615884475,-85.37660823784428,False
64.062,ALIGN_VIRTUAL_CUTOUT,-62.0,31,9,103,40,0,-35.0,-30.44,-69.40,0.600,6.31,-66.91,0.600,-12.066927909851074,-68.15474319458008,86.12791423288165,-85.26265874855393,False
64.187,ALIGN_VIRTUAL_CUTOUT,-63.0,31,8,82,40,0,-35.0,-30.44,-69.40,0.600,6.91,-67.48,0.600,-11.763643741607666,-68.43673706054688,87.05270490595021,-85.14110050986284,False
64.297,ALIGN_VIRTUAL_CUTOUT,-64.0,31,7,3,40,0,-35.0,-30.44,-69.40,0.600,7.25,-67.86,0.600,-11.592615842819214,-68.62843704223633,87.66094420044799,-85.06976709172608,False
64.406,ALIGN_VIRTUAL_CUTOUT,-65.0,31,6,4,40,0,-35.0,-30.44,-69.40,0.600,7.87,-68.03,0.600,-11.286663055419922,-68.71632385253906,87.96080045094563,-84.93680658772138,False
64.531,PARALLEL_ALIGN,-66.0,31,5,4,35,1,0.0,-30.44,-69.40,0.600,8.25,-68.08,0.600,-11.096847534179688,-68.74099349975586,88.05378148811934,-84.85066059180551,False
64.641,PARALLEL_ALIGN,-67.0,31,5,4,35,1,-45.0,-30.44,-69.40,0.600,8.64,-68.08,0.600,-10.89892053604126,-68.73878860473633,88.06702193647396,-84.7576637788903,False
64.750,PARALLEL_ALIGN,-69.0,30,5,4,35,1,-45.0,-30.44,-69.40,0.600,9.21,-68.34,0.600,-10.616523742675781,-68.87102890014648,88.4764132489617,-84.61902698530903,False
64.859,PARALLEL_ALIGN,-69.0,30,5,4,35,1,-45.0,-31.16,-69.40,0.600,10.12,-68.49,0.600,-10.519418716430664,-68.94538497924805,88.74529636892615,-84.56965066604228,True
64.984,PARALLEL_ALIGN,-67.0,31,5,4,35,1,-45.0,-31.20,-68.99,0.600,10.25,-67.74,0.600,-10.474826335906982,-68.36389923095703,88.26535171155687,-84.54667219577574,True
65.109,PARALLEL_ALIGN,-66.0,31,6,4,35,1,-45.0,-29.67,-67.71,0.600,9.98,-66.89,0.600,-9.846092700958252,-67.2992057800293,88.82584213224077,-84.20074660265672,True
65.219,PARALLEL_ALIGN,-65.0,31,6,4,35,1,-45.0,-29.13,-66.30,0.600,9.22,-65.60,0.600,-9.95191478729248,-65.94892501831055,88.96065454785695,-84.26199835781965,True
65.344,PARALLEL_ALIGN,-65.0,31,7,4,35,0,45.0,-29.06,-65.13,0.600,8.49,-64.46,0.600,-10.285158634185791,-64.79760360717773,88.97768489848836,-84.4467308451642,True
65.469,PARALLEL_ALIGN,-64.0,31,8,2,35,0,45.0,-29.30,-64.17,0.600,7.81,-63.46,0.600,-10.743966817855835,-63.811397552490234,88.90709494612823,-84.68248709514974,True
65.578,PARALLEL_ALIGN,-65.0,30,7,4,35,0,45.0,-29.70,-63.38,0.600,7.18,-62.59,0.600,-11.255644083023071,-62.98741340637207,88.77560641989292,-84.92292596652968,True
65.703,PARALLEL_ALIGN,-68.0,30,7,5,35,0,45.0,-28.10,-62.42,0.600,8.36,-62.91,0.600,-9.867074966430664,-62.66322135925293,90.76898449650795,-84.21299488681524,True
65.812,PARALLEL_ALIGN,-67.0,30,6,4,35,0,45.0,-27.68,-62.72,0.600,8.82,-63.55,0.600,-9.431101322174072,-63.134328842163086,91.29521495836097,-83.94742008658301,True
65.937,PARALLEL_ALIGN,-65.0,31,6,4,35,0,45.0,-28.04,-64.01,0.600,8.68,-64.34,0.600,-9.679488182067871,-64.17546844482422,90.50366366091932,-84.10162700777505,True
66.047,PARALLEL_ALIGN,-64.0,32,6,4,35,0,45.0,-28.69,-65.69,0.600,8.19,-65.27,0.600,-10.24932861328125,-65.48157119750977,89.34911039755087,-84.42743948422492,True
66.172,PARALLEL_ALIGN,-63.0,29,6,4,35,0,45.0,-27.80,-66.86,0.600,7.49,-66.25,0.600,-10.153872728347778,-66.55281448364258,89.0037632550615,-84.37538658481908,True
66.281,PARALLEL_ALIGN,-62.0,27,5,4,35,1,-45.0,-25.59,-67.00,0.600,6.71,-67.16,0.600,-9.442534685134888,-67.0796127319336,90.29179268716953,-83.95469446714489,True
66.406,PARALLEL_ALIGN,-62.0,27,6,4,35,1,-45.0,-24.40,-67.43,0.600,6.19,-67.98,0.600,-9.104517459869385,-67.70291519165039,91.02847199180125,-83.7320093478928,True
66.516,PARALLEL_ALIGN,-62.0,25,5,4,35,1,-45.0,-24.02,-67.48,0.600,5.85,-68.16,0.600,-9.085276365280151,-67.82141876220703,91.29364325833659,-83.71884078309397,True
66.625,PARALLEL_ALIGN,-56.0,22,6,4,35,1,-45.0,-22.70,-67.16,0.600,4.30,-68.02,0.600,-9.200323581695557,-67.59042358398438,91.82564743692838,-83.79676857683499,True
66.734,PARALLEL_ALIGN,-56.0,22,6,4,35,1,-45.0,-22.01,-66.66,0.600,3.10,-67.77,0.600,-9.45839512348175,-67.21324920654297,92.53257982093096,-83.96475673990255,True
66.859,PARALLEL_ALIGN,-55.0,22,7,2,35,1,-45.0,-22.04,-66.02,0.600,2.04,-67.23,0.600,-10.000979542732239,-66.62459564208984,92.89214211370978,-84.28996248845891,False
66.984,PARALLEL_ALIGN,-54.0,23,7,125,35,1,-45.0,-22.44,-65.17,0.600,1.36,-66.51,0.600,-10.540940642356873,-65.84209060668945,93.21013103187177,-84.58067198494524,False
67.094,PARALLEL_ALIGN,-53.0,23,7,127,35,1,-45.0,-23.00,-64.35,0.600,0.83,-65.82,0.600,-11.08828130364418,-65.08215713500977,93.52198265813713,-84.8467038907241,False
67.219,PARALLEL_ALIGN,-52.0,23,7,129,35,0,45.0,-23.87,-63.26,0.600,0.12,-64.84,0.600,-11.87336764857173,-64.04891586303711,93.75005524703819,-85.18579044908556,False
67.328,PARALLEL_ALIGN,-51.0,24,7,130,35,0,45.0,-24.66,-62.40,0.600,-0.44,-63.97,0.600,-12.547650158405304,-63.18582725524902,93.70660050680719,-85.44337508805033,False
67.437,PARALLEL_ALIGN,-52.0,25,8,128,35,0,45.0,-25.24,-61.88,0.600,-0.87,-63.40,0.600,-13.055622667074203,-62.64181137084961,93.57658016822269,-85.61996197271414,False
67.562,PARALLEL_ALIGN,-56.0,27,8,124,35,0,45.0,-23.55,-60.56,0.600,0.84,-63.36,0.600,-11.351884514093399,-61.9615421295166,96.5648862205529,-84.96574689378573,False
67.672,PARALLEL_ALIGN,-54.0,24,7,126,35,0,45.0,-22.67,-60.47,0.600,1.68,-63.71,0.600,-10.492760479450226,-62.09206008911133,97.56548248175969,-84.55593693450396,False
67.781,PARALLEL_ALIGN,-54.0,23,6,126,35,0,45.0,-22.67,-61.17,0.600,1.82,-64.27,0.600,-10.425448417663574,-62.71878242492676,97.22819351021109,-84.52100047265928,False
67.906,PARALLEL_ALIGN,-53.0,23,6,126,35,0,45.0,-23.03,-62.36,0.600,1.68,-64.91,0.600,-10.672718703746796,-63.635393142700195,95.88050813340455,-84.64719436796008,False
68.016,PARALLEL_ALIGN,-53.0,22,6,126,35,0,45.0,-23.48,-63.39,0.600,1.47,-65.35,0.600,-11.002439498901367,-64.37487030029297,94.49299833281529,-84.80671652057809,True
68.141,PARALLEL_ALIGN,-53.0,22,5,127,35,1,-45.0,-23.87,-64.20,0.600,1.25,-65.73,0.600,-11.31113338470459,-64.96395874023438,93.47608971420253,-84.94770346803234,True
68.250,PARALLEL_ALIGN,-52.0,22,6,127,35,1,-45.0,-24.20,-64.82,0.600,1.06,-66.00,0.600,-11.568994224071503,-65.41094207763672,92.66197916716247,-85.05975029129658,True
68.359,PARALLEL_ALIGN,-52.0,21,5,128,35,1,-45.0,-24.55,-65.36,0.600,0.87,-66.17,0.600,-11.842638075351715,-65.76498794555664,91.82137200111278,-85.17335735813027,True
68.484,PARALLEL_ALIGN,-46.0,20,5,133,35,1,-45.0,-25.80,-66.26,0.600,-0.35,-66.53,0.600,-13.072863310575485,-66.3924560546875,90.61359362712541,-85.62571598306619,True
68.594,PARALLEL_ALIGN,-46.0,20,5,91,35,1,-45.0,-28.04,-66.43,0.600,-2.38,-65.84,0.600,-15.212161898612976,-66.13792037963867,88.68813744264894,-86.23896578480154,True
68.703,PARALLEL_ALIGN,-45.0,20,5,40,35,1,-45.0,-29.58,-66.12,0.600,-4.17,-65.26,0.600,-16.871923208236694,-65.68998336791992,88.05702367644204,-86.60804357380908,True
68.797,PARALLEL_ALIGN,-44.0,20,5,40,35,1,-45.0,-30.61,-65.52,0.600,-17.33,-56.94,0.553,-23.973937034606934,-61.231658935546875,57.13991072674028,-87.61146512295414,False
68.906,PARALLEL_ALIGN,-44.0,21,5,39,35,1,-45.0,-31.32,-64.77,0.600,-25.81,-51.23,0.600,-28.56285858154297,-57.99643325805664,22.126508938051728,-87.99486501909465,False
69.031,PARALLEL_ALIGN,-43.0,21,5,38,35,0,45.0,-31.82,-63.95,0.600,-30.80,-47.40,0.600,-31.308323860168457,-55.67711067199707,3.5413631122144684,-88.17057254408628,False
69.141,PARALLEL_ALIGN,-42.0,22,6,41,35,0,45.0,-32.21,-63.07,0.600,-33.37,-44.91,0.600,-32.78977966308594,-53.99105262756348,-3.624797258727377,-88.25317441355176,False
69.250,PARALLEL_ALIGN,-43.0,23,6,39,35,0,45.0,-32.53,-62.27,0.600,-34.41,-43.39,0.600,-33.46881866455078,-52.829795837402344,-5.682399082832134,-88.28859394883361,False
69.375,PARALLEL_ALIGN,-46.0,23,6,40,35,0,45.0,-31.14,-60.91,0.600,-32.59,-41.85,0.600,-31.862136840820312,-51.38155746459961,-4.343622945626142,-88.20234976107956,False
69.484,PARALLEL_ALIGN,-45.0,21,5,40,35,1,-45.0,-30.03,-60.67,0.600,-30.66,-42.25,0.600,-30.347307205200195,-51.46476173400879,-1.9538137306534447,-88.11268080876168,False
69.609,PARALLEL_ALIGN,-43.0,20,5,39,35,1,-45.0,-30.59,-62.48,0.600,-30.54,-45.46,0.600,-30.564119338989258,-53.969932556152344,0.1818561786913558,-88.12605927078259,False
69.719,PARALLEL_ALIGN,-42.0,19,3,39,35,1,-45.0,-31.76,-64.11,0.600,-31.11,-48.13,0.600,-31.435503005981445,-56.12078094482422,2.300750613607125,-88.17796889072203,False
69.828,PARALLEL_ALIGN,-36.0,19,4,120,35,1,-45.0,-34.47,-66.24,0.600,-27.29,-43.90,0.600,-30.88117218017578,-55.07050323486328,17.826440069850022,-88.14528526102217,False
69.937,PARALLEL_ALIGN,-36.0,19,4,167,35,1,-45.0,-36.36,-67.08,0.600,-25.37,-40.45,0.600,-30.867809295654297,-53.76578712463379,22.420107603135463,-88.1444829035523,True
70.062,PARALLEL_ALIGN,-35.0,19,5,173,35,1,-45.0,-37.55,-67.30,0.600,-24.82,-38.07,0.600,-31.184000968933105,-52.685420989990234,23.527939056347357,-88.16328405550443,True
70.172,PARALLEL_ALIGN,-34.0,19,5,176,35,1,-45.0,-38.31,-66.97,0.600,-24.81,-36.10,0.600,-31.55811595916748,-51.53289985656738,23.617684494240685,-88.18504329614503,True
70.297,PARALLEL_ALIGN,-33.0,19,5,181,35,0,45.0,-38.84,-66.32,0.600,-25.42,-34.62,0.600,-32.12803649902344,-50.46571731567383,22.938431893873428,-88.21721792267226,True
70.406,PARALLEL_ALIGN,-32.0,20,5,185,35,1,-45.0,-39.40,-65.29,0.600,-26.68,-32.99,0.600,-33.0389461517334,-49.139638900756836,21.479294841406915,-88.2663402019976,True
70.516,PARALLEL_ALIGN,-32.0,20,5,182,35,1,-45.0,-39.55,-64.63,0.600,-27.70,-32.23,0.600,-33.62751579284668,-48.42748260498047,20.08493502057233,-88.29666575683076,True
70.641,PARALLEL_ALIGN,-35.0,20,5,179,35,1,-45.0,-38.00,-62.71,0.600,-25.82,-30.38,0.600,-31.911357879638672,-46.547414779663086,20.647857272847265,-88.20512069583705,True
70.750,PARALLEL_ALIGN,-31.0,20,5,193,35,1,-45.0,-38.97,-63.18,0.600,-27.34,-30.98,0.600,-33.15524387359619,-47.076937675476074,19.848591977897403,-88.27241762045291,True
70.859,PARALLEL_ALIGN,-30.0,20,5,198,35,1,-45.0,-39.76,-63.30,0.600,-28.94,-30.75,0.600,-34.350796699523926,-47.026556968688965,18.39604445182645,-88.3325102273893,True
70.984,PARALLEL_ALIGN,-29.0,20,5,204,35,1,-45.0,-40.53,-63.19,0.600,-30.51,-30.08,0.600,-35.52049255371094,-46.63941287994385,16.849421784250335,-88.38739146156112,True
71.094,PARALLEL_ALIGN,-28.0,21,6,210,35,1,-45.0,-41.22,-62.77,0.600,-31.87,-29.07,0.600,-36.548763275146484,-45.91585063934326,15.508179945173866,-88.43273797979805,True
71.219,PARALLEL_ALIGN,-27.0,21,6,215,35,0,45.0,-42.03,-62.03,0.600,-33.51,-27.51,0.600,-37.770029067993164,-44.77080059051514,13.872785563291751,-88.483390168586,True
71.344,PARALLEL_ALIGN,-26.0,21,6,220,35,0,45.0,-42.63,-61.42,0.600,-34.75,-26.22,0.600,-38.690237045288086,-43.82228088378906,12.624824699247105,-88.51944494195175,True
71.453,PARALLEL_ALIGN,-27.0,21,6,209,35,0,45.0,-43.03,-61.01,0.600,-35.65,-25.36,0.600,-39.343191146850586,-43.183255195617676,11.698168432291947,-88.54400611317634,True
71.562,PARALLEL_ALIGN,-31.0,21,6,196,35,0,45.0,-41.40,-59.05,0.600,-33.81,-23.72,0.600,-37.60231590270996,-41.38788414001465,12.122683032323927,-88.47662899336079,True
71.687,PARALLEL_ALIGN,-29.0,21,5,204,35,1,-45.0,-39.94,-58.39,0.600,-31.62,-22.99,0.600,-35.78380584716797,-40.693976402282715,13.226295720863357,-88.39925156175852,True
71.812,PARALLEL_ALIGN,-28.0,20,5,208,35,1,-45.0,-40.23,-59.82,0.600,-31.68,-25.11,0.600,-35.95376682281494,-42.46633720397949,13.837833579541348,-88.40681472524528,True
71.922,PARALLEL_ALIGN,-25.0,20,5,240,35,1,-45.0,-41.81,-61.76,0.600,-33.00,-27.06,0.600,-37.40489196777344,-44.406495094299316,14.233475685796943,-88.46859242265131,True
72.031,PARALLEL_ALIGN,-22.0,20,5,255,35,1,-45.0,-41.81,-61.76,0.600,-36.97,-29.84,0.600,-39.38672065734863,-45.79994487762451,8.621145343201723,-88.54561456048324,True
72.156,PARALLEL_ALIGN,-21.0,20,5,264,35,1,-45.0,-43.05,-62.70,0.600,-39.67,-31.24,0.600,-41.35799598693848,-46.9708251953125,6.128832109466398,-88.61490827946596,True
72.266,PARALLEL_ALIGN,-20.0,20,6,274,35,1,-45.0,-43.97,-63.09,0.600,-41.49,-31.77,0.600,-42.729047775268555,-47.42957782745361,4.526998699462342,-88.65933538490411,True
72.375,PARALLEL_ALIGN,-19.0,20,6,283,35,1,-45.0,-44.65,-63.12,0.600,-42.69,-31.72,0.600,-43.665523529052734,-47.41976356506348,3.572952043333037,-88.68807788505151,True
72.500,PARALLEL_ALIGN,-19.0,20,6,293,35,0,45.0,-45.36,-62.64,0.600,-43.87,-30.85,0.600,-44.61626434326172,-46.746689796447754,2.673390030995139,-88.71602455046006,True
72.609,PARALLEL_ALIGN,-18.0,21,6,293,35,0,45.0,-45.95,-62.05,0.600,-44.84,-29.80,0.600,-45.39437675476074,-45.92248058319092,1.9809673071497895,-88.73802620354355,True
72.719,PARALLEL_ALIGN,-17.0,21,6,298,35,0,45.0,-46.23,-61.70,0.600,-45.41,-29.11,0.600,-45.820308685302734,-45.405455589294434,1.4277804411041033,-88.74975339484841,True
72.844,PARALLEL_ALIGN,-22.0,21,6,268,35,0,45.0,-45.08,-61.33,0.600,-42.79,-26.62,0.600,-43.93898582458496,-43.97543144226074,3.776669733554747,-88.69624004470836,True
72.953,PARALLEL_ALIGN,-20.0,20,6,278,35,0,45.0,-44.74,-61.95,0.600,-41.12,-26.37,0.600,-42.926992416381836,-44.16116714477539,5.809461521941947,-88.6655152073233,True
73.078,PARALLEL_ALIGN,-19.0,20,5,294,35,1,-45.0,-45.32,-63.13,0.600,-41.18,-27.56,0.600,-43.248146057128906,-45.34705448150635,6.643354749771423,-88.67542132890269,True
73.187,PARALLEL_ALIGN,-18.0,20,5,298,35,1,-45.0,-45.32,-63.13,0.600,-41.94,-29.86,0.600,-43.62760543823242,-46.49533557891846,5.80720717721545,-88.68693805229684,True
73.297,PARALLEL_ALIGN,-16.0,19,5,242,35,1,-45.0,-44.33,-61.67,0.600,-44.33,-33.48,0.600,-44.327280044555664,-47.572731018066406,0.0006744970455050642,-88.70765671657878,True
73.422,PARALLEL_ALIGN,-12.0,19,5,153,35,1,-45.0,-43.57,-58.73,0.600,-48.33,-37.65,0.600,-45.94879913330078,-48.19058418273926,-12.720079185109297,-88.75324845834558,False
73.531,PARALLEL_ALIGN,-11.0,20,5,88,35,1,-45.0,-43.30,-56.49,0.600,-51.08,-39.48,0.600,-47.192026138305664,-47.98732948303223,-24.59242116247566,-88.78608292717904,False
73.641,PARALLEL_ALIGN,-10.0,20,8,70,35,1,-45.0,-43.30,-55.29,0.600,-52.74,-40.31,0.600,-48.0201358795166,-47.80050468444824,-32.22917914646907,-88.80701088723322,False
73.766,PARALLEL_ALIGN,-9.0,20,10,70,35,1,-45.0,-43.61,-54.59,0.600,-53.84,-40.26,0.600,-48.7283935546875,-47.42637825012207,-35.512771308632644,-88.82434584824702,False
73.875,PARALLEL_ALIGN,-8.0,20,16,69,35,0,45.0,-44.12,-54.14,0.600,-54.66,-39.54,0.600,-49.39036178588867,-46.837724685668945,-35.835498934086004,-88.84009855011392,False
74.000,PARALLEL_ALIGN,-7.0,20,62,69,35,0,45.0,-44.69,-53.92,0.600,-55.29,-38.65,0.600,-49.99228096008301,-46.2861270904541,-34.77237820303801,-88.85406029790242,False
74.125,PARALLEL_ALIGN,-9.0,20,22,70,35,0,45.0,-44.85,-53.73,0.600,-54.88,-37.75,0.600,-49.868167877197266,-45.73646926879883,-32.11649757733535,-88.85120901925916,False
74.234,PARALLEL_ALIGN,-11.0,20,16,70,35,0,45.0,-43.00,-52.25,0.600,-52.73,-34.71,0.600,-47.86792182922363,-43.48187446594238,-29.011377730190695,-88.80321843149586,False
74.359,PARALLEL_ALIGN,-10.0,20,95,70,35,0,45.0,-42.54,-52.18,0.600,-52.14,-33.91,0.600,-47.33811569213867,-43.04125785827637,-27.724529603374588,-88.78982806534017,False
74.469,PARALLEL_ALIGN,-8.0,20,106,70,35,0,45.0,-43.17,-53.15,0.600,-52.71,-35.00,0.600,-47.939016342163086,-44.07278060913086,-27.72670528994509,-88.8049927672692,False
74.578,PARALLEL_ALIGN,-7.0,19,106,69,35,0,45.0,-44.54,-54.72,0.600,-54.08,-37.13,0.600,-49.30969429016113,-45.92517852783203,-28.476592981418577,-88.83820154543442,False
74.703,PARALLEL_ALIGN,-6.0,20,105,69,35,0,45.0,-46.83,-57.65,0.600,-55.21,-42.45,0.600,-51.02302932739258,-50.0493278503418,-28.86066790858811,-88.87720416061421,False
74.812,PARALLEL_ALIGN,-5.0,19,103,69,35,0,45.0,-46.83,-57.65,0.600,-55.21,-42.45,0.600,-51.02302932739258,-50.0493278503418,-28.86066790858811,-88.87720416061421,False
74.922,PARALLEL_ALIGN,-4.0,19,103,69,35,0,45.0,-47.53,-60.02,0.600,-54.71,-46.83,0.600,-51.11759376525879,-53.42464637756348,-28.56235905561654,-88.87928073433851,False
75.047,PARALLEL_ALIGN,-3.0,20,102,69,35,0,45.0,-47.53,-60.02,0.600,-53.46,-50.77,0.600,-50.49388122558594,-55.39316368103027,-32.66780919287109,-88.86544093740483,False
75.156,PARALLEL_ALIGN,-2.0,19,100,69,35,0,45.0,-47.53,-60.02,0.600,-50.47,-54.13,0.600,-49.00048065185547,-57.07549476623535,-26.57840219071129,-88.83087213714367,False
75.281,PARALLEL_ALIGN,-1.0,19,100,68,35,0,45.0,-47.53,-60.02,0.600,-50.47,-54.13,0.600,-49.00048065185547,-57.07549476623535,-26.57840219071129,-88.83087213714367,False
75.391,COMPLETE,1.0,19,98,68,0,0,0.0,-51.68,-45.21,0.600,-54.90,-37.94,0.600,-53.290170669555664,-41.57726860046387,-23.846873564837978,-88.92496017588958,False
