elapsed_s,state,heading,left_cm,front_cm,right_cm,speed,drive_direction,steering,block1_x_cm,block1_z_cm,block1_confidence,block2_x_cm,block2_z_cm,block2_confidence,slot_x_cm,slot_z_cm,slot_heading_deg,slot_bearing_deg,slot_confident
0.062,SEARCH_LAST_PILLAR,-3.0,49,290,242,80,0,20.0,-9.88,17.36,0.851,,,,,,,,False
0.141,SEARCH_LAST_PILLAR,-2.0,51,237,239,80,0,20.0,-13.37,18.27,0.900,,,,,,,,False
0.156,SEARCH_LAST_PILLAR,-3.0,51,221,243,80,0,20.0,-13.37,18.27,0.900,,,,,,,,False
0.219,PASS_LAST_PILLAR,-4.0,50,227,243,80,0,20.0,-13.31,17.56,0.892,,,,,,,,False
0.250,PASS_LAST_PILLAR,-4.0,49,219,243,80,0,20.0,-13.31,17.56,0.892,,,,,,,,False
0.266,PASS_LAST_PILLAR,-3.0,49,217,242,80,0,20.0,-13.31,17.56,0.892,,,,,,,,False
0.312,PASS_LAST_PILLAR,-3.0,50,229,242,80,0,20.0,-13.31,17.56,0.892,,,,,,,,False
0.344,PASS_LAST_PILLAR,-2.0,49,245,242,80,0,20.0,-13.31,17.56,0.892,,,,,,,,False
0.359,PASS_LAST_PILLAR,-2.0,47,250,242,80,0,20.0,-13.31,17.56,0.892,,,,,,,,False
0.437,PASS_LAST_PILLAR,-2.0,50,251,242,80,0,20.0,-13.31,17.56,0.892,,,,,,,,False
0.469,PASS_LAST_PILLAR,-1.0,50,252,241,80,0,20.0,-13.31,17.56,0.892,,,,,,,,False
0.516,PASS_LAST_PILLAR,-1.0,49,249,239,80,0,20.0,-13.31,17.56,0.892,,,,,,,,False
0.547,PASS_LAST_PILLAR,0.0,48,202,231,80,0,20.0,-13.31,17.56,0.892,,,,,,,,False
0.562,PASS_LAST_PILLAR,0.0,51,177,228,80,0,20.0,-13.31,17.56,0.892,,,,,,,,False
0.625,PASS_LAST_PILLAR,1.0,49,162,221,80,0,20.0,-13.31,17.56,0.892,,,,,,,,False
0.641,PASS_LAST_PILLAR,1.0,49,141,207,80,0,20.0,-13.31,17.56,0.892,,,,,,,,False
0.656,PASS_LAST_PILLAR,1.0,50,137,202,80,0,20.0,-13.31,17.56,0.892,,,,,,,,False
0.719,PASS_LAST_PILLAR,2.0,51,134,201,80,0,20.0,-13.31,17.56,0.892,,,,,,,,False
0.734,PASS_LAST_PILLAR,2.0,55,129,197,80,0,20.0,-13.31,17.56,0.892,,,,,,,,False
0.750,PASS_LAST_PILLAR,2.0,52,125,193,80,0,20.0,-13.31,17.56,0.892,,,,,,,,False
0.812,PASS_LAST_PILLAR,3.0,51,123,190,80,0,20.0,-13.31,17.56,0.892,,,,,,,,False
0.828,PASS_LAST_PILLAR,3.0,55,118,184,80,0,20.0,-13.31,17.56,0.892,,,,,,,,False
0.844,PASS_LAST_PILLAR,4.0,48,116,184,80,0,20.0,-13.31,17.56,0.892,,,,,,,,False
0.906,PASS_LAST_PILLAR,4.0,54,113,178,80,0,20.0,-13.31,17.56,0.892,,,,,,,,False
0.922,PASS_LAST_PILLAR,5.0,50,108,176,80,0,20.0,-13.31,17.56,0.892,,,,,,,,False
0.953,PASS_LAST_PILLAR,5.0,53,107,172,80,0,20.0,-13.31,17.56,0.892,,,,,,,,False
1.016,PASS_LAST_PILLAR,5.0,51,104,170,80,0,20.0,-13.31,17.56,0.892,,,,,,,,False
1.062,PASS_LAST_PILLAR,6.0,58,98,167,80,0,20.0,-13.31,17.56,0.892,,,,,,,,False
1.109,PASS_LAST_PILLAR,6.0,54,97,165,80,0,20.0,-13.31,17.56,0.892,,,,,,,,False
1.125,PASS_LAST_PILLAR,7.0,56,92,162,80,0,20.0,-13.31,17.56,0.892,,,,,,,,False
1.156,PASS_LAST_PILLAR,7.0,54,91,159,80,0,20.0,-13.31,17.56,0.892,,,,,,,,False
1.203,PASS_LAST_PILLAR,8.0,56,89,159,80,0,20.0,-13.31,17.56,0.892,,,,,,,,False
1.234,PASS_LAST_PILLAR,8.0,57,85,157,80,0,20.0,-13.31,17.56,0.892,,,,,,,,False
1.250,PASS_LAST_PILLAR,8.0,58,84,155,80,0,20.0,-13.31,17.56,0.892,,,,,,,,False
1.312,PASS_LAST_PILLAR,9.0,60,81,153,80,0,20.0,-13.31,17.56,0.892,,,,,,,,False
1.328,PASS_LAST_PILLAR,9.0,61,78,150,80,0,20.0,-13.31,17.56,0.892,,,,,,,,False
1.344,PASS_LAST_PILLAR,10.0,62,77,149,80,0,20.0,-13.31,17.56,0.892,,,,,,,,False
1.406,PASS_LAST_PILLAR,10.0,62,75,148,80,0,20.0,-13.31,17.56,0.892,,,,,,,,False
1.437,PASS_LAST_PILLAR,11.0,63,72,145,80,0,20.0,-13.31,17.56,0.892,,,,,,,,False
1.453,PASS_LAST_PILLAR,11.0,63,71,145,80,0,20.0,-13.31,17.56,0.892,,,,,,,,False
1.469,PASS_LAST_PILLAR,11.0,64,69,143,80,0,20.0,-13.31,17.56,0.892,,,,,,,,False
1.531,PASS_LAST_PILLAR,12.0,64,68,142,80,0,20.0,-13.31,17.56,0.892,,,,,,,,False
1.562,PASS_LAST_PILLAR,12.0,65,66,140,80,0,20.0,-13.31,17.56,0.892,,,,,,,,False
1.609,PASS_LAST_PILLAR,13.0,65,64,139,80,0,20.0,-13.31,17.56,0.892,,,,,,,,False
1.625,PASS_LAST_PILLAR,13.0,66,62,138,80,0,20.0,-13.31,17.56,0.892,,,,,,,,False
1.641,PASS_LAST_PILLAR,13.0,66,61,137,80,0,20.0,-13.31,17.56,0.892,,,,,,,,False
1.703,PASS_LAST_PILLAR,14.0,67,60,137,80,0,20.0,-13.31,17.56,0.892,,,,,,,,False
1.719,PASS_LAST_PILLAR,14.0,68,59,135,80,0,20.0,-13.31,17.56,0.892,,,,,,,,False
1.750,PASS_LAST_PILLAR,14.0,68,58,134,80,0,20.0,-13.31,17.56,0.892,,,,,,,,False
1.812,PASS_LAST_PILLAR,15.0,68,56,132,80,0,20.0,-13.31,17.56,0.892,,,,,,,,False
1.828,PASS_LAST_PILLAR,15.0,69,54,131,80,0,20.0,-13.31,17.56,0.892,,,,,,,,False
1.844,PASS_LAST_PILLAR,16.0,70,54,131,80,0,20.0,-13.31,17.56,0.892,,,,,,,,False
1.906,PASS_LAST_PILLAR,16.0,70,53,131,80,0,20.0,-13.31,17.56,0.892,,,,,,,,False
1.922,PASS_LAST_PILLAR,16.0,71,51,130,80,0,20.0,-13.31,17.56,0.892,,,,,,,,False
1.937,PASS_LAST_PILLAR,17.0,71,50,130,80,0,20.0,-13.31,17.56,0.892,,,,,,,,False
2.000,PASS_LAST_PILLAR,17.0,72,49,129,80,0,20.0,-13.31,17.56,0.892,,,,,,,,False
2.031,PASS_LAST_PILLAR,18.0,73,48,128,80,0,20.0,-13.31,17.56,0.892,,,,,,,,False
2.047,PASS_LAST_PILLAR,18.0,73,47,128,80,0,20.0,-13.31,17.56,0.892,,,,,,,,False
2.109,PASS_LAST_PILLAR,18.0,74,46,127,80,0,20.0,-13.31,17.56,0.892,,,,,,,,False
2.125,PASS_LAST_PILLAR,18.0,75,44,126,80,0,20.0,-13.31,17.56,0.892,,,,,,,,False
2.141,PASS_LAST_PILLAR,19.0,75,44,126,80,0,20.0,-13.31,17.56,0.892,,,,,,,,False
2.203,PASS_LAST_PILLAR,19.0,76,42,125,80,0,20.0,-13.31,17.56,0.892,,,,,,,,False
2.219,PASS_LAST_PILLAR,19.0,77,42,125,80,0,20.0,-13.31,17.56,0.892,,,,,,,,False
2.234,PASS_LAST_PILLAR,20.0,77,41,125,80,0,20.0,-13.31,17.56,0.892,,,,,,,,False
2.250,PASS_LAST_PILLAR,20.0,78,40,124,80,0,20.0,-13.31,17.56,0.892,,,,,,,,False
2.297,PASS_LAST_PILLAR,20.0,78,39,123,80,0,20.0,-13.31,17.56,0.892,,,,,,,,False
2.328,PASS_LAST_PILLAR,21.0,80,37,123,80,0,20.0,-13.31,17.56,0.892,,,,,,,,False
2.344,PASS_LAST_PILLAR,21.0,81,36,122,80,0,20.0,-13.31,17.56,0.892,,,,,,,,False
2.375,PASS_LAST_PILLAR,22.0,81,35,121,80,0,20.0,-13.31,17.56,0.892,,,,,,,,False
2.437,PASS_LAST_PILLAR,22.0,82,34,120,80,0,20.0,-13.31,17.56,0.892,,,,,,,,False
2.469,PASS_LAST_PILLAR,23.0,83,33,117,80,0,20.0,-13.31,17.56,0.892,,,,,,,,False
2.531,PASS_LAST_PILLAR,23.0,84,32,115,80,0,20.0,-13.31,17.56,0.892,,,,,,,,False
2.547,PASS_LAST_PILLAR,24.0,86,30,25,80,0,20.0,-13.31,17.56,0.892,,,,,,,,False
2.609,PASS_LAST_PILLAR,24.0,87,29,23,80,0,20.0,-13.31,17.56,0.892,,,,,,,,False
2.625,PASS_LAST_PILLAR,25.0,88,28,23,80,0,20.0,-13.31,17.56,0.892,,,,,,,,False
2.656,SEARCH_FIRST_BOUNDARY,25.0,89,27,22,40,0,-25.0,,,,,,,,,,,False
2.719,SEARCH_FIRST_BOUNDARY,26.0,90,26,22,40,0,-25.0,,,,,,,,,,,False
2.750,SEARCH_FIRST_BOUNDARY,26.0,91,26,22,40,0,-25.0,,,,,,,,,,,False
2.766,SEARCH_FIRST_BOUNDARY,26.0,93,25,22,40,0,-25.0,,,,,,,,,,,False
2.828,SEARCH_FIRST_BOUNDARY,28.0,96,24,22,40,0,-25.0,,,,,,,,,,,False
2.859,SEARCH_FIRST_BOUNDARY,29.0,96,24,22,40,0,-25.0,,,,,,,,,,,False
2.922,SEARCH_FIRST_BOUNDARY,28.0,96,24,22,40,0,-25.0,,,,,,,,,,,False
2.937,SEARCH_FIRST_BOUNDARY,28.0,96,24,21,40,0,-25.0,,,,,,,,,,,False
2.969,SEARCH_FIRST_BOUNDARY,28.0,96,24,21,40,0,-25.0,,,,,,,,,,,False
3.031,SEARCH_FIRST_BOUNDARY,28.0,96,24,21,40,0,-25.0,,,,,,,,,,,False
3.047,SEARCH_FIRST_BOUNDARY,28.0,96,24,21,40,0,-25.0,,,,,,,,,,,False
3.125,SEARCH_FIRST_BOUNDARY,28.0,96,23,21,40,0,-25.0,,,,,,,,,,,False
3.156,SEARCH_FIRST_BOUNDARY,28.0,96,23,20,40,0,-25.0,,,,,,,,,,,False
3.219,SEARCH_FIRST_BOUNDARY,28.0,96,23,20,40,0,-25.0,,,,,,,,,,,False
3.250,SEARCH_FIRST_BOUNDARY,27.0,95,23,20,40,0,-25.0,,,,,,,,,,,False
3.328,SEARCH_FIRST_BOUNDARY,27.0,96,23,20,40,0,-25.0,,,,,,,,,,,False
3.344,SEARCH_FIRST_BOUNDARY,27.0,96,23,20,40,0,-25.0,,,,,,,,,,,False
3.422,SEARCH_FIRST_BOUNDARY,27.0,95,23,21,40,0,-25.0,,,,,,,,,,,False
3.437,SEARCH_FIRST_BOUNDARY,27.0,95,23,21,40,0,-25.0,,,,,,,,,,,False
3.453,SEARCH_FIRST_BOUNDARY,27.0,95,23,21,40,0,-25.0,,,,,,,,,,,False
3.516,SEARCH_FIRST_BOUNDARY,27.0,95,23,22,40,0,-25.0,,,,,,,,,,,False
3.547,SEARCH_FIRST_BOUNDARY,26.0,95,23,22,40,0,-25.0,,,,,,,,,,,False
3.562,SEARCH_FIRST_BOUNDARY,26.0,95,22,22,40,0,-25.0,,,,,,,,,,,False
3.625,SEARCH_FIRST_BOUNDARY,26.0,95,22,22,40,0,-25.0,,,,,,,,,,,False
3.656,SEARCH_FIRST_BOUNDARY,26.0,95,22,23,40,0,-25.0,,,,,,,,,,,False
3.719,SEARCH_FIRST_BOUNDARY,26.0,95,22,23,40,0,-25.0,,,,,,,,,,,False
3.750,SEARCH_FIRST_BOUNDARY,26.0,95,22,23,40,0,-25.0,,,,,,,,,,,False
3.766,SEARCH_FIRST_BOUNDARY,26.0,94,22,22,40,0,-25.0,,,,,,,,,,,False
3.828,SEARCH_FIRST_BOUNDARY,26.0,95,22,68,40,0,-25.0,,,,,,,,,,,False
3.859,SEARCH_FIRST_BOUNDARY,25.0,94,22,118,40,0,-25.0,,,,,,,,,,,False
3.922,SEARCH_FIRST_BOUNDARY,25.0,93,22,121,40,0,-25.0,,,,,,,,,,,False
3.937,SEARCH_FIRST_BOUNDARY,25.0,93,22,124,40,0,-25.0,,,,,,,,,,,False
3.969,SEARCH_FIRST_BOUNDARY,25.0,93,22,126,40,0,-25.0,,,,,,,,,,,False
4.031,SEARCH_FIRST_BOUNDARY,25.0,92,22,127,40,0,-25.0,,,,,,,,,,,False
4.062,SEARCH_FIRST_BOUNDARY,24.0,91,22,129,40,0,-25.0,,,,,,,,,,,False
4.141,SEARCH_FIRST_BOUNDARY,24.0,90,21,130,40,0,-25.0,,,,,,,,,,,False
4.156,SEARCH_FIRST_BOUNDARY,24.0,84,21,132,40,0,-25.0,,,,,,,,,,,False
4.234,SEARCH_FIRST_BOUNDARY,24.0,77,21,132,40,0,-25.0,,,,,,,,,,,False
4.250,SEARCH_FIRST_BOUNDARY,24.0,34,21,134,40,0,-25.0,,,,,,,,,,,False
4.328,SEARCH_FIRST_BOUNDARY,24.0,27,21,135,40,0,-25.0,,,,,,,,,,,False
4.344,SEARCH_FIRST_BOUNDARY,23.0,21,21,136,40,0,-25.0,,,,,,,,,,,False
4.375,SEARCH_FIRST_BOUNDARY,23.0,21,21,135,40,0,-25.0,,,,,,,,,,,False
4.437,SEARCH_FIRST_BOUNDARY,23.0,21,21,43,40,0,-25.0,,,,,,,,,,,False
4.453,SEARCH_FIRST_BOUNDARY,23.0,21,21,39,40,0,-25.0,,,,,,,,,,,False
4.531,SEARCH_FIRST_BOUNDARY,23.0,21,21,40,40,0,-25.0,,,,,,,,,,,False
4.547,SEARCH_FIRST_BOUNDARY,22.0,20,21,41,40,0,-25.0,,,,,,,,,,,False
4.625,SEARCH_FIRST_BOUNDARY,22.0,20,20,41,40,0,-25.0,,,,,,,,,,,False
4.641,SEARCH_FIRST_BOUNDARY,22.0,20,20,40,40,0,-25.0,,,,,,,,,,,False
4.703,SEARCH_FIRST_BOUNDARY,22.0,20,21,39,40,0,-25.0,,,,,,,,,,,False
4.734,SEARCH_FIRST_BOUNDARY,21.0,20,21,39,40,0,-25.0,,,,,,,,,,,False
4.750,SEARCH_FIRST_BOUNDARY,21.0,19,20,39,40,0,-25.0,,,,,,,,,,,False
4.812,SEARCH_FIRST_BOUNDARY,21.0,19,20,38,40,0,-25.0,,,,,,,,,,,False
4.828,SEARCH_FIRST_BOUNDARY,21.0,18,20,38,40,0,-25.0,,,,,,,,,,,False
4.859,SEARCH_FIRST_BOUNDARY,21.0,18,20,38,40,0,-25.0,,,,,,,,,,,False
4.922,SEARCH_FIRST_BOUNDARY,21.0,18,20,37,40,0,-25.0,,,,,,,,,,,False
4.937,SEARCH_FIRST_BOUNDARY,21.0,18,20,37,40,0,-25.0,,,,,,,,,,,False
4.969,SEARCH_FIRST_BOUNDARY,20.0,18,20,37,40,0,-25.0,,,,,,,,,,,False
5.031,SEARCH_FIRST_BOUNDARY,20.0,18,20,36,40,0,-25.0,,,,,,,,,,,False
5.047,SEARCH_FIRST_BOUNDARY,20.0,18,20,36,40,0,-25.0,,,,,,,,,,,False
5.109,SEARCH_FIRST_BOUNDARY,20.0,18,20,36,40,0,-25.0,,,,,,,,,,,False
5.141,SEARCH_FIRST_BOUNDARY,20.0,18,20,36,40,0,-25.0,,,,,,,,,,,False
5.156,SEARCH_FIRST_BOUNDARY,20.0,18,20,36,40,0,-25.0,,,,,,,,,,,False
5.219,SEARCH_FIRST_BOUNDARY,19.0,18,20,36,40,0,-25.0,,,,,,,,,,,False
5.250,SEARCH_FIRST_BOUNDARY,19.0,19,20,36,40,0,-25.0,,,,,,,,,,,False
5.266,SEARCH_FIRST_BOUNDARY,19.0,19,20,37,40,0,-25.0,,,,,,,,,,,False
5.328,SEARCH_FIRST_BOUNDARY,19.0,19,19,38,40,0,-25.0,,,,,,,,,,,False
5.344,SEARCH_FIRST_BOUNDARY,19.0,19,20,47,40,0,-25.0,,,,,,,,,,,False
5.406,SEARCH_FIRST_BOUNDARY,19.0,19,20,62,40,0,-25.0,,,,,,,,,,,False
5.437,SEARCH_FIRST_BOUNDARY,18.0,19,19,111,40,0,-25.0,,,,,,,,,,,False
5.453,SEARCH_FIRST_BOUNDARY,18.0,19,19,139,40,0,-25.0,,,,,,,,,,,False
5.516,SEARCH_FIRST_BOUNDARY,18.0,19,19,148,40,0,-25.0,,,,,,,,,,,False
5.531,SEARCH_FIRST_BOUNDARY,18.0,19,19,154,40,0,-25.0,,,,,,,,,,,False
5.562,SEARCH_FIRST_BOUNDARY,18.0,19,19,156,40,0,-25.0,,,,,,,,,,,False
5.625,SEARCH_FIRST_BOUNDARY,18.0,19,19,159,40,0,-25.0,,,,,,,,,,,False
5.641,SEARCH_FIRST_BOUNDARY,18.0,19,19,165,40,0,-25.0,,,,,,,,,,,False
5.672,SEARCH_FIRST_BOUNDARY,17.0,19,19,167,40,0,-25.0,,,,,,,,,,,False
5.734,SEARCH_FIRST_BOUNDARY,17.0,19,19,168,40,0,-25.0,,,,,,,,,,,False
5.750,SEARCH_FIRST_BOUNDARY,17.0,19,19,173,40,0,-25.0,,,,,,,,,,,False
5.828,SEARCH_FIRST_BOUNDARY,17.0,19,19,174,40,0,-25.0,,,,,,,,,,,False
5.844,SEARCH_FIRST_BOUNDARY,17.0,19,19,177,40,0,-25.0,,,,,,,,,,,False
5.906,SEARCH_FIRST_BOUNDARY,17.0,19,19,178,40,0,-25.0,,,,,,,,,,,False
5.922,SEARCH_FIRST_BOUNDARY,17.0,19,19,179,40,0,-25.0,,,,,,,,,,,False
5.953,SEARCH_FIRST_BOUNDARY,17.0,19,19,183,40,0,-25.0,,,,,,,,,,,False
5.969,SEARCH_FIRST_BOUNDARY,16.0,19,19,182,40,0,-25.0,,,,,,,,,,,False
6.047,SEARCH_FIRST_BOUNDARY,16.0,19,19,184,40,0,-25.0,,,,,,,,,,,False
6.062,SEARCH_FIRST_BOUNDARY,16.0,20,19,185,40,0,-25.0,,,,,,,,,,,False
6.125,SEARCH_FIRST_BOUNDARY,16.0,21,19,186,40,0,-25.0,,,,,,,,,,,False
6.156,SEARCH_FIRST_BOUNDARY,16.0,50,19,189,40,0,-25.0,,,,,,,,,,,False
6.219,SEARCH_FIRST_BOUNDARY,16.0,67,19,189,40,0,-25.0,,,,,,,,,,,False
6.234,SEARCH_FIRST_BOUNDARY,16.0,89,18,191,40,0,-25.0,,,,,,,,,,,False
6.250,SEARCH_FIRST_BOUNDARY,15.0,90,19,193,40,0,-25.0,,,,,,,,,,,False
6.312,SEARCH_FIRST_BOUNDARY,15.0,90,18,193,40,0,-25.0,,,,,,,,,,,False
6.344,SEARCH_FIRST_BOUNDARY,15.0,90,19,154,40,0,-25.0,,,,,,,,,,,False
6.406,SEARCH_FIRST_BOUNDARY,15.0,91,19,140,40,0,-25.0,,,,,,,,,,,False
6.422,SEARCH_FIRST_BOUNDARY,15.0,90,19,130,40,0,-25.0,,,,,,,,,,,False
6.453,SEARCH_FIRST_BOUNDARY,15.0,91,18,127,40,0,-25.0,,,,,,,,,,,False
6.516,SEARCH_FIRST_BOUNDARY,15.0,91,18,126,60,1,40.0,,,,,,,,,,,False
6.531,SEARCH_FIRST_BOUNDARY,14.0,91,19,122,60,1,40.0,,,,,,,,,,,False
6.562,SEARCH_FIRST_BOUNDARY,14.0,90,19,121,60,1,40.0,,,,,,,,,,,False
6.609,SEARCH_FIRST_BOUNDARY,14.0,91,18,121,60,1,40.0,,,,,,,,,,,False
6.641,SEARCH_FIRST_BOUNDARY,14.0,90,18,121,60,1,40.0,,,,,,,,,,,False
6.656,SEARCH_FIRST_BOUNDARY,13.0,89,20,168,60,1,40.0,,,,,,,,,,,False
6.719,SEARCH_FIRST_BOUNDARY,11.0,79,21,226,60,1,40.0,,,,,,,,,,,False
6.734,SEARCH_FIRST_BOUNDARY,10.0,18,23,230,60,1,40.0,,,,,,,,,,,False
6.797,SEARCH_FIRST_BOUNDARY,10.0,18,24,228,60,1,40.0,,,,,,,,,,,False
6.828,SEARCH_FIRST_BOUNDARY,8.0,18,27,225,60,1,40.0,,,,,,,,,,,False
6.844,SEARCH_FIRST_BOUNDARY,8.0,18,28,225,60,1,40.0,,,,,,,,,,,False
6.906,SEARCH_FIRST_BOUNDARY,7.0,17,29,224,60,1,40.0,,,,,,,,,,,False
6.937,SEARCH_FIRST_BOUNDARY,6.0,17,31,223,60,1,40.0,,,,,,,,,,,False
6.953,SEARCH_FIRST_BOUNDARY,6.0,18,33,223,60,1,40.0,,,,,,,,,,,False
7.016,SEARCH_FIRST_BOUNDARY,5.0,19,34,223,60,1,40.0,,,,,,,,,,,False
7.047,SEARCH_FIRST_BOUNDARY,4.0,78,38,221,60,1,40.0,,,,,,,,,,,False
7.109,SEARCH_FIRST_BOUNDARY,4.0,79,39,221,60,1,40.0,,,,,,,,,,,False
7.125,SEARCH_FIRST_BOUNDARY,3.0,80,42,220,60,1,40.0,,,,,,,,,,,False
7.156,SEARCH_FIRST_BOUNDARY,3.0,80,44,220,60,1,40.0,,,,,,,,,,,False
7.219,SEARCH_FIRST_BOUNDARY,2.0,80,45,221,40,0,-30.0,,,,,,,,,,,False
7.234,SEARCH_FIRST_BOUNDARY,2.0,79,49,221,40,0,-30.0,,,,,,,,,,,False
7.250,SEARCH_FIRST_BOUNDARY,1.0,79,50,220,40,0,-30.0,,,,,,,,,,,False
7.312,SEARCH_FIRST_BOUNDARY,1.0,79,52,219,40,0,-30.0,,,,,,,,,,,False
7.344,SEARCH_FIRST_BOUNDARY,0.0,79,53,219,40,0,-30.0,,,,,,,,,,,False
7.406,SEARCH_FIRST_BOUNDARY,1.0,79,51,219,40,0,-30.0,,,,,,,,,,,False
7.422,SEARCH_FIRST_BOUNDARY,3.0,79,48,219,40,0,-30.0,,,,,,,,,,,False
7.453,SEARCH_FIRST_BOUNDARY,2.0,79,49,219,40,0,-30.0,,,,,,,,,,,False
7.516,SEARCH_FIRST_BOUNDARY,2.0,80,49,219,40,0,-30.0,,,,,,,,,,,False
7.547,SEARCH_FIRST_BOUNDARY,2.0,79,50,220,40,0,-30.0,,,,,,,,,,,False
7.609,SEARCH_FIRST_BOUNDARY,2.0,79,50,219,40,0,-30.0,,,,,,,,,,,False
7.625,SEARCH_FIRST_BOUNDARY,1.0,79,51,219,40,0,-30.0,,,,,,,,,,,False
7.641,SEARCH_FIRST_BOUNDARY,1.0,79,52,219,40,0,-30.0,,,,,,,,,,,False
7.703,SEARCH_FIRST_BOUNDARY,1.0,79,52,219,40,0,-30.0,,,,,,,,,,,False
7.734,SEARCH_FIRST_BOUNDARY,1.0,79,53,218,40,0,-30.0,,,,,,,,,,,False
7.750,SEARCH_FIRST_BOUNDARY,1.0,79,53,218,40,0,-30.0,,,,,,,,,,,False
7.844,SEARCH_FIRST_BOUNDARY,1.0,79,54,218,40,0,-30.0,,,,,,,,,,,False
7.906,SEARCH_FIRST_BOUNDARY,0.0,79,55,218,40,0,-30.0,,,,,,,,,,,False
7.937,SEARCH_FIRST_BOUNDARY,0.0,79,56,218,40,0,-30.0,,,,,,,,,,,False
7.953,SEARCH_FIRST_BOUNDARY,0.0,79,57,218,40,0,-30.0,,,,,,,,,,,False
8.016,SEARCH_FIRST_BOUNDARY,0.0,79,57,218,40,0,-30.0,,,,,,,,,,,False
8.047,SEARCH_FIRST_BOUNDARY,0.0,79,58,218,40,0,-30.0,,,,,,,,,,,False
8.062,SEARCH_FIRST_BOUNDARY,-1.0,78,59,217,40,0,-30.0,,,,,,,,,,,False
8.125,SEARCH_FIRST_BOUNDARY,-1.0,79,60,217,40,0,-30.0,,,,,,,,,,,False
8.156,SEARCH_FIRST_BOUNDARY,-1.0,78,62,217,40,0,-30.0,,,,,,,,,,,False
8.219,SEARCH_FIRST_BOUNDARY,-1.0,78,62,217,40,0,-30.0,,,,,,,,,,,False
8.234,SEARCH_FIRST_BOUNDARY,-1.0,78,63,217,40,0,-30.0,,,,,,,,,,,False
8.250,SEARCH_FIRST_BOUNDARY,-2.0,78,64,216,40,0,-30.0,,,,,,,,,,,False
8.312,SEARCH_FIRST_BOUNDARY,-2.0,78,64,216,40,0,-30.0,,,,,,,,,,,False
8.344,SEARCH_FIRST_BOUNDARY,-2.0,78,65,216,40,0,-30.0,,,,,,,,,,,False
8.406,SEARCH_FIRST_BOUNDARY,-2.0,78,67,216,40,0,-30.0,,,,,,,,,,,False
8.422,SEARCH_FIRST_BOUNDARY,-2.0,78,68,216,40,0,-30.0,,,,,,,,,,,False
8.453,SEARCH_FIRST_BOUNDARY,-2.0,78,69,216,40,0,-30.0,,,,,,,,,,,False
8.516,SEARCH_FIRST_BOUNDARY,-2.0,78,70,216,40,0,-30.0,,,,,,,,,,,False
8.531,SEARCH_FIRST_BOUNDARY,-3.0,77,71,216,40,0,-30.0,,,,,,,,,,,False
8.562,SEARCH_FIRST_BOUNDARY,-3.0,77,72,216,40,0,-30.0,,,,,,,,,,,False
8.625,SEARCH_FIRST_BOUNDARY,-3.0,77,73,216,40,0,-30.0,,,,,,,,,,,False
8.641,SEARCH_FIRST_BOUNDARY,-3.0,76,75,216,40,0,-30.0,,,,,,,,,,,False
8.719,SEARCH_FIRST_BOUNDARY,-3.0,75,76,215,40,0,-30.0,,,,,,,,,,,False
8.734,SEARCH_FIRST_BOUNDARY,-4.0,72,78,215,40,0,-30.0,,,,,,,,,,,False
8.750,SEARCH_FIRST_BOUNDARY,-4.0,67,79,215,40,0,-30.0,,,,,,,,,,,False
8.812,SEARCH_FIRST_BOUNDARY,-4.0,62,80,215,40,0,-30.0,,,,,,,,,,,False
8.844,SEARCH_FIRST_BOUNDARY,-4.0,36,82,215,40,0,-30.0,,,,,,,,,,,False
8.859,SEARCH_FIRST_BOUNDARY,-4.0,21,84,215,40,0,-30.0,,,,,,,,,,,False
8.922,SEARCH_FIRST_BOUNDARY,-4.0,17,85,215,40,0,-30.0,,,,,,,,,,,False
8.953,SEARCH_FIRST_BOUNDARY,-5.0,19,90,215,40,0,-30.0,,,,,,,,,,,False
9.016,SEARCH_FIRST_BOUNDARY,-5.0,17,92,215,40,0,-30.0,,,,,,,,,,,False
9.047,SEARCH_FIRST_BOUNDARY,-5.0,19,113,214,40,0,-30.0,,,,,,,,,,,False
9.062,SEARCH_FIRST_BOUNDARY,-5.0,17,131,214,40,0,-30.0,,,,,,,,,,,False
9.125,SEARCH_FIRST_BOUNDARY,-5.0,17,131,214,40,0,-30.0,,,,,,,,,,,False
9.156,SEARCH_FIRST_BOUNDARY,-6.0,15,170,214,40,0,-30.0,,,,,,,,,,,False
9.219,SEARCH_FIRST_BOUNDARY,-6.0,15,179,214,40,0,-30.0,,,,,,,,,,,False
9.250,SEARCH_FIRST_BOUNDARY,-6.0,15,196,70,40,0,-30.0,,,,,,,,,,,False
9.312,SEARCH_FIRST_BOUNDARY,-7.0,14,196,131,40,0,-30.0,,,,,,,,,,,False
9.344,SEARCH_FIRST_BOUNDARY,-7.0,15,196,207,40,0,-30.0,,,,,,,,,,,False
9.359,SEARCH_FIRST_BOUNDARY,-7.0,15,193,209,40,0,-30.0,,,,,,,,,,,False
9.422,SEARCH_FIRST_BOUNDARY,-7.0,15,190,210,40,0,-30.0,,,,,,,,,,,False
9.453,SEARCH_FIRST_BOUNDARY,-8.0,15,178,212,40,0,-30.0,,,,,,,,,,,False
9.516,SEARCH_FIRST_BOUNDARY,-8.0,15,174,212,40,0,-30.0,,,,,,,,,,,False
9.531,SEARCH_FIRST_BOUNDARY,-8.0,15,162,213,40,0,-30.0,,,,,,,,,,,False
9.547,SEARCH_FIRST_BOUNDARY,-8.0,15,154,213,40,0,-30.0,,,,,,,,,,,False
9.609,SEARCH_FIRST_BOUNDARY,-8.0,15,152,213,40,0,-30.0,,,,,,,,,,,False
9.641,SEARCH_FIRST_BOUNDARY,-9.0,15,152,213,40,0,-30.0,,,,,,,,,,,False
9.656,SEARCH_FIRST_BOUNDARY,-9.0,15,154,212,40,0,-30.0,,,,,,,,,,,False
9.719,SEARCH_FIRST_BOUNDARY,-9.0,15,157,211,40,0,-30.0,,,,,,,,,,,False
9.750,SEARCH_FIRST_BOUNDARY,-9.0,15,172,207,40,0,-30.0,,,,,,,,,,,False
9.812,SEARCH_FIRST_BOUNDARY,-10.0,15,178,199,40,0,-30.0,,,,,,,,,,,False
9.828,SEARCH_FIRST_BOUNDARY,-10.0,15,190,24,40,0,-30.0,,,,,,,,,,,False
9.844,SEARCH_FIRST_BOUNDARY,-10.0,15,191,11,40,0,-30.0,,,,,,,,,,,False
9.906,SEARCH_FIRST_BOUNDARY,-10.0,15,191,11,40,0,-30.0,,,,,,,,,,,False
9.937,SEARCH_FIRST_BOUNDARY,-11.0,15,191,11,40,0,-30.0,,,,,,,,,,,False
9.953,SEARCH_FIRST_BOUNDARY,-11.0,15,190,11,40,0,-30.0,,,,,,,,,,,False
10.016,SEARCH_FIRST_BOUNDARY,-11.0,15,190,11,40,0,-30.0,,,,,,,,,,,False
10.047,SEARCH_FIRST_BOUNDARY,-11.0,15,189,11,40,0,-30.0,,,,,,,,,,,False
10.062,SEARCH_FIRST_BOUNDARY,-12.0,14,190,12,40,0,-30.0,,,,,,,,,,,False
10.125,SEARCH_FIRST_BOUNDARY,-12.0,14,189,11,40,0,-30.0,,,,,,,,,,,False
10.156,SEARCH_FIRST_BOUNDARY,-12.0,14,189,11,40,0,-30.0,,,,,,,,,,,False
10.219,SEARCH_FIRST_BOUNDARY,-12.0,14,188,11,40,0,-30.0,-98.53,22.26,0.616,,,,,,,,False
10.234,SEARCH_FIRST_BOUNDARY,-13.0,14,188,12,40,0,-30.0,-98.53,22.26,0.616,,,,,,,,False
10.250,SEARCH_FIRST_BOUNDARY,-13.0,14,188,12,40,0,-30.0,-98.53,22.26,0.616,,,,,,,,False
10.312,SEARCH_FIRST_BOUNDARY,-13.0,14,188,12,40,0,-30.0,-97.70,22.01,0.629,,,,,,,,False
10.344,SEARCH_FIRST_BOUNDARY,-13.0,14,187,12,40,0,-30.0,-97.70,22.01,0.629,,,,,,,,False
10.406,TRACK_OPENING,-13.0,14,187,12,40,0,-30.0,-97.17,21.88,0.719,,,,,,,,False
10.437,TRACK_OPENING,-14.0,14,187,12,40,0,-30.0,-97.17,21.88,0.719,,,,,,,,False
10.453,TRACK_OPENING,-14.0,19,186,12,40,0,-30.0,-97.17,21.88,0.719,,,,,,,,False
10.516,TRACK_OPENING,-14.0,32,187,12,40,0,-30.0,-96.61,22.15,0.749,,,,,,,,False
10.547,TRACK_OPENING,-15.0,72,186,12,40,0,-30.0,-96.61,22.15,0.749,,,,,,,,False
10.609,TRACK_OPENING,-15.0,75,185,12,40,0,-30.0,-96.02,22.33,0.766,,,,,,,,False
10.625,TRACK_OPENING,-15.0,76,185,12,40,0,-30.0,-96.02,22.33,0.766,,,,,,,,False
10.641,TRACK_OPENING,-15.0,77,185,12,40,0,-30.0,-96.02,22.33,0.766,,,,,,,,False
10.719,TRACK_OPENING,-16.0,77,185,12,40,0,-30.0,-95.36,22.47,0.763,,,,,,,,False
10.734,TRACK_OPENING,-16.0,77,185,12,40,0,-30.0,-95.36,22.47,0.763,,,,,,,,False
10.750,TRACK_OPENING,-16.0,77,184,12,40,0,-30.0,-95.36,22.47,0.763,,,,,,,,False
10.812,TRACK_OPENING,-16.0,77,184,12,40,0,-30.0,-94.72,22.57,0.755,,,,,,,,False
10.828,TRACK_OPENING,-17.0,77,184,12,40,0,-30.0,-94.72,22.57,0.755,,,,,,,,False
10.906,TRACK_OPENING,-17.0,77,184,12,40,0,-30.0,-94.33,22.63,0.795,,,,,,,,False
10.937,TRACK_OPENING,-17.0,77,183,12,40,0,-30.0,-94.33,22.63,0.795,,,,,,,,False
10.969,TRACK_OPENING,-17.0,77,183,12,40,0,-30.0,-94.33,22.63,0.795,,,,,,,,False
11.031,TRACK_OPENING,-18.0,77,183,13,40,0,-30.0,-94.10,22.92,0.804,,,,,,,,False
11.062,TRACK_OPENING,-18.0,77,183,13,40,0,-30.0,-94.10,22.92,0.804,,,,,,,,False
11.156,TRACK_OPENING,-18.0,77,182,12,40,0,-30.0,-93.25,22.90,0.788,,,,,,,,False
11.250,TRACK_OPENING,-19.0,77,183,13,40,0,-30.0,-92.12,22.65,0.772,,,,,,,,False
11.344,TRACK_OPENING,-19.0,77,181,13,40,0,-30.0,-91.04,22.51,0.756,,,,,,,,False
11.359,TRACK_OPENING,-20.0,77,181,13,40,0,-30.0,-91.04,22.51,0.756,,,,,,,,False
11.453,TRACK_OPENING,-20.0,77,179,13,40,0,-30.0,-90.02,22.47,0.741,,,,,,,,False
11.547,TRACK_OPENING,-20.0,77,182,13,40,0,-30.0,-89.14,22.48,0.727,,,,,,,,False
11.609,TRACK_OPENING,-20.0,77,181,13,40,0,-30.0,-89.99,22.65,0.780,,,,,,,,False
11.641,TRACK_OPENING,-21.0,76,181,13,40,0,-30.0,-89.99,22.65,0.780,,,,,,,,False
11.703,TRACK_OPENING,-21.0,77,182,13,40,0,-30.0,-90.60,22.97,0.790,,,,,,,,False
11.719,TRACK_OPENING,-21.0,77,180,14,40,0,-30.0,-90.60,22.97,0.790,,,,,,,,False
11.750,TRACK_OPENING,-21.0,77,181,14,40,0,-30.0,-90.60,22.97,0.790,,,,,,,,False
11.812,TRACK_OPENING,-22.0,77,180,13,40,0,-30.0,-90.84,23.09,0.779,,,,,,,,False
11.828,TRACK_OPENING,-22.0,77,179,14,40,0,-30.0,-90.84,23.09,0.779,,,,,,,,False
11.844,TRACK_OPENING,-22.0,77,180,14,40,0,-30.0,-90.84,23.09,0.779,,,,,,,,False
11.937,TRACK_OPENING,-22.0,77,181,14,40,0,-30.0,-90.69,22.94,0.790,,,,,,,,False
12.000,TRACK_OPENING,-23.0,76,179,14,40,0,-30.0,-90.38,23.03,0.795,,,,,,,,False
12.016,TRACK_OPENING,-23.0,77,180,14,40,0,-30.0,-90.38,23.03,0.795,,,,,,,,False
12.031,TRACK_OPENING,-23.0,77,178,14,40,0,-30.0,-90.38,23.03,0.795,,,,,,,,False
12.094,TRACK_OPENING,-23.0,76,179,14,40,0,-30.0,-90.01,23.21,0.810,,,,,,,,False
12.125,TRACK_OPENING,-24.0,77,180,14,40,0,-29.0,-90.01,23.21,0.810,,,,,,,,False
12.141,TRACK_OPENING,-24.0,76,178,14,40,0,-29.0,-90.01,23.21,0.810,,,,,,,,False
12.203,TRACK_OPENING,-24.0,76,178,14,40,0,-29.0,-89.70,23.49,0.813,,,,,,,,False
12.234,TRACK_OPENING,-24.0,76,177,15,40,0,-29.0,-89.70,23.49,0.813,,,,,,,,False
12.250,TRACK_OPENING,-24.0,76,177,14,40,0,-29.0,-89.70,23.49,0.813,,,,,,,,False
12.312,TRACK_OPENING,-25.0,76,177,14,40,0,-28.0,-89.38,23.78,0.814,,,,,,,,False
12.344,TRACK_OPENING,-25.0,77,174,15,40,0,-28.0,-89.38,23.78,0.814,,,,,,,,False
12.406,TRACK_OPENING,-25.0,76,173,15,40,0,-28.0,-89.04,23.96,0.803,,,,,,,,False
12.422,TRACK_OPENING,-25.0,77,151,15,40,0,-28.0,-89.04,23.96,0.803,,,,,,,,False
12.453,TRACK_OPENING,-26.0,76,129,15,40,0,-27.0,-89.04,23.96,0.803,,,,,,,,False
12.516,TRACK_OPENING,-26.0,76,94,15,40,0,-27.0,-88.57,24.12,0.784,,,,,,,,False
12.531,TRACK_OPENING,-26.0,77,76,15,40,0,-27.0,-88.57,24.12,0.784,,,,,,,,False
12.547,TRACK_OPENING,-26.0,76,73,15,40,0,-27.0,-88.57,24.12,0.784,,,,,,,,False
12.609,TRACK_OPENING,-26.0,76,73,15,40,0,-27.0,-87.62,24.15,0.783,,,,,,,,False
12.641,TRACK_OPENING,-27.0,77,73,16,40,0,-26.0,-87.62,24.15,0.783,,,,,,,,False
12.656,TRACK_OPENING,-27.0,76,73,16,40,0,-26.0,-87.62,24.15,0.783,,,,,,,,False
12.719,TRACK_OPENING,-27.0,76,73,16,40,0,-26.0,-86.30,23.87,0.782,,,,,,,,False
12.750,TRACK_OPENING,-28.0,76,73,16,40,0,-25.0,-86.30,23.87,0.782,,,,,,,,False
12.812,TRACK_OPENING,-28.0,77,73,16,40,0,-25.0,-85.07,23.76,0.765,,,,,,,,False
12.828,TRACK_OPENING,-28.0,76,72,16,40,0,-25.0,-85.07,23.76,0.765,,,,,,,,False
12.844,TRACK_OPENING,-28.0,76,72,16,40,0,-25.0,-85.07,23.76,0.765,,,,,,,,False
12.906,TRACK_OPENING,-28.0,76,72,16,40,0,-25.0,-83.87,23.74,0.770,,,,,,,,False
12.937,TRACK_OPENING,-29.0,77,72,16,40,0,-24.0,-83.87,23.74,0.770,,,,,,,,False
12.953,TRACK_OPENING,-29.0,77,73,16,40,0,-24.0,-83.87,23.74,0.770,,,,,,,,False
13.016,TRACK_OPENING,-29.0,76,75,17,40,0,-24.0,-82.58,23.69,0.760,,,,,,,,False
13.031,TRACK_OPENING,-29.0,76,78,17,40,0,-24.0,-82.58,23.69,0.760,,,,,,,,False
13.047,TRACK_OPENING,-29.0,76,86,17,40,0,-24.0,-82.58,23.69,0.760,,,,,,,,False
13.125,TRACK_OPENING,-30.0,77,99,17,40,0,-23.0,-81.54,23.70,0.767,,,,,,,,False
13.141,TRACK_OPENING,-30.0,76,175,17,40,0,-23.0,-81.54,23.70,0.767,,,,,,,,False
13.203,TRACK_OPENING,-30.0,77,177,17,40,0,-23.0,-80.43,23.55,0.761,,,,,,,,False
13.234,TRACK_OPENING,-31.0,76,175,17,40,0,-22.0,-80.43,23.55,0.761,,,,,,,,False
13.250,TRACK_OPENING,-31.0,77,177,17,40,0,-22.0,-80.43,23.55,0.761,,,,,,,,False
13.312,TRACK_OPENING,-31.0,76,177,18,40,0,-22.0,-79.14,23.36,0.761,,,,,,,,False
13.344,TRACK_OPENING,-32.0,77,176,18,40,0,-21.0,-79.14,23.36,0.761,,,,,,,,False
13.422,TRACK_OPENING,-32.0,76,177,18,40,0,-21.0,-77.86,23.28,0.760,,,,,,,,False
13.437,TRACK_OPENING,-32.0,76,174,18,40,0,-21.0,-77.86,23.28,0.760,,,,,,,,False
13.516,TRACK_OPENING,-33.0,76,172,18,40,0,-20.0,-76.53,23.09,0.751,,,,,,,,False
13.531,TRACK_OPENING,-33.0,76,175,19,40,0,-20.0,-76.53,23.09,0.751,,,,,,,,False
13.562,TRACK_OPENING,-33.0,77,167,19,40,0,-20.0,-76.53,23.09,0.751,,,,,,,,False
13.625,TRACK_OPENING,-33.0,77,170,19,40,0,-20.0,-75.32,23.05,0.736,,,,,,,,False
13.641,TRACK_OPENING,-34.0,77,170,19,40,0,-19.0,-75.32,23.05,0.736,,,,,,,,False
13.703,TRACK_OPENING,-34.0,77,179,19,40,0,-19.0,-74.30,22.90,0.739,,,,,,,,False
13.734,TRACK_OPENING,-34.0,77,183,20,40,0,-19.0,-74.30,22.90,0.739,,,,,,,,False
13.750,TRACK_OPENING,-34.0,77,176,20,40,0,-19.0,-74.30,22.90,0.739,,,,,,,,False
13.812,TRACK_OPENING,-35.0,77,178,20,40,0,-18.0,-73.08,22.42,0.730,,,,,,,,False
13.828,TRACK_OPENING,-35.0,77,179,20,40,0,-18.0,-73.08,22.42,0.730,,,,,,,,False
13.844,TRACK_OPENING,-35.0,77,179,20,40,0,-18.0,-73.08,22.42,0.730,,,,,,,,False
13.906,TRACK_OPENING,-35.0,78,180,20,40,0,-18.0,-71.94,22.01,0.721,,,,,,,,False
13.937,TRACK_OPENING,-36.0,77,180,21,40,0,-17.0,-71.94,22.01,0.721,,,,,,,,False
13.953,TRACK_OPENING,-36.0,77,180,21,40,0,-17.0,-71.94,22.01,0.721,,,,,,,,False
14.016,TRACK_OPENING,-36.0,77,179,21,40,0,-17.0,-70.66,21.45,0.719,,,,,,,,False
14.047,TRACK_OPENING,-36.0,77,180,21,40,0,-17.0,-70.66,21.45,0.719,,,,,,,,False
14.109,TRACK_OPENING,-36.0,77,180,21,40,0,-17.0,-69.49,21.09,0.720,,,,,,,,False
14.125,TRACK_OPENING,-37.0,78,180,22,40,0,-16.0,-69.49,21.09,0.720,,,,,,,,False
14.141,TRACK_OPENING,-37.0,78,180,22,40,0,-16.0,-69.49,21.09,0.720,,,,,,,,False
14.203,TRACK_OPENING,-37.0,78,180,22,40,0,-16.0,-68.46,20.93,0.713,,,,,,,,False
14.234,TRACK_OPENING,-38.0,78,179,22,40,0,-15.0,-68.46,20.93,0.713,,,,,,,,False
14.250,TRACK_OPENING,-38.0,77,180,22,40,0,-15.0,-68.46,20.93,0.713,,,,,,,,False
14.312,TRACK_OPENING,-38.0,77,179,22,40,0,-15.0,-67.57,20.97,0.720,,,,,,,,False
14.328,TRACK_OPENING,-38.0,77,178,22,40,0,-15.0,-67.57,20.97,0.720,,,,,,,,False
14.344,TRACK_OPENING,-38.0,77,178,22,40,0,-15.0,-67.57,20.97,0.720,,,,,,,,False
14.422,TRACK_OPENING,-38.0,78,178,23,65,1,45.0,-66.74,20.80,0.710,,,,,,,,False
14.437,TRACK_OPENING,-38.0,77,177,23,65,1,45.0,-66.74,20.80,0.710,,,,,,,,False
14.500,TRACK_OPENING,-39.0,78,174,23,65,1,45.0,-66.04,20.56,0.708,,,,,,,,False
14.516,TRACK_OPENING,-40.0,78,155,24,65,1,45.0,-66.04,20.56,0.708,,,,,,,,False
14.547,TRACK_OPENING,-42.0,79,151,24,65,1,45.0,-66.04,20.56,0.708,,,,,,,,False
14.609,TRACK_OPENING,-43.0,80,147,25,65,1,45.0,-65.32,22.42,0.685,,,,,,,,False
14.625,TRACK_OPENING,-44.0,77,142,25,65,1,45.0,-65.32,22.42,0.685,,,,,,,,False
14.656,TRACK_OPENING,-45.0,80,139,25,65,1,45.0,-65.32,22.42,0.685,,,,,,,,False
14.734,TRACK_OPENING,-45.0,71,137,25,65,1,45.0,-58.91,22.93,0.671,,,,,,,,False
14.750,TRACK_OPENING,-47.0,70,131,25,65,1,45.0,-58.91,22.93,0.671,,,,,,,,False
14.828,TRACK_OPENING,-47.0,74,130,25,65,1,45.0,-53.92,27.48,0.674,,,,,,,,False
14.844,TRACK_OPENING,-48.0,66,125,25,65,1,45.0,-53.92,27.48,0.674,,,,,,,,False
14.906,TRACK_OPENING,-49.0,87,115,25,65,1,45.0,-49.21,32.62,0.677,,,,,,,,False
14.922,TRACK_OPENING,-50.0,78,85,25,65,1,45.0,-49.21,32.62,0.677,,,,,,,,False
14.953,TRACK_OPENING,-51.0,74,85,26,65,1,45.0,-49.21,32.62,0.677,,,,,,,,False
15.016,TRACK_OPENING,-51.0,83,87,26,65,1,45.0,-44.60,37.46,0.681,,,,,,,,False
15.047,TRACK_OPENING,-53.0,69,90,26,65,1,45.0,-44.60,37.46,0.681,,,,,,,,False
15.109,TRACK_OPENING,-53.0,52,91,26,65,1,45.0,-40.06,41.89,0.665,,,,,,,,False
15.125,TRACK_OPENING,-54.0,19,93,26,65,1,45.0,-40.06,41.89,0.665,,,,,,,,False
15.141,TRACK_OPENING,-55.0,18,94,26,65,1,45.0,-40.06,41.89,0.665,,,,,,,,False
15.203,TRACK_OPENING,-55.0,18,96,26,65,1,45.0,-35.69,45.61,0.675,,,,,,,,False
15.234,TRACK_OPENING,-56.0,17,98,26,40,0,-2.0,-35.69,45.61,0.675,,,,,,,,False
15.250,TRACK_OPENING,-57.0,17,99,26,40,0,-1.0,-35.69,45.61,0.675,,,,,,,,False
15.344,TRACK_OPENING,-57.0,17,101,26,40,0,-1.0,-30.26,43.96,0.661,,,,,,,,False
15.406,TRACK_OPENING,-58.0,16,102,26,40,0,0.0,-26.87,46.29,0.673,,,,,,,,False
15.422,TRACK_OPENING,-57.0,16,102,26,40,0,-1.0,-26.87,46.29,0.673,,,,,,,,False
15.453,TRACK_OPENING,-57.0,17,101,26,40,0,-1.0,-26.87,46.29,0.673,,,,,,,,False
15.547,TRACK_OPENING,-57.0,16,101,26,40,0,-1.0,-24.37,42.18,0.659,,,,,,,,False
15.625,TRACK_OPENING,-57.0,17,100,27,40,0,-1.0,-23.95,40.36,0.646,,,,,,,,False
15.656,TRACK_OPENING,-57.0,18,99,27,40,0,-1.0,-23.95,40.36,0.646,,,,,,,,False
15.719,TRACK_OPENING,-57.0,18,99,27,40,0,-1.0,-25.61,42.70,0.670,,,,,,,,False
15.734,TRACK_OPENING,-57.0,17,98,28,40,0,-1.0,-25.61,42.70,0.670,,,,,,,,False
15.797,TRACK_OPENING,-57.0,18,98,28,40,0,-1.0,-27.36,43.78,0.650,,,,,,,,False
15.828,TRACK_OPENING,-56.0,18,97,28,40,0,-2.0,-27.36,43.78,0.650,,,,,,,,False
15.844,TRACK_OPENING,-56.0,18,97,28,40,0,-2.0,-27.36,43.78,0.650,,,,,,,,False
15.922,TRACK_OPENING,-56.0,19,97,28,40,0,-2.0,-29.02,44.03,0.659,,,,,,,,False
15.937,TRACK_OPENING,-56.0,19,96,29,40,0,-2.0,-29.02,44.03,0.659,,,,,,,,False
16.000,TRACK_OPENING,-56.0,48,96,29,40,0,-2.0,-30.28,43.36,0.653,,,,,,,,False
16.016,TRACK_OPENING,-56.0,68,95,29,40,0,-2.0,-30.28,43.36,0.653,,,,,,,,False
16.047,TRACK_OPENING,-56.0,79,95,29,40,0,-2.0,-30.28,43.36,0.653,,,,,,,,False
16.109,TRACK_OPENING,-56.0,79,94,29,40,0,-2.0,-31.20,42.17,0.661,,,,,,,,False
16.141,TRACK_OPENING,-56.0,75,94,30,40,0,-2.0,-31.20,42.17,0.661,,,,,,,,False
16.187,TRACK_OPENING,-56.0,87,94,30,40,0,-2.0,-32.00,40.89,0.662,,,,,,,,False
16.219,TRACK_OPENING,-56.0,72,93,30,40,0,-2.0,-32.00,40.89,0.662,,,,,,,,False
16.234,TRACK_OPENING,-56.0,85,93,30,40,0,-2.0,-32.00,40.89,0.662,,,,,,,,False
16.250,TRACK_OPENING,-56.0,88,92,30,40,0,-2.0,-32.00,40.89,0.662,,,,,,,,False
16.312,TRACK_OPENING,-56.0,71,92,30,40,0,-2.0,-32.56,39.41,0.653,,,,,,,,False
16.344,TRACK_OPENING,-55.0,87,92,30,40,0,-3.0,-32.56,39.41,0.653,,,,,,,,False
16.406,TRACK_OPENING,-55.0,79,92,30,40,0,-3.0,-33.06,38.14,0.669,,,,,,,,False
16.422,TRACK_OPENING,-55.0,85,91,31,40,0,-3.0,-33.06,38.14,0.669,,,,,,,,False
16.453,TRACK_OPENING,-55.0,82,91,31,40,0,-3.0,-33.06,38.14,0.669,,,,,,,,False
16.516,TRACK_OPENING,-55.0,87,90,31,40,0,-3.0,-33.58,37.06,0.683,,,,,,,,False
16.531,TRACK_OPENING,-55.0,94,90,31,40,0,-3.0,-33.58,37.06,0.683,,,,,,,,False
16.594,TRACK_OPENING,-55.0,74,90,31,40,0,-3.0,-34.08,36.22,0.645,,,,,,,,False
16.625,TRACK_OPENING,-55.0,90,89,31,40,0,-3.0,-34.08,36.22,0.645,,,,,,,,False
16.641,TRACK_OPENING,-55.0,89,89,31,40,0,-3.0,-34.08,36.22,0.645,,,,,,,,False
16.719,TRACK_OPENING,-55.0,82,89,32,40,0,-3.0,-34.47,35.38,0.652,,,,,,,,False
16.734,TRACK_OPENING,-55.0,83,89,32,40,0,-3.0,-34.47,35.38,0.652,,,,,,,,False
16.750,TRACK_OPENING,-55.0,66,89,32,40,0,-3.0,-34.47,35.38,0.652,,,,,,,,False
16.812,TRACK_OPENING,-55.0,81,89,32,40,0,-3.0,-34.71,34.41,0.646,,,,,,,,False
16.844,TRACK_OPENING,-55.0,89,88,32,40,0,-3.0,-34.71,34.41,0.646,,,,,,,,False
16.891,TRACK_OPENING,-55.0,83,88,32,40,0,-3.0,-35.03,33.56,0.648,,,,,,,,False
16.922,TRACK_OPENING,-55.0,73,88,32,40,0,-3.0,-35.03,33.56,0.648,,,,,,,,False
16.937,TRACK_OPENING,-54.0,85,87,32,40,0,-4.0,-35.03,33.56,0.648,,,,,,,,False
17.016,TRACK_OPENING,-54.0,89,87,33,40,0,-4.0,-35.15,32.55,0.640,,,,,,,,False
17.031,TRACK_OPENING,-54.0,77,87,33,40,0,-4.0,-35.15,32.55,0.640,,,,,,,,False
17.047,TRACK_OPENING,-54.0,86,87,33,40,0,-4.0,-35.15,32.55,0.640,,,,,,,,False
17.109,TRACK_OPENING,-54.0,92,86,32,40,0,-4.0,-35.37,31.51,0.670,,,,,,,,False
17.125,TRACK_OPENING,-54.0,73,86,33,40,0,-4.0,-35.37,31.51,0.670,,,,,,,,False
17.156,TRACK_OPENING,-54.0,93,86,33,40,0,-4.0,-35.37,31.51,0.670,,,,,,,,False
17.219,TRACK_OPENING,-54.0,77,86,33,40,0,-4.0,-35.74,30.79,0.681,,,,,,,,False
17.250,TRACK_OPENING,-54.0,80,85,33,40,0,-4.0,-35.74,30.79,0.681,,,,,,,,False
17.297,TRACK_OPENING,-54.0,71,85,34,40,0,-4.0,-36.12,29.93,0.640,,,,,,,,False
17.328,TRACK_OPENING,-54.0,82,84,34,40,0,-4.0,-36.12,29.93,0.640,,,,,,,,False
17.344,TRACK_OPENING,-54.0,83,84,34,40,0,-4.0,-36.12,29.93,0.640,,,,,,,,False
17.406,TRACK_OPENING,-54.0,78,84,34,40,0,-4.0,-36.61,29.36,0.643,,,,,,,,False
17.422,TRACK_OPENING,-54.0,84,84,34,40,0,-4.0,-36.61,29.36,0.643,,,,,,,,False
17.453,TRACK_OPENING,-54.0,84,84,34,40,0,-4.0,-36.61,29.36,0.643,,,,,,,,False
17.516,TRACK_OPENING,-54.0,81,84,34,40,0,-4.0,-36.96,28.47,0.670,,,,,,,,False
17.531,TRACK_OPENING,-53.0,74,83,34,40,0,-5.0,-36.96,28.47,0.670,,,,,,,,False
17.547,TRACK_OPENING,-53.0,76,83,34,40,0,-5.0,-36.96,28.47,0.670,,,,,,,,False
17.625,TRACK_OPENING,-53.0,84,82,34,40,0,-5.0,-37.23,27.34,0.670,,,,,,,,False
17.641,TRACK_OPENING,-53.0,79,82,35,40,0,-5.0,-37.23,27.34,0.670,,,,,,,,False
17.703,TRACK_OPENING,-53.0,74,82,35,40,0,-5.0,-37.56,26.26,0.665,,,,,,,,False
17.734,TRACK_OPENING,-53.0,90,81,35,40,0,-5.0,-37.56,26.26,0.665,,,,,,,,False
17.750,TRACK_OPENING,-53.0,80,81,35,40,0,-5.0,-37.56,26.26,0.665,,,,,,,,False
17.812,TRACK_OPENING,-53.0,77,81,35,40,0,-5.0,-37.98,25.19,0.669,,,,,,,,False
17.828,TRACK_OPENING,-53.0,76,80,35,40,0,-5.0,-37.98,25.19,0.669,,,,,,,,False
17.859,TRACK_OPENING,-53.0,88,80,35,40,0,-5.0,-37.98,25.19,0.669,,,,,,,,False
17.922,TRACK_OPENING,-53.0,73,80,36,40,0,-5.0,-38.38,23.77,0.664,,,,,,,,False
17.937,TRACK_OPENING,-53.0,68,79,36,40,0,-5.0,-38.38,23.77,0.664,,,,,,,,False
18.000,TRACK_OPENING,-53.0,74,79,36,40,0,-5.0,-38.87,22.49,0.651,,,,,,,,False
18.031,TRACK_OPENING,-52.0,79,78,36,40,0,-6.0,-38.87,22.49,0.651,,,,,,,,False
18.047,TRACK_OPENING,-52.0,57,78,36,40,0,-6.0,-38.87,22.49,0.651,,,,,,,,False
18.109,TRACK_OPENING,-52.0,64,78,36,40,0,-6.0,-39.32,21.23,0.648,,,,,,,,False
18.125,TRACK_OPENING,-52.0,75,78,37,40,0,-6.0,-39.32,21.23,0.648,,,,,,,,False
18.187,TRACK_OPENING,-52.0,77,77,36,40,0,-6.0,-39.79,20.21,0.645,,,,,,,,False
18.219,TRACK_OPENING,-52.0,65,77,37,40,0,-6.0,-39.79,20.21,0.645,,,,,,,,False
18.234,TRACK_OPENING,-52.0,76,77,37,40,0,-6.0,-39.79,20.21,0.645,,,,,,,,False
18.312,TRACK_OPENING,-52.0,73,77,37,40,0,-6.0,-40.22,19.18,0.642,,,,,,,,False
18.328,TRACK_OPENING,-52.0,69,76,37,40,0,-6.0,-40.22,19.18,0.642,,,,,,,,False
18.344,TRACK_OPENING,-52.0,67,76,37,40,0,-6.0,-40.22,19.18,0.642,,,,,,,,False
18.406,TRACK_OPENING,-52.0,79,75,37,40,0,-6.0,-40.57,17.93,0.641,,,,,,,,False
18.422,TRACK_OPENING,-52.0,69,75,37,40,0,-6.0,-40.57,17.93,0.641,,,,,,,,False
18.453,TRACK_OPENING,-52.0,75,75,37,40,0,-6.0,-40.57,17.93,0.641,,,,,,,,False
18.516,TRACK_OPENING,-52.0,77,75,38,40,0,-6.0,-40.93,16.76,0.638,,,,,,,,False
18.531,TRACK_OPENING,-52.0,77,74,38,40,0,-6.0,-40.93,16.76,0.638,,,,,,,,False
18.594,TRACK_OPENING,-52.0,78,74,38,40,0,-6.0,-41.20,15.36,0.642,,,,,,,,False
18.609,TRACK_OPENING,-51.0,77,73,38,40,0,-7.0,-41.20,15.36,0.642,,,,,,,,False
18.641,TRACK_OPENING,-51.0,77,73,39,40,0,-7.0,-41.20,15.36,0.642,,,,,,,,False
18.703,TRACK_OPENING,-51.0,77,73,39,40,0,-7.0,-41.53,14.05,0.645,,,,,,,,False
18.734,TRACK_OPENING,-51.0,77,72,39,40,0,-7.0,-41.53,14.05,0.645,,,,,,,,False
18.750,TRACK_OPENING,-51.0,77,72,39,40,0,-7.0,-41.53,14.05,0.645,,,,,,,,False
18.812,TRACK_OPENING,-51.0,76,72,39,40,0,-7.0,-41.86,12.68,0.651,,,,,,,,False
18.828,TRACK_OPENING,-51.0,76,72,39,40,0,-7.0,-41.86,12.68,0.651,,,,,,,,False
18.891,TRACK_OPENING,-51.0,76,71,40,40,0,-7.0,-42.29,11.39,0.651,,,,,,,,False
18.906,TRACK_OPENING,-51.0,76,71,40,40,0,-7.0,-42.29,11.39,0.651,,,,,,,,False
18.937,TRACK_OPENING,-51.0,76,71,40,40,0,-7.0,-42.29,11.39,0.651,,,,,,,,False
19.000,TRACK_OPENING,-51.0,76,70,40,40,0,-7.0,-42.68,10.17,0.648,,,,,,,,False
19.031,TRACK_OPENING,-51.0,75,70,40,40,0,-7.0,-42.68,10.17,0.648,,,,,,,,False
19.047,TRACK_OPENING,-51.0,75,70,40,40,0,-7.0,-42.68,10.17,0.648,,,,,,,,False
19.109,TRACK_OPENING,-51.0,75,70,40,40,0,-7.0,-43.04,8.90,0.644,,,,,,,,False
19.125,TRACK_OPENING,-51.0,75,69,41,40,0,-7.0,-43.04,8.90,0.644,,,,,,,,False
19.156,TRACK_OPENING,-51.0,75,69,41,40,0,-7.0,-43.04,8.90,0.644,,,,,,,,False
19.203,TRACK_OPENING,-51.0,74,69,41,40,0,-7.0,-43.26,7.38,0.641,,,,,,,,False
19.234,TRACK_OPENING,-51.0,74,69,41,40,0,-7.0,-43.26,7.38,0.641,,,,,,,,False
19.250,TRACK_OPENING,-51.0,74,68,41,40,0,-7.0,-43.26,7.38,0.641,,,,,,,,False
19.344,TRACK_OPENING,-51.0,74,68,41,40,0,-7.0,-41.00,1.33,0.628,,,,,,,,False
19.422,TRACK_OPENING,-51.0,73,68,42,70,1,50.0,-39.62,-2.83,0.616,,,,,,,,False
19.453,TRACK_OPENING,-50.0,73,67,42,70,1,50.0,-39.62,-2.83,0.616,,,,,,,,False
19.531,TRACK_OPENING,-50.0,73,67,42,70,1,50.0,-38.95,-5.40,0.603,,,,,,,,False
19.625,TRACK_OPENING,-51.0,73,68,43,70,1,50.0,-38.98,-5.74,0.600,,,,,,,,False
19.641,TRACK_OPENING,-54.0,75,72,45,70,1,50.0,-38.98,-5.74,0.600,,,,,,,,False
19.734,TRACK_OPENING,-55.0,71,74,45,70,1,50.0,-36.48,-3.51,0.600,,,,,,,,False
19.828,TRACK_OPENING,-57.0,72,79,46,70,1,50.0,-32.49,-1.91,0.600,,,,,,,,False
19.906,TRACK_OPENING,-60.0,82,81,48,70,1,50.0,-28.18,1.05,0.600,,,,,,,,False
19.937,TRACK_OPENING,-62.0,100,79,49,70,1,50.0,-28.18,1.05,0.600,,,,,,,,False
19.953,TRACK_OPENING,-62.0,80,78,49,70,1,50.0,-28.18,1.05,0.600,,,,,,,,False
20.047,TRACK_OPENING,-63.0,83,78,49,70,1,50.0,-23.88,4.23,0.600,,,,,,,,False
20.141,TRACK_OPENING,-65.0,88,76,51,70,1,50.0,-19.63,7.46,0.600,,,,,,,,False
20.234,TRACK_OPENING,-68.0,118,74,53,70,1,50.0,-15.55,10.65,0.600,,,,,,,,False
20.328,TRACK_OPENING,-70.0,115,58,54,70,1,50.0,-11.55,13.36,0.600,,,,,,,,False
20.359,TRACK_OPENING,-72.0,127,49,57,40,0,14.0,-11.55,13.36,0.600,,,,,,,,False
20.437,TRACK_OPENING,-73.0,136,50,59,40,0,15.0,-7.65,15.73,0.600,,,,,,,,False
20.516,TRACK_OPENING,-74.0,135,54,61,40,0,16.0,-3.65,17.46,0.600,,,,,,,,False
20.547,TRACK_OPENING,-74.0,136,53,61,40,0,16.0,-3.65,17.46,0.600,,,,,,,,False
20.625,TRACK_OPENING,-74.0,136,52,59,40,0,16.0,-0.84,15.14,0.600,,,,,,,,False
20.719,TRACK_OPENING,-73.0,137,51,59,40,0,15.0,-0.68,16.14,0.600,,,,,,,,False
20.750,TRACK_OPENING,-72.0,126,49,59,40,0,14.0,-0.68,16.14,0.600,,,,,,,,False
20.844,TRACK_OPENING,-72.0,127,48,58,40,0,14.0,-1.77,16.38,0.600,,,,,,,,False
20.922,TRACK_OPENING,-72.0,122,47,59,40,0,14.0,-3.43,16.13,0.600,,,,,,,,False
20.953,TRACK_OPENING,-71.0,111,47,58,40,0,13.0,-3.43,16.13,0.600,,,,,,,,False
21.031,TRACK_OPENING,-71.0,115,47,58,40,0,13.0,-5.27,15.61,0.600,,,,,,,,False
21.125,TRACK_OPENING,-71.0,117,47,57,40,0,13.0,-7.02,14.76,0.600,,,,,,,,False
21.156,TRACK_OPENING,-70.0,105,48,57,40,0,12.0,-7.02,14.76,0.600,,,,,,,,False
21.250,TRACK_OPENING,-70.0,103,54,57,40,0,12.0,-8.72,13.72,0.600,,,,,,,,False
21.344,TRACK_OPENING,-69.0,108,70,58,40,0,11.0,-10.25,12.63,0.600,,,,,,,,False
21.437,TRACK_OPENING,-68.0,83,71,56,40,0,10.0,-11.82,11.74,0.600,,,,,,,,False
21.531,TRACK_OPENING,-67.0,112,72,56,40,0,9.0,-13.32,10.80,0.600,,,,,,,,False
21.547,TRACK_OPENING,-67.0,83,72,56,40,0,9.0,-13.32,10.80,0.600,,,,,,,,False
21.641,TRACK_OPENING,-66.0,109,72,55,40,0,8.0,-14.74,9.86,0.600,,,,,,,,False
21.719,TRACK_OPENING,-66.0,76,72,56,40,0,8.0,-16.03,8.93,0.600,,,,,,,,False
21.797,TRACK_OPENING,-65.0,76,72,55,40,0,7.0,-16.91,8.46,0.672,,,,,,,,False
21.812,TRACK_OPENING,-65.0,70,72,55,40,0,7.0,-16.91,8.46,0.672,,,,,,,,False
21.828,TRACK_OPENING,-65.0,93,72,55,40,0,7.0,-16.91,8.46,0.672,,,,,,,,False
21.922,TRACK_OPENING,-64.0,83,72,55,40,0,6.0,-17.49,7.09,0.659,,,,,,,,False
21.953,TRACK_OPENING,-64.0,86,73,55,40,0,6.0,-17.49,7.09,0.659,,,,,,,,False
22.031,TRACK_OPENING,-63.0,80,73,55,40,0,5.0,-18.26,5.90,0.646,,,,,,,,False
22.125,TRACK_OPENING,-63.0,85,73,54,40,0,5.0,-19.11,4.87,0.633,,,,,,,,False
22.203,TRACK_OPENING,-62.0,83,73,54,40,0,4.0,-20.33,3.51,0.666,,,,,,,,False
22.219,TRACK_OPENING,-62.0,90,74,55,40,0,4.0,-20.33,3.51,0.666,,,,,,,,False
22.250,TRACK_OPENING,-62.0,83,73,54,40,0,4.0,-20.33,3.51,0.666,,,,,,,,False
22.312,TRACK_OPENING,-62.0,79,73,55,40,0,4.0,-21.36,2.04,0.673,,,,,,,,False
22.328,TRACK_OPENING,-61.0,82,74,54,40,0,3.0,-21.36,2.04,0.673,,,,,,,,False
22.359,TRACK_OPENING,-61.0,86,74,55,40,0,3.0,-21.36,2.04,0.673,,,,,,,,False
22.437,TRACK_OPENING,-61.0,82,74,54,40,0,3.0,-21.99,0.42,0.660,,,,,,,,False
22.516,TRACK_OPENING,-61.0,74,74,55,40,0,3.0,-22.61,-0.80,0.647,,,,,,,,False
22.547,TRACK_OPENING,-61.0,82,74,55,40,0,3.0,-22.61,-0.80,0.647,,,,,,,,False
22.609,TRACK_OPENING,-61.0,76,74,55,40,0,3.0,-23.14,-1.91,0.680,,,,,,,,False
22.625,TRACK_OPENING,-60.0,72,74,55,40,0,2.0,-23.14,-1.91,0.680,,,,,,,,False
22.687,TRACK_OPENING,-60.0,74,74,54,40,0,2.0,-23.52,-2.94,0.683,,,,,,,,False
22.719,TRACK_OPENING,-60.0,76,74,54,40,0,2.0,-23.52,-2.94,0.683,,,,,,,,False
22.734,TRACK_OPENING,-60.0,86,75,54,40,0,2.0,-23.52,-2.94,0.683,,,,,,,,False
22.750,TRACK_OPENING,-60.0,72,75,55,40,0,2.0,-23.52,-2.94,0.683,,,,,,,,False
22.812,TRACK_OPENING,-60.0,71,74,55,40,0,2.0,-24.08,-3.61,0.672,13.17,48.86,0.765,,,,,False
22.844,TRACK_OPENING,-60.0,78,75,54,40,0,2.0,-24.08,-3.61,0.672,13.17,48.86,0.765,,,,,False
22.922,TRACK_OPENING,-60.0,71,75,54,40,0,2.0,-24.39,-4.68,0.681,13.01,43.62,0.750,,,,,False
22.953,TRACK_OPENING,-59.0,77,75,55,40,0,1.0,-24.39,-4.68,0.681,13.01,43.62,0.750,,,,,False
23.016,ALIGN_VIRTUAL_CUTOUT,-59.0,66,75,56,40,0,1.0,-24.83,-5.72,0.681,12.03,45.48,0.764,-6.400608539581299,19.878784656524658,35.74761277710328,-17.847618096177097,True
23.047,ALIGN_VIRTUAL_CUTOUT,-59.0,75,75,55,40,0,12.0,-24.83,-5.72,0.681,12.03,45.48,0.764,-6.400608539581299,19.878784656524658,35.74761277710328,-17.847618096177097,True
23.094,ALIGN_VIRTUAL_CUTOUT,-59.0,73,75,55,40,0,12.0,-25.07,-7.02,0.672,11.37,45.14,0.762,-6.849365711212158,19.06290316581726,34.935242864201854,-19.763534880134678,True
23.125,ALIGN_VIRTUAL_CUTOUT,-59.0,68,75,55,40,0,12.0,-25.07,-7.02,0.672,11.37,45.14,0.762,-6.849365711212158,19.06290316581726,34.935242864201854,-19.763534880134678,True
23.141,ALIGN_VIRTUAL_CUTOUT,-59.0,67,75,55,40,0,12.0,-25.07,-7.02,0.672,11.37,45.14,0.762,-6.849365711212158,19.06290316581726,34.935242864201854,-19.763534880134678,True
23.219,ALIGN_VIRTUAL_CUTOUT,-59.0,75,75,55,40,0,12.0,-25.38,-7.87,0.666,10.73,44.85,0.776,-7.324561595916748,18.48874592781067,34.41738710702829,-21.61165065260265,True
23.234,ALIGN_VIRTUAL_CUTOUT,-59.0,74,75,55,40,0,12.0,-25.38,-7.87,0.666,10.73,44.85,0.776,-7.324561595916748,18.48874592781067,34.41738710702829,-21.61165065260265,True
23.297,ALIGN_VIRTUAL_CUTOUT,-59.0,76,75,55,40,0,12.0,-25.73,-8.59,0.668,10.21,44.43,0.771,-7.760345458984375,17.917685508728027,34.12901601420191,-23.417963759108545,True
23.312,ALIGN_VIRTUAL_CUTOUT,-59.0,75,74,56,40,0,12.0,-25.73,-8.59,0.668,10.21,44.43,0.771,-7.760345458984375,17.917685508728027,34.12901601420191,-23.417963759108545,True
23.344,ALIGN_VIRTUAL_CUTOUT,-58.0,75,74,55,40,0,11.0,-25.73,-8.59,0.668,10.21,44.43,0.771,-7.760345458984375,17.917685508728027,34.12901601420191,-23.417963759108545,True
23.406,ALIGN_VIRTUAL_CUTOUT,-58.0,75,74,55,40,0,11.0,-26.18,-9.35,0.671,9.68,45.15,0.770,-8.2465181350708,17.899410724639893,33.34523770256966,-24.736209495162914,True
23.422,ALIGN_VIRTUAL_CUTOUT,-58.0,74,73,56,40,0,11.0,-26.18,-9.35,0.671,9.68,45.15,0.770,-8.2465181350708,17.899410724639893,33.34523770256966,-24.736209495162914,True
23.484,ALIGN_VIRTUAL_CUTOUT,-58.0,74,73,55,40,0,11.0,-26.57,-10.59,0.675,9.08,45.15,0.775,-8.745529651641846,17.27782678604126,32.59810606717218,-26.84719645877989,True
23.516,ALIGN_VIRTUAL_CUTOUT,-58.0,74,73,56,40,0,11.0,-26.57,-10.59,0.675,9.08,45.15,0.775,-8.745529651641846,17.27782678604126,32.59810606717218,-26.84719645877989,True
23.531,ALIGN_VIRTUAL_CUTOUT,-58.0,73,72,56,40,0,11.0,-26.57,-10.59,0.675,9.08,45.15,0.775,-8.745529651641846,17.27782678604126,32.59810606717218,-26.84719645877989,True
23.547,ALIGN_VIRTUAL_CUTOUT,-58.0,73,72,55,40,0,11.0,-26.57,-10.59,0.675,9.08,45.15,0.775,-8.745529651641846,17.27782678604126,32.59810606717218,-26.84719645877989,True
23.609,ALIGN_VIRTUAL_CUTOUT,-58.0,73,72,56,40,0,11.0,-27.00,-12.00,0.676,8.50,44.60,0.767,-9.252182483673096,16.301100730895996,32.09341182230241,-29.578387366812763,True
23.641,ALIGN_VIRTUAL_CUTOUT,-57.0,72,71,56,40,0,10.0,-27.00,-12.00,0.676,8.50,44.60,0.767,-9.252182483673096,16.301100730895996,32.09341182230241,-29.578387366812763,True
23.703,ALIGN_VIRTUAL_CUTOUT,-57.0,72,71,55,40,0,10.0,-27.40,-13.54,0.670,7.78,43.45,0.770,-9.807655811309814,14.956720352172852,31.691135049288455,-33.254287104366554,True
23.719,ALIGN_VIRTUAL_CUTOUT,-57.0,71,70,56,40,0,10.0,-27.40,-13.54,0.670,7.78,43.45,0.770,-9.807655811309814,14.956720352172852,31.691135049288455,-33.254287104366554,True
23.734,ALIGN_VIRTUAL_CUTOUT,-57.0,71,70,55,40,0,10.0,-27.40,-13.54,0.670,7.78,43.45,0.770,-9.807655811309814,14.956720352172852,31.691135049288455,-33.254287104366554,True
23.812,ALIGN_VIRTUAL_CUTOUT,-57.0,70,69,56,40,0,10.0,-27.91,-15.13,0.660,7.09,42.35,0.766,-10.409274816513062,13.612657070159912,31.337564283850366,-37.40428331415072,True
23.828,ALIGN_VIRTUAL_CUTOUT,-57.0,70,69,57,40,0,10.0,-27.91,-15.13,0.660,7.09,42.35,0.766,-10.409274816513062,13.612657070159912,31.337564283850366,-37.40428331415072,True
23.891,ALIGN_VIRTUAL_CUTOUT,-57.0,70,69,56,40,0,10.0,-28.44,-16.51,0.659,6.30,41.35,0.771,-11.070372581481934,12.416376113891602,30.975716575425057,-41.720020335235795,True
23.906,ALIGN_VIRTUAL_CUTOUT,-56.0,70,68,56,40,0,9.0,-28.44,-16.51,0.659,6.30,41.35,0.771,-11.070372581481934,12.416376113891602,30.975716575425057,-41.720020335235795,True
23.937,ALIGN_VIRTUAL_CUTOUT,-56.0,70,68,56,40,0,9.0,-28.44,-16.51,0.659,6.30,41.35,0.771,-11.070372581481934,12.416376113891602,30.975716575425057,-41.720020335235795,True
23.953,ALIGN_VIRTUAL_CUTOUT,-56.0,69,67,56,40,0,9.0,-28.44,-16.51,0.659,6.30,41.35,0.771,-11.070372581481934,12.416376113891602,30.975716575425057,-41.720020335235795,True
24.031,ALIGN_VIRTUAL_CUTOUT,-56.0,69,67,57,40,0,9.0,-29.09,-17.76,0.670,5.63,40.77,0.771,-11.727927207946777,11.50220775604248,30.67470253239029,-45.55670640663167,True
24.047,ALIGN_VIRTUAL_CUTOUT,-56.0,68,66,57,40,0,9.0,-29.09,-17.76,0.670,5.63,40.77,0.771,-11.727927207946777,11.50220775604248,30.67470253239029,-45.55670640663167,True
24.109,ALIGN_VIRTUAL_CUTOUT,-56.0,68,66,57,40,0,9.0,-29.52,-19.28,0.657,4.94,39.85,0.766,-12.286504745483398,10.287199974060059,30.23050331136061,-50.06135806766479,True
24.141,ALIGN_VIRTUAL_CUTOUT,-55.0,67,65,56,40,0,8.0,-29.52,-19.28,0.657,4.94,39.85,0.766,-12.286504745483398,10.287199974060059,30.23050331136061,-50.06135806766479,True
24.203,ALIGN_VIRTUAL_CUTOUT,-55.0,67,65,57,40,0,8.0,-29.83,-20.88,0.658,4.24,38.92,0.766,-12.791599988937378,9.022798538208008,29.671748874663525,-54.802041728041154,True
24.219,ALIGN_VIRTUAL_CUTOUT,-55.0,66,64,57,40,0,8.0,-29.83,-20.88,0.658,4.24,38.92,0.766,-12.791599988937378,9.022798538208008,29.671748874663525,-54.802041728041154,True
24.250,ALIGN_VIRTUAL_CUTOUT,-55.0,66,64,57,40,0,8.0,-29.83,-20.88,0.658,4.24,38.92,0.766,-12.791599988937378,9.022798538208008,29.671748874663525,-54.802041728041154,True
24.312,ALIGN_VIRTUAL_CUTOUT,-55.0,66,63,57,40,0,8.0,-30.20,-22.46,0.656,3.58,37.78,0.771,-13.308060050010681,7.657845497131348,29.280974514346365,-60.0826232904486,True
24.328,ALIGN_VIRTUAL_CUTOUT,-55.0,65,63,57,40,0,8.0,-30.20,-22.46,0.656,3.58,37.78,0.771,-13.308060050010681,7.657845497131348,29.280974514346365,-60.0826232904486,True
24.391,ALIGN_VIRTUAL_CUTOUT,-55.0,65,62,57,40,0,8.0,-30.62,-23.99,0.657,2.82,36.59,0.773,-13.901800870895386,6.300388336181641,28.899479525202022,-65.61965112423277,True
24.406,ALIGN_VIRTUAL_CUTOUT,-54.0,64,62,57,40,0,7.0,-30.62,-23.99,0.657,2.82,36.59,0.773,-13.901800870895386,6.300388336181641,28.899479525202022,-65.61965112423277,True
24.437,ALIGN_VIRTUAL_CUTOUT,-54.0,64,61,57,40,0,7.0,-30.62,-23.99,0.657,2.82,36.59,0.773,-13.901800870895386,6.300388336181641,28.899479525202022,-65.61965112423277,True
24.453,ALIGN_VIRTUAL_CUTOUT,-54.0,64,61,57,40,0,7.0,-30.62,-23.99,0.657,2.82,36.59,0.773,-13.901800870895386,6.300388336181641,28.899479525202022,-65.61965112423277,True
24.531,ALIGN_VIRTUAL_CUTOUT,-54.0,64,61,57,40,0,7.0,-31.14,-25.46,0.651,2.03,35.52,0.765,-14.555172204971313,5.0305280685424805,28.553837508643632,-70.93393419625694,True
24.547,ALIGN_VIRTUAL_CUTOUT,-54.0,63,60,58,40,0,7.0,-31.14,-25.46,0.651,2.03,35.52,0.765,-14.555172204971313,5.0305280685424805,28.553837508643632,-70.93393419625694,True
24.609,ALIGN_VIRTUAL_CUTOUT,-54.0,63,60,57,40,0,7.0,-31.64,-27.05,0.647,1.50,34.77,0.772,-15.06971561908722,3.8585119247436523,28.18905961600062,-75.63829160324457,True
24.625,ALIGN_VIRTUAL_CUTOUT,-53.0,62,59,58,40,0,6.0,-31.64,-27.05,0.647,1.50,34.77,0.772,-15.06971561908722,3.8585119247436523,28.18905961600062,-75.63829160324457,True
24.703,ALIGN_VIRTUAL_CUTOUT,-53.0,62,59,57,40,0,6.0,-32.14,-28.75,0.650,0.68,33.81,0.769,-15.727131396532059,2.531588554382324,27.684061583963636,-80.85556929406157,True
24.719,ALIGN_VIRTUAL_CUTOUT,-53.0,61,58,57,40,0,6.0,-32.14,-28.75,0.650,0.68,33.81,0.769,-15.727131396532059,2.531588554382324,27.684061583963636,-80.85556929406157,True
24.781,ALIGN_VIRTUAL_CUTOUT,-53.0,61,58,58,40,0,6.0,-32.53,-30.43,0.646,-0.00,32.92,0.765,-16.26620910759084,1.2463665008544922,27.182707386999805,-85.61838437901719,True
24.797,ALIGN_VIRTUAL_CUTOUT,-53.0,61,57,57,40,0,6.0,-32.53,-30.43,0.646,-0.00,32.92,0.765,-16.26620910759084,1.2463665008544922,27.182707386999805,-85.61838437901719,True
24.828,ALIGN_VIRTUAL_CUTOUT,-53.0,61,57,58,40,0,6.0,-32.53,-30.43,0.646,-0.00,32.92,0.765,-16.26620910759084,1.2463665008544922,27.182707386999805,-85.61838437901719,True
24.844,ALIGN_VIRTUAL_CUTOUT,-53.0,60,57,58,40,0,6.0,-32.53,-30.43,0.646,-0.00,32.92,0.765,-16.26620910759084,1.2463665008544922,27.182707386999805,-85.61838437901719,True
24.906,ALIGN_VIRTUAL_CUTOUT,-52.0,60,57,58,40,0,5.0,-33.00,-31.96,0.644,-0.73,32.03,0.767,-16.865300118923187,0.03275775909423828,26.764553528471794,-86.60671464717454,True
24.937,ALIGN_VIRTUAL_CUTOUT,-52.0,59,56,58,40,0,5.0,-33.00,-31.96,0.644,-0.73,32.03,0.767,-16.865300118923187,0.03275775909423828,26.764553528471794,-86.60671464717454,True
25.016,ALIGN_VIRTUAL_CUTOUT,-52.0,59,56,58,40,0,5.0,-33.53,-33.68,0.631,-1.42,30.76,0.772,-17.47713005542755,-1.4597387313842773,26.484830411541367,-86.72524174194287,True
25.047,ALIGN_VIRTUAL_CUTOUT,-52.0,59,55,58,40,0,5.0,-33.53,-33.68,0.631,-1.42,30.76,0.772,-17.47713005542755,-1.4597387313842773,26.484830411541367,-86.72524174194287,True
25.125,ALIGN_VIRTUAL_CUTOUT,-52.0,58,55,58,40,0,5.0,-34.05,-35.04,0.618,-2.09,29.75,0.769,-18.070581316947937,-2.6409034729003906,26.25176197050719,-86.83256454027321,True
25.219,ALIGN_VIRTUAL_CUTOUT,-52.0,57,54,58,40,0,5.0,-34.59,-36.15,0.606,-2.70,28.73,0.767,-18.646923661231995,-3.7094926834106445,26.173541157624832,-86.93027396906936,True
25.250,ALIGN_VIRTUAL_CUTOUT,-51.0,57,53,58,40,0,4.0,-34.59,-36.15,0.606,-2.70,28.73,0.767,-18.646923661231995,-3.7094926834106445,26.173541157624832,-86.93027396906936,True
25.328,ALIGN_VIRTUAL_CUTOUT,-51.0,57,53,58,40,0,4.0,-35.19,-36.84,0.600,-3.23,28.43,0.766,-19.209967017173767,-4.206059455871582,26.09044518517782,-87.02008291085588,True
25.422,ALIGN_VIRTUAL_CUTOUT,-51.0,56,53,58,40,0,4.0,-35.69,-37.27,0.600,-3.78,27.92,0.761,-19.735136032104492,-4.675675392150879,26.086609123607417,-87.09924379865487,True
25.516,ALIGN_VIRTUAL_CUTOUT,-51.0,56,52,58,40,0,4.0,-36.16,-37.48,0.600,-4.31,27.83,0.763,-20.23431086540222,-4.824455261230469,25.998620984600358,-87.17068690671421,True
25.547,ALIGN_VIRTUAL_CUTOUT,-50.0,55,51,58,40,0,3.0,-36.16,-37.48,0.600,-4.31,27.83,0.763,-20.23431086540222,-4.824455261230469,25.998620984600358,-87.17068690671421,True
25.641,ALIGN_VIRTUAL_CUTOUT,-50.0,55,51,58,40,0,3.0,-36.62,-37.76,0.600,-4.90,27.91,0.763,-20.760247707366943,-4.9266557693481445,25.78860367764406,-87.24225219359771,True
25.734,ALIGN_VIRTUAL_CUTOUT,-50.0,55,51,59,40,0,3.0,-36.94,-38.55,0.600,-5.27,27.14,0.761,-21.101788997650146,-5.702658653259277,25.735045716561363,-87.28682025251788,True
25.828,ALIGN_VIRTUAL_CUTOUT,-50.0,54,50,58,40,0,3.0,-37.27,-39.68,0.600,-5.58,26.48,0.767,-21.427350521087646,-6.600153923034668,25.594429428137325,-87.32798338737686,True
25.906,ALIGN_VIRTUAL_CUTOUT,-50.0,54,49,59,40,0,3.0,-37.56,-40.81,0.600,-6.20,25.23,0.769,-21.879688024520874,-7.792074203491211,25.40594212804376,-87.3831466739339,True
25.937,ALIGN_VIRTUAL_CUTOUT,-49.0,54,49,59,40,0,2.0,-37.56,-40.81,0.600,-6.20,25.23,0.769,-21.879688024520874,-7.792074203491211,25.40594212804376,-87.3831466739339,True
26.031,ALIGN_VIRTUAL_CUTOUT,-49.0,53,49,59,40,0,2.0,-37.91,-41.93,0.600,-6.51,23.80,0.757,-22.21090292930603,-9.06772518157959,25.535919266394675,-87.42211684809708,True
26.125,ALIGN_VIRTUAL_CUTOUT,-49.0,53,48,59,40,0,2.0,-38.27,-43.17,0.600,-7.09,22.38,0.764,-22.680485010147095,-10.392647743225098,25.443904144810467,-87.47542016196743,True
26.219,ALIGN_VIRTUAL_CUTOUT,-49.0,51,47,59,40,0,2.0,-38.73,-44.22,0.600,-7.65,21.40,0.765,-23.193413257598877,-11.410731315612793,25.339244986268813,-87.53118202772266,True
26.250,ALIGN_VIRTUAL_CUTOUT,-48.0,51,46,59,40,0,1.0,-38.73,-44.22,0.600,-7.65,21.40,0.765,-23.193413257598877,-11.410731315612793,25.339244986268813,-87.53118202772266,True
26.328,ALIGN_VIRTUAL_CUTOUT,-48.0,51,46,59,40,0,1.0,-39.22,-45.22,0.600,-8.02,20.48,0.755,-23.618817806243896,-12.3722562789917,25.397850552629883,-87.5755949938995,True
26.422,ALIGN_VIRTUAL_CUTOUT,-48.0,51,45,59,40,0,1.0,-39.72,-46.25,0.600,-8.57,19.70,0.769,-24.1444091796875,-13.274295806884766,25.27614634247017,-87.62831010148047,True
26.453,ALIGN_VIRTUAL_CUTOUT,-48.0,50,45,59,40,0,1.0,-39.72,-46.25,0.600,-8.57,19.70,0.769,-24.1444091796875,-13.274295806884766,25.27614634247017,-87.62831010148047,True
26.531,ALIGN_VIRTUAL_CUTOUT,-48.0,50,44,59,40,0,1.0,-40.22,-47.36,0.600,-9.22,18.70,0.768,-24.719563961029053,-14.325873374938965,25.13978929028668,-87.68343182597864,True
26.625,ALIGN_VIRTUAL_CUTOUT,-47.0,49,43,59,40,0,12.0,-40.82,-48.44,0.600,-9.85,17.78,0.771,-25.338330268859863,-15.331028938293457,25.06928326114408,-87.7399434168592,True
26.734,ALIGN_VIRTUAL_CUTOUT,-47.0,49,43,60,40,0,12.0,-41.41,-49.55,0.600,-10.38,16.73,0.765,-25.896042346954346,-16.40858554840088,25.090926590165374,-87.7885684401499,True
26.844,ALIGN_VIRTUAL_CUTOUT,-47.0,49,42,60,40,0,12.0,-41.95,-50.79,0.600,-10.80,15.60,0.758,-26.37664556503296,-17.59935426712036,25.13762029688237,-87.82882354149942,True
26.937,ALIGN_VIRTUAL_CUTOUT,-46.0,48,41,60,40,0,11.0,-42.44,-52.04,0.600,-11.23,14.36,0.751,-26.83947515487671,-18.837048530578613,25.17513530910055,-87.86622917991572,True
27.031,ALIGN_VIRTUAL_CUTOUT,-46.0,48,40,60,40,0,11.0,-42.94,-53.32,0.600,-11.67,13.28,0.760,-27.30449914932251,-20.018075466156006,25.149988581006674,-87.90253677532675,True
27.109,ALIGN_VIRTUAL_CUTOUT,-46.0,47,40,61,40,0,11.0,-43.47,-54.66,0.600,-12.34,12.38,0.767,-27.904879570007324,-21.13869619369507,24.90212158306979,-87.94762520151865,True
27.141,ALIGN_VIRTUAL_CUTOUT,-46.0,47,39,61,40,0,11.0,-43.47,-54.66,0.600,-12.34,12.38,0.767,-27.904879570007324,-21.13869619369507,24.90212158306979,-87.94762520151865,True
27.219,ALIGN_VIRTUAL_CUTOUT,-45.0,47,39,60,40,0,10.0,-43.94,-56.07,0.600,-12.78,11.01,0.754,-28.360887050628662,-22.529977798461914,24.921399151502072,-87.98059726845312,True
27.250,ALIGN_VIRTUAL_CUTOUT,-45.0,46,38,60,40,0,10.0,-43.94,-56.07,0.600,-12.78,11.01,0.754,-28.360887050628662,-22.529977798461914,24.921399151502072,-87.98059726845312,True
27.328,ALIGN_VIRTUAL_CUTOUT,-45.0,46,38,60,40,0,10.0,-44.45,-57.49,0.600,-13.50,10.01,0.760,-28.972604274749756,-23.73750925064087,24.63043071190203,-88.02320002486998,True
27.422,ALIGN_VIRTUAL_CUTOUT,-45.0,46,37,60,40,0,10.0,-44.96,-58.99,0.600,-13.96,8.47,0.748,-29.46024751663208,-25.259085178375244,24.681756784707208,-88.05589585372526,True
27.516,ALIGN_VIRTUAL_CUTOUT,-44.0,46,37,60,40,0,9.0,-45.48,-60.62,0.600,-14.46,7.03,0.755,-29.97247552871704,-26.791774034500122,24.63213843631356,-88.08909564396254,True
27.547,ALIGN_VIRTUAL_CUTOUT,-44.0,45,38,61,40,0,9.0,-45.48,-60.62,0.600,-14.46,7.03,0.755,-29.97247552871704,-26.791774034500122,24.63213843631356,-88.08909564396254,True
27.625,ALIGN_VIRTUAL_CUTOUT,-44.0,45,38,61,40,0,9.0,-46.12,-62.43,0.600,-14.92,5.53,0.753,-30.522175312042236,-28.451694011688232,24.65797044319171,-88.12348591344936,True
27.656,ALIGN_VIRTUAL_CUTOUT,-44.0,44,37,61,40,0,9.0,-46.12,-62.43,0.600,-14.92,5.53,0.753,-30.522175312042236,-28.451694011688232,24.65797044319171,-88.12348591344936,True
27.734,ALIGN_VIRTUAL_CUTOUT,-44.0,44,37,61,40,0,9.0,-46.69,-64.24,0.600,-15.47,4.08,0.755,-31.080811023712158,-30.08196258544922,24.55890787510112,-88.15719025852898,True
27.828,ALIGN_VIRTUAL_CUTOUT,-43.0,44,37,61,40,0,8.0,-47.50,-65.72,0.600,-15.94,2.45,0.758,-31.7203631401062,-31.633678078651428,24.84054337020067,-88.19432049661054,True
27.922,ALIGN_VIRTUAL_CUTOUT,-43.0,43,44,61,40,0,8.0,-48.14,-67.09,0.600,-16.53,1.08,0.751,-32.334649085998535,-33.00485336780548,24.880364621813236,-88.22860229820007,True
27.937,ALIGN_VIRTUAL_CUTOUT,-43.0,43,73,61,40,0,8.0,-48.14,-67.09,0.600,-16.53,1.08,0.751,-32.334649085998535,-33.00485336780548,24.880364621813236,-88.22860229820007,True
28.047,ALIGN_VIRTUAL_CUTOUT,-43.0,43,76,61,40,0,8.0,-48.14,-67.09,0.600,-17.06,-0.36,0.754,-32.599449157714844,-33.72559420764446,24.978460570615905,-88.24298202036282,True
28.141,ALIGN_VIRTUAL_CUTOUT,-42.0,42,78,61,40,0,7.0,-48.14,-67.09,0.600,-17.51,-1.88,0.752,-32.82676410675049,-34.48106122016907,25.158136319243813,-88.25514126636402,True
28.219,ALIGN_VIRTUAL_CUTOUT,-42.0,42,79,62,40,0,7.0,-48.57,-67.94,0.600,-18.07,-3.11,0.760,-33.32246208190918,-35.52729797363281,25.19312307080946,-88.28108173071895,True
28.312,ALIGN_VIRTUAL_CUTOUT,-42.0,42,80,62,40,0,7.0,-48.57,-67.94,0.600,-18.44,-4.39,0.753,-33.50640869140625,-36.16799974441528,25.36627631410046,-88.29051279387365,True
28.328,ALIGN_VIRTUAL_CUTOUT,-42.0,41,81,62,40,0,7.0,-48.57,-67.94,0.600,-18.44,-4.39,0.753,-33.50640869140625,-36.16799974441528,25.36627631410046,-88.29051279387365,True
28.406,ALIGN_VIRTUAL_CUTOUT,-42.0,41,81,62,40,0,7.0,-48.57,-67.94,0.600,-18.81,-5.48,0.752,-33.69040584564209,-36.71120548248291,25.47632741699175,-88.29984351170194,True
28.437,ALIGN_VIRTUAL_CUTOUT,-41.0,41,82,61,40,0,6.0,-48.57,-67.94,0.600,-18.81,-5.48,0.752,-33.69040584564209,-36.71120548248291,25.47632741699175,-88.29984351170194,True
28.531,ALIGN_VIRTUAL_CUTOUT,-41.0,41,82,61,40,0,6.0,-48.72,-68.26,0.600,-19.32,-6.23,0.748,-34.018094062805176,-37.2444121837616,25.365098677211503,-88.31621124172885,True
28.609,ALIGN_VIRTUAL_CUTOUT,-41.0,40,82,62,40,0,6.0,-48.72,-68.26,0.600,-19.64,-7.31,0.749,-34.17987823486328,-37.78483486175537,25.509882573325978,-88.32417659094034,True
28.641,ALIGN_VIRTUAL_CUTOUT,-41.0,40,83,61,40,0,6.0,-48.72,-68.26,0.600,-19.64,-7.31,0.749,-34.17987823486328,-37.78483486175537,25.509882573325978,-88.32417659094034,True
28.734,ALIGN_VIRTUAL_CUTOUT,-41.0,40,83,62,40,0,6.0,-48.61,-68.33,0.600,-19.97,-8.22,0.753,-34.29315757751465,-38.27770805358887,25.475445622992037,-88.32970913660836,True
28.812,ALIGN_VIRTUAL_CUTOUT,-40.0,40,84,62,40,0,5.0,-48.61,-68.33,0.600,-20.43,-8.97,0.748,-34.5188570022583,-38.65135860443115,25.40039291354011,-88.34062410482372,True
28.922,ALIGN_VIRTUAL_CUTOUT,-40.0,39,84,62,40,0,5.0,-48.27,-68.08,0.600,-20.71,-10.19,0.752,-34.48904323577881,-39.13161373138428,25.457741511085242,-88.33919047415114,True
28.937,ALIGN_VIRTUAL_CUTOUT,-40.0,39,85,61,40,0,5.0,-48.27,-68.08,0.600,-20.71,-10.19,0.752,-34.48904323577881,-39.13161373138428,25.457741511085242,-88.33919047415114,True
29.047,ALIGN_VIRTUAL_CUTOUT,-40.0,39,85,62,40,0,5.0,-47.92,-67.88,0.600,-21.03,-11.33,0.750,-34.47837543487549,-39.60650396347046,25.428715873936017,-88.33867689838233,True
29.125,ALIGN_VIRTUAL_CUTOUT,-40.0,38,86,62,40,0,5.0,-47.69,-67.83,0.600,-21.45,-12.47,0.747,-34.57347393035889,-40.15102481842041,25.362392083462336,-88.3432440169538,True
29.219,ALIGN_VIRTUAL_CUTOUT,-39.0,38,86,62,40,0,4.0,-47.56,-67.84,0.600,-21.89,-13.52,0.748,-34.72255039215088,-40.68191385269165,25.2910887383758,-88.35035313054242,True
29.312,ALIGN_VIRTUAL_CUTOUT,-39.0,38,86,62,40,0,4.0,-47.43,-67.91,0.600,-22.30,-14.65,0.745,-34.86340808868408,-41.277729988098145,25.258382467972172,-88.3570144942281,True
29.328,ALIGN_VIRTUAL_CUTOUT,-39.0,37,87,62,40,0,4.0,-47.43,-67.91,0.600,-22.30,-14.65,0.745,-34.86340808868408,-41.277729988098145,25.258382467972172,-88.3570144942281,True
29.406,ALIGN_VIRTUAL_CUTOUT,-39.0,38,87,63,40,0,4.0,-47.43,-67.91,0.600,-22.69,-15.71,0.750,-35.0584716796875,-41.81168603897095,25.360406737603178,-88.3661510150494,True
29.437,ALIGN_VIRTUAL_CUTOUT,-39.0,37,87,63,40,0,4.0,-47.43,-67.91,0.600,-22.69,-15.71,0.750,-35.0584716796875,-41.81168603897095,25.360406737603178,-88.3661510150494,True
29.516,ALIGN_VIRTUAL_CUTOUT,-39.0,37,87,62,40,0,4.0,-47.31,-68.01,0.600,-23.04,-16.90,0.748,-35.17559623718262,-42.45561599731445,25.393361609837235,-88.37158832539028,True
29.625,ALIGN_VIRTUAL_CUTOUT,-38.0,34,88,63,40,0,3.0,-47.22,-68.19,0.600,-23.40,-18.19,0.748,-35.31334686279297,-43.190707206726074,25.473918633911296,-88.37793704836534,True
29.719,ALIGN_VIRTUAL_CUTOUT,-38.0,17,89,62,40,0,3.0,-46.99,-68.31,0.600,-23.79,-19.48,0.744,-35.388901710510254,-43.89315223693848,25.408439978127994,-88.38139828762995,True
29.734,ALIGN_VIRTUAL_CUTOUT,-38.0,14,90,63,40,0,3.0,-46.99,-68.31,0.600,-23.79,-19.48,0.744,-35.388901710510254,-43.89315223693848,25.408439978127994,-88.38139828762995,True
29.828,ALIGN_VIRTUAL_CUTOUT,-38.0,14,90,63,40,0,3.0,-46.83,-68.53,0.600,-24.15,-20.86,0.744,-35.49153518676758,-44.69608402252197,25.43979663656934,-88.38607643785895,True
29.906,ALIGN_VIRTUAL_CUTOUT,-37.0,14,90,63,40,0,-10.0,-46.75,-68.69,0.600,-24.52,-22.29,0.744,-35.63773250579834,-45.49333095550537,25.597543746284547,-88.39269378573175,True
29.937,ALIGN_VIRTUAL_CUTOUT,-37.0,11,91,63,40,0,-10.0,-46.75,-68.69,0.600,-24.52,-22.29,0.744,-35.63773250579834,-45.49333095550537,25.597543746284547,-88.39269378573175,True
30.031,ALIGN_VIRTUAL_CUTOUT,-37.0,12,91,63,40,0,2.0,-46.75,-68.69,0.600,-25.01,-23.63,0.742,-35.87973213195801,-46.16263961791992,25.759994172652497,-88.40352902620674,True
30.109,ALIGN_VIRTUAL_CUTOUT,-36.0,16,96,62,40,0,1.0,-46.75,-68.69,0.600,-26.04,-24.87,0.758,-36.394898414611816,-46.77960395812988,25.297024957572212,-88.42611547148407,True
30.125,ALIGN_VIRTUAL_CUTOUT,-36.0,18,95,62,40,0,1.0,-46.75,-68.69,0.600,-26.04,-24.87,0.758,-36.394898414611816,-46.77960395812988,25.297024957572212,-88.42611547148407,True
30.219,ALIGN_VIRTUAL_CUTOUT,-36.0,18,95,63,40,0,-11.0,-46.62,-68.92,0.600,-26.59,-26.44,0.752,-36.60488319396973,-47.68106746673584,25.23245818978392,-88.43513959518931,True
30.312,ALIGN_VIRTUAL_CUTOUT,-36.0,19,95,62,40,0,-11.0,-46.39,-69.27,0.600,-26.93,-27.94,0.742,-36.6581506729126,-48.607998847961426,25.210252692093714,-88.43741234520247,True
30.328,ALIGN_VIRTUAL_CUTOUT,-36.0,21,93,63,40,0,-11.0,-46.39,-69.27,0.600,-26.93,-27.94,0.742,-36.6581506729126,-48.607998847961426,25.210252692093714,-88.43741234520247,True
30.422,ALIGN_VIRTUAL_CUTOUT,-36.0,21,94,63,40,0,1.0,-46.39,-69.27,0.600,-27.07,-29.48,0.736,-36.72805118560791,-49.37451171875,25.892225034051627,-88.44038477846102,True
30.500,ALIGN_VIRTUAL_CUTOUT,-36.0,24,93,63,40,0,-11.0,-46.06,-69.45,0.600,-27.13,-31.06,0.744,-36.59592533111572,-50.25555419921875,26.25536429526034,-88.4347567429386,True
30.531,ALIGN_VIRTUAL_CUTOUT,-36.0,24,93,66,40,0,-11.0,-46.06,-69.45,0.600,-27.13,-31.06,0.744,-36.59592533111572,-50.25555419921875,26.25536429526034,-88.4347567429386,True
30.641,ALIGN_VIRTUAL_CUTOUT,-36.0,25,92,70,40,0,-11.0,-45.83,-69.60,0.600,-25.40,-35.79,0.729,-35.61220455169678,-52.69407081604004,31.146077223735382,-88.39154222284932,True
30.766,ALIGN_VIRTUAL_CUTOUT,-36.0,28,92,117,40,0,-11.0,-45.48,-69.48,0.600,-24.26,-38.91,0.714,-34.868998527526855,-54.19587516784668,34.76347485046758,-88.35727776467711,True
30.875,ALIGN_VIRTUAL_CUTOUT,-36.0,29,91,264,40,0,-11.0,-45.18,-69.44,0.600,-23.59,-40.94,0.700,-34.38105297088623,-55.1888370513916,37.1411841277907,-88.3339768368344,True
30.984,ALIGN_VIRTUAL_CUTOUT,-36.0,31,90,277,40,0,-11.0,-44.86,-69.43,0.600,-23.18,-42.30,0.686,-34.02012062072754,-55.86139488220215,38.62262966520478,-88.31631148626795,True
31.109,ALIGN_VIRTUAL_CUTOUT,-36.0,32,88,282,40,0,-11.0,-44.74,-69.73,0.600,-22.96,-43.26,0.672,-33.85059642791748,-56.49127006530762,39.45344946451007,-88.3078844438176,True
31.234,ENTER_SPACE,-36.0,33,88,284,40,0,-11.0,-44.59,-70.21,0.600,-22.74,-44.45,0.659,-33.667724609375,-57.32973289489746,40.309961409666286,-88.298698825011,True
31.344,ENTER_SPACE,-36.0,32,86,283,40,0,1.0,-44.58,-70.80,0.600,-22.62,-45.39,0.646,-33.59779930114746,-58.09469223022461,40.832356860080715,-88.29516008499994,True
31.469,ENTER_SPACE,-36.0,32,86,283,40,0,1.0,-44.69,-71.27,0.600,-22.57,-46.03,0.633,-33.62964630126953,-58.64947319030762,41.24089812189526,-88.29677360305399,True
31.578,ENTER_SPACE,-36.0,32,84,283,40,0,1.0,-44.69,-71.27,0.600,-22.54,-46.59,0.620,-33.61724281311035,-58.92856979370117,41.90896793947561,-88.29614554744474,True
31.703,ENTER_SPACE,-36.0,31,84,283,40,0,1.0,-44.85,-71.74,0.600,-22.51,-47.19,0.608,-33.67927932739258,-59.463890075683594,42.31202002997035,-88.29928216612767,True
31.812,ENTER_SPACE,-36.0,31,84,280,40,0,1.0,-44.85,-71.74,0.600,-22.42,-47.83,0.600,-33.63471794128418,-59.78561973571777,43.18427753654181,-88.29703027427846,True
31.922,ENTER_SPACE,-36.0,31,83,281,40,0,1.0,-44.85,-71.74,0.600,-22.33,-48.52,0.600,-33.589698791503906,-60.127519607543945,44.1293933189028,-88.29474918761561,True
32.031,ENTER_SPACE,-36.0,31,82,276,40,0,1.0,-44.85,-71.74,0.600,-22.21,-49.49,0.600,-33.53357982635498,-60.61350059509277,45.49660799909337,-88.29189711312904,False
32.141,ENTER_SPACE,-36.0,31,82,273,40,0,1.0,-44.85,-71.74,0.600,-22.10,-50.44,0.600,-33.47421073913574,-61.088422775268555,46.8950666631832,-88.28886946070854,False
32.266,ENTER_SPACE,-36.0,30,80,267,40,0,1.0,-44.85,-71.74,0.600,-22.00,-51.42,0.600,-33.42438316345215,-61.5783634185791,48.363180227054166,-88.2863201037104,False
32.375,ENTER_SPACE,-36.0,30,80,239,40,0,1.0,-44.85,-71.74,0.600,-21.86,-52.46,0.600,-33.35733509063721,-62.09653854370117,50.012526298822245,-88.28287767593648,False
32.500,ENTER_SPACE,-36.0,30,79,26,40,0,1.0,-44.85,-71.74,0.600,-21.76,-53.45,0.600,-33.303955078125,-62.59527015686035,51.63262853703983,-88.28012710157168,False
32.609,ENTER_SPACE,-36.0,30,77,23,40,0,1.0,-44.85,-71.74,0.600,-21.66,-54.46,0.600,-33.25389862060547,-63.10067558288574,53.32601748228812,-88.27753976816692,False
32.734,ENTER_SPACE,-36.0,29,76,22,40,0,1.0,-44.85,-71.74,0.600,-21.53,-55.46,0.600,-33.1897611618042,-63.60040855407715,55.095525680874395,-88.27421321576121,False
32.844,ENTER_SPACE,-36.0,29,76,22,40,0,1.0,-44.85,-71.74,0.600,-21.37,-57.08,0.600,-33.10916614532471,-64.40804481506348,58.02918575105968,-88.27001481960482,False
32.953,ENTER_SPACE,-37.0,29,74,22,40,0,2.0,-44.85,-71.74,0.600,-21.20,-58.57,0.600,-33.02680206298828,-65.15337371826172,60.89154553144085,-88.26570311751175,False
33.078,ENTER_SPACE,-37.0,28,73,23,40,0,2.0,-44.85,-71.74,0.600,-21.04,-59.93,0.600,-32.94574737548828,-65.8337173461914,63.62525813245175,-88.26143893358017,False
33.187,ENTER_SPACE,-37.0,28,72,23,40,0,2.0,-44.85,-71.74,0.600,-20.87,-61.22,0.600,-32.86204719543457,-66.4786205291748,66.3173871241361,-88.2570135176473,False
33.312,ENTER_SPACE,-37.0,28,71,23,40,0,2.0,-44.85,-71.74,0.600,-20.72,-62.49,0.600,-32.78829097747803,-67.1118106842041,69.02120260112034,-88.25309515163299,False
33.422,ENTER_SPACE,-37.0,28,70,28,40,0,2.0,-44.85,-71.74,0.600,-20.48,-64.51,0.600,-32.66757869720459,-68.1261978149414,73.49073932773355,-88.24664406184542,False
33.547,ENTER_SPACE,-37.0,27,69,190,40,0,2.0,-44.85,-71.74,0.600,-20.27,-66.30,0.600,-32.55970764160156,-69.01689910888672,77.51995050524157,-88.24083879748135,False
33.656,ENTER_SPACE,-37.0,27,67,233,40,0,2.0,-44.85,-71.74,0.600,-20.09,-67.82,0.600,-32.46872043609619,-69.77816009521484,81.00867673712243,-88.2359122046107,False
33.781,ENTER_SPACE,-37.0,26,67,241,40,0,2.0,-44.85,-71.74,0.600,-19.96,-69.14,0.600,-32.40427303314209,-70.44005966186523,84.04917960791606,-88.23240591314834,False
33.891,ENTER_SPACE,-37.0,26,66,244,40,0,2.0,-44.85,-71.74,0.600,-20.39,-70.30,0.600,-32.61927509307861,-71.01968383789062,86.64138190723784,-88.24404926389116,False
34.000,ENTER_SPACE,-37.0,26,65,244,40,0,2.0,-44.85,-71.74,0.600,-20.77,-71.28,0.600,-32.811485290527344,-71.50748825073242,88.9052070066639,-88.25432926762852,False
34.109,ENTER_SPACE,-37.0,26,64,241,40,0,2.0,-44.85,-71.74,0.600,-21.98,-71.78,0.600,-33.41764259338379,-71.76100540161133,90.1173439448413,-88.28597464877161,False
34.219,ENTER_SPACE,-37.0,25,63,239,40,0,2.0,-44.85,-71.74,0.600,-23.63,-72.14,0.600,-34.242159843444824,-71.94026184082031,91.09434186501583,-88.32722294152855,False
34.344,ENTER_SPACE,-37.0,25,63,239,40,0,2.0,-44.85,-71.74,0.600,-24.59,-72.28,0.600,-34.71994686126709,-72.00960540771484,91.53783936681236,-88.35022949748613,False
34.469,ENTER_SPACE,-37.0,25,62,239,40,0,2.0,-44.85,-71.74,0.600,-25.45,-72.32,0.600,-35.15004825592041,-72.0276870727539,91.71266897125813,-88.37040539083156,False
34.578,ENTER_SPACE,-37.0,25,62,238,40,0,2.0,-44.85,-71.74,0.600,-25.86,-72.32,0.600,-35.35843372344971,-72.02729415893555,91.74786940354171,-88.38000429860551,False
34.703,ENTER_SPACE,-37.0,25,61,237,40,0,2.0,-44.85,-71.74,0.600,-26.03,-72.32,0.600,-35.43887710571289,-72.02975845336914,91.77778183261233,-88.3836796048688,False
34.812,ENTER_SPACE,-37.0,25,61,237,40,0,2.0,-44.85,-71.74,0.600,-26.08,-72.32,0.600,-35.46756935119629,-72.0291519165039,91.77951416110359,-88.38498646891054,False
34.922,ENTER_SPACE,-37.0,25,61,237,40,0,2.0,-44.85,-71.74,0.600,-26.01,-72.29,0.600,-35.43109321594238,-72.01205444335938,91.66874174740984,-88.38332470236234,False
35.031,ENTER_SPACE,-37.0,25,61,236,40,0,2.0,-44.77,-72.25,0.600,-25.94,-72.28,0.600,-35.35467052459717,-72.2647705078125,90.09943794424255,-88.37983195597633,False
35.156,ENTER_SPACE,-37.0,25,61,236,40,0,2.0,-44.77,-72.25,0.600,-25.86,-72.26,0.600,-35.314297676086426,-72.25658798217773,90.04941415548119,-88.37798069796956,False
35.281,ENTER_SPACE,-37.0,25,61,236,40,0,2.0,-44.69,-72.55,0.600,-25.79,-72.25,0.600,-35.23725128173828,-72.39537048339844,89.09255425933354,-88.37443604690887,False
35.391,ENTER_SPACE,-37.0,25,61,237,40,0,2.0,-44.59,-72.73,0.600,-25.73,-72.23,0.600,-35.15960693359375,-72.48090744018555,88.46648641078602,-88.37084818230011,False
35.516,ENTER_SPACE,-37.0,25,61,236,40,0,2.0,-44.51,-72.86,0.600,-25.71,-72.22,0.600,-35.112918853759766,-72.53965759277344,88.03648551325065,-88.36868314161703,False
35.641,ENTER_SPACE,-37.0,25,61,235,40,0,2.0,-44.47,-72.89,0.600,-25.70,-72.21,0.600,-35.08739757537842,-72.55147552490234,87.9123628955591,-88.36749722377344,False
35.750,ENTER_SPACE,-37.0,25,61,237,40,0,2.0,-44.46,-72.87,0.600,-25.69,-72.20,0.600,-35.07625484466553,-72.53861618041992,87.95759571143412,-88.36697890473432,False
35.859,ENTER_SPACE,-37.0,25,61,236,40,0,2.0,-44.46,-72.87,0.600,-25.69,-72.20,0.600,-35.074639320373535,-72.53707122802734,87.9485253975397,-88.36690372914603,False
35.969,ENTER_SPACE,-37.0,25,61,237,40,0,2.0,-44.46,-72.87,0.600,-25.69,-72.20,0.600,-35.07406425476074,-72.53630447387695,87.94397540270427,-88.36687696780682,False
36.094,ENTER_SPACE,-37.0,25,61,236,40,0,2.0,-44.43,-72.86,0.600,-25.69,-72.20,0.600,-35.061224937438965,-72.53125381469727,87.96877785632354,-88.36627924700487,False
36.203,ENTER_SPACE,-37.0,25,61,237,40,0,2.0,-44.43,-72.86,0.600,-25.69,-72.20,0.600,-35.061532974243164,-72.53127670288086,87.96885091192915,-88.3662935924528,False
36.312,ENTER_SPACE,-37.0,25,61,236,40,0,2.0,-44.43,-72.86,0.600,-25.69,-72.20,0.600,-35.06192970275879,-72.53143310546875,87.96972012819305,-88.36631206795276,False
36.422,ENTER_SPACE,-37.0,25,61,236,40,0,2.0,-44.43,-72.86,0.600,-25.69,-72.20,0.600,-35.06230640411377,-72.53163146972656,87.97085002110421,-88.36632961040861,False
36.531,ENTER_SPACE,-37.0,25,61,236,40,0,2.0,-44.43,-72.86,0.600,-25.69,-72.20,0.600,-35.062612533569336,-72.53181838989258,87.97192537504183,-88.36634386615228,False
36.672,ENTER_SPACE,-37.0,25,61,237,40,0,2.0,-44.43,-72.86,0.600,-25.69,-72.20,0.600,-35.062835693359375,-72.53196716308594,87.972785750801,-88.36635425803298,False
36.781,ENTER_SPACE,-37.0,25,61,237,40,0,2.0,-44.43,-72.86,0.600,-25.69,-72.20,0.600,-35.062981605529785,-72.53207397460938,87.97340657397378,-88.36636105265273,False
36.906,ENTER_SPACE,-37.0,25,61,236,40,0,2.0,-44.43,-72.86,0.600,-25.69,-72.20,0.600,-35.06306743621826,-72.53214645385742,87.97383070629904,-88.36636504946149,False
37.016,ENTER_SPACE,-37.0,25,61,236,40,0,2.0,-44.62,-72.61,0.600,-25.69,-72.20,0.600,-35.1570405960083,-72.40493774414062,88.76400549603966,-88.3707293241691,False
37.125,ENTER_SPACE,-37.0,25,61,236,40,0,2.0,-44.62,-72.61,0.600,-25.71,-72.17,0.600,-35.16322040557861,-72.38879013061523,88.66541474422903,-88.37101550834039,False
37.234,ENTER_SPACE,-37.0,25,61,237,40,0,2.0,-44.62,-72.61,0.600,-25.71,-72.15,0.600,-35.167147636413574,-72.37849807739258,88.60251420424733,-88.37119732438796,False
37.344,ENTER_SPACE,-37.0,25,61,237,40,0,2.0,-44.62,-72.61,0.600,-25.72,-72.14,0.600,-35.16934871673584,-72.3727035522461,88.5670805805386,-88.37129920840337,False
37.453,ENTER_SPACE,-37.0,25,61,237,40,0,2.0,-44.62,-72.61,0.600,-25.75,-72.13,0.600,-35.18330097198486,-72.37131118774414,88.55651444636949,-88.37194473671862,False
37.578,ENTER_SPACE,-37.0,3,61,237,40,0,2.0,-44.62,-72.61,0.600,-25.79,-72.14,0.600,-35.204758644104004,-72.37268829345703,88.56160100604963,-88.3729365200299,False
37.687,ENTER_SPACE,-37.0,3,61,236,40,0,2.0,-44.62,-72.61,0.600,-25.81,-72.14,0.600,-35.217509269714355,-72.37429809570312,88.56945461834103,-88.37352528772323,False
37.797,ENTER_SPACE,-37.0,4,60,236,40,0,2.0,-44.60,-72.63,0.600,-25.84,-72.18,0.600,-35.220096588134766,-72.40522003173828,88.60807014602665,-88.37364470669817,False
37.937,ENTER_SPACE,-37.0,2,60,233,40,0,2.0,-44.60,-72.63,0.600,-25.72,-72.12,0.600,-35.16145896911621,-72.37737655639648,88.44778452151382,-88.37093394726065,False
38.047,ENTER_SPACE,-38.0,3,60,231,40,0,3.0,-44.60,-72.63,0.600,-25.55,-71.77,0.600,-35.07337951660156,-72.20084762573242,87.4017208018953,-88.36684510158597,False
38.156,ENTER_SPACE,-37.0,4,62,239,40,0,2.0,-44.60,-72.63,0.600,-25.36,-70.94,0.600,-34.978474617004395,-71.78684997558594,84.97289433289572,-88.36241637441377,False
38.281,ENTER_SPACE,-35.0,5,69,238,40,0,0.0,-44.60,-72.63,0.600,-25.30,-69.40,0.600,-34.951520919799805,-71.01604080200195,80.48463330879048,-88.36115420125216,False
38.375,ENTER_SPACE,-38.0,3,59,228,40,0,3.0,-44.60,-72.63,0.600,-25.09,-67.25,0.600,-34.8427095413208,-69.94348526000977,74.58724984461338,-88.35603900300761,False
38.500,ENTER_SPACE,-40.0,2,6,135,40,0,5.0,-44.60,-72.63,0.600,-23.43,-64.33,0.600,-34.01506042480469,-68.48117446899414,68.58032241715703,-88.31606115924636,False
38.609,ENTER_SPACE,-39.0,5,6,28,40,0,4.0,-44.60,-72.63,0.600,-21.42,-61.13,0.600,-33.008195877075195,-66.88103103637695,63.60623402660484,-88.26472611994738,False
38.719,ENTER_SPACE,-40.0,5,11,29,40,0,5.0,-44.60,-72.63,0.600,-19.25,-57.77,0.600,-31.924579620361328,-65.19981002807617,59.60891418693191,-88.20586356906557,False
38.844,ENTER_SPACE,-40.0,13,14,37,40,0,5.0,-44.60,-72.63,0.600,-14.39,-52.09,0.600,-29.495972633361816,-62.35947799682617,55.77476470790905,-88.0582487223351,False
38.953,ENTER_SPACE,-38.0,8,17,218,40,0,3.0,-44.60,-72.63,0.600,-11.06,-48.02,0.600,-27.83060073852539,-60.32877540588379,53.72923810277498,-87.94215219328126,False
39.078,ENTER_SPACE,-42.0,1,19,234,40,0,7.0,-44.60,-72.63,0.600,-7.93,-44.67,0.600,-26.266640663146973,-58.65272903442383,52.670386315397415,-87.81973939399953,False
39.187,ENTER_SPACE,-43.0,1,19,221,40,0,8.0,-44.60,-72.63,0.600,-4.94,-42.17,0.600,-24.767473459243774,-57.40163993835449,52.47396970463359,-87.68790806190327,False
39.297,ENTER_SPACE,-42.0,4,19,234,40,0,7.0,-44.60,-72.63,0.600,-3.57,-41.35,0.600,-24.086905360221863,-56.9915885925293,52.672424489577345,-87.62265454159127,False
39.422,ENTER_SPACE,-42.0,3,18,237,40,0,7.0,-44.60,-72.63,0.600,-3.30,-41.55,0.600,-23.949264407157898,-57.09223937988281,53.034894632369955,-87.60900729912872,False
39.531,ENTER_SPACE,-41.0,5,17,235,40,0,6.0,-44.60,-72.63,0.600,-3.97,-42.95,0.600,-24.284323930740356,-57.79032325744629,53.84630828986278,-87.64195918402993,False
39.656,ENTER_SPACE,-41.0,20,16,167,40,0,6.0,-44.60,-72.63,0.600,-4.84,-44.51,0.600,-24.719207048416138,-58.57346153259277,54.730580349824805,-87.68339841424343,False
39.766,ENTER_SPACE,-41.0,22,16,65,40,0,6.0,-44.60,-72.63,0.600,-5.75,-46.11,0.600,-25.175829887390137,-59.36918830871582,55.670949535884,-87.72537088718762,False
39.875,ENTER_SPACE,-40.0,21,15,43,40,0,5.0,-44.60,-72.63,0.600,-6.60,-47.59,0.600,-25.599745512008667,-60.11379432678223,56.617418787605295,-87.76299872126495,False
40.000,ENTER_SPACE,-40.0,21,14,37,40,0,5.0,-44.60,-72.63,0.600,-7.37,-48.94,0.600,-25.98680543899536,-60.78475379943848,57.51932615611067,-87.79628459164773,False
40.109,ENTER_SPACE,-39.0,21,13,36,40,0,4.0,-44.60,-72.63,0.600,-8.13,-50.07,0.600,-26.364055156707764,-61.352853775024414,58.25858309121937,-87.8277876683116,False
40.219,ENTER_SPACE,-39.0,20,12,35,40,0,4.0,-44.60,-72.63,0.600,-8.84,-51.17,0.600,-26.71710205078125,-61.89946174621582,59.025408595459446,-87.85646490475858,False
40.344,ENTER_SPACE,-38.0,20,11,35,40,0,3.0,-44.60,-72.63,0.600,-9.73,-52.76,0.600,-27.16259765625,-62.695661544799805,60.31987453507675,-87.89158917582084,False
40.453,ENTER_SPACE,-38.0,19,11,34,40,0,3.0,-44.60,-72.63,0.600,-10.41,-54.09,0.600,-27.503557682037354,-63.360036849975586,61.52307695703948,-87.91770387026313,False
40.578,ENTER_SPACE,-37.0,19,10,34,40,0,2.0,-44.60,-72.63,0.600,-11.00,-55.27,0.600,-27.79893732070923,-63.95222854614258,62.67361475045207,-87.93981029158381,False
40.687,ENTER_SPACE,-37.0,18,10,34,40,0,2.0,-44.60,-72.63,0.600,-11.49,-56.34,0.600,-28.045621871948242,-64.48739624023438,63.79856308570865,-87.95791596209142,False
40.812,ENTER_SPACE,-37.0,18,9,34,40,0,2.0,-44.60,-72.63,0.600,-11.94,-57.43,0.600,-28.271618366241455,-65.03400421142578,65.041542699793,-87.97422623363454,False
40.922,ENTER_SPACE,-36.0,18,8,34,40,0,1.0,-44.60,-72.63,0.600,-12.20,-58.01,0.600,-28.399280071258545,-65.32119941711426,65.70727404015621,-87.98332504567657,False
41.031,ENTER_SPACE,-35.0,17,7,34,40,0,0.0,-44.60,-72.63,0.600,-13.16,-59.14,0.600,-28.879244327545166,-65.88551330566406,66.76870700507872,-88.0168145804914,False
41.156,ENTER_SPACE,-35.0,17,6,34,40,0,0.0,-44.60,-72.63,0.600,-14.05,-60.18,0.600,-29.322579860687256,-66.40549278259277,67.82094427978213,-88.04677546129382,False
41.266,PARALLEL_ALIGN,-35.0,17,5,34,35,1,0.0,-44.60,-72.63,0.600,-14.85,-61.19,0.600,-29.723095893859863,-66.91070365905762,68.9592599105175,-88.07307500880935,False
41.375,PARALLEL_ALIGN,-34.0,16,5,34,35,1,-45.0,-44.60,-72.63,0.600,-15.67,-62.13,0.600,-30.134127616882324,-67.38149642944336,70.04588540565179,-88.0993389968038,False
41.500,PARALLEL_ALIGN,-34.0,16,5,34,35,1,-45.0,-44.60,-72.63,0.600,-16.52,-63.02,0.600,-30.559350967407227,-67.82683372497559,71.10189462981428,-88.12576707631713,False
41.609,PARALLEL_ALIGN,-33.0,16,5,34,35,1,-45.0,-44.42,-72.56,0.600,-16.89,-63.39,0.600,-30.655010223388672,-67.97590446472168,71.55842545320131,-88.13161148652082,True
41.719,PARALLEL_ALIGN,-31.0,16,5,33,35,1,-45.0,-44.42,-72.56,0.600,-17.54,-63.44,0.600,-30.975330352783203,-68.0008430480957,71.2448840341099,-88.15091926495985,True
41.844,PARALLEL_ALIGN,-30.0,17,6,34,35,1,-45.0,-44.49,-72.29,0.600,-17.89,-62.95,0.600,-31.19223117828369,-67.6202507019043,70.65157441677509,-88.16376834938771,True
41.953,PARALLEL_ALIGN,-30.0,17,6,46,35,1,-45.0,-44.67,-71.95,0.600,-18.05,-62.42,0.600,-31.35931968688965,-67.1859302520752,70.30726257609867,-88.17354550159558,True
42.078,PARALLEL_ALIGN,-29.0,17,6,134,35,0,45.0,-44.67,-71.95,0.600,-18.15,-61.92,0.600,-31.409391403198242,-66.93521881103516,69.28532076510287,-88.17645520191277,True
42.203,PARALLEL_ALIGN,-29.0,17,6,178,35,0,45.0,-44.89,-71.61,0.600,-18.20,-61.47,0.600,-31.545175552368164,-66.54040145874023,69.18427433323156,-88.18429926603827,True
42.328,PARALLEL_ALIGN,-30.0,17,6,35,35,0,45.0,-44.28,-70.94,0.600,-17.62,-60.91,0.600,-30.94772243499756,-65.92656517028809,69.38644341708469,-88.1492708792601,True
42.437,PARALLEL_ALIGN,-33.0,17,6,34,35,0,45.0,-43.21,-69.94,0.600,-16.51,-60.48,0.600,-29.860734939575195,-65.21134376525879,70.49188256190968,-88.08195026106877,True
42.562,PARALLEL_ALIGN,-32.0,16,6,33,35,0,45.0,-43.04,-70.21,0.600,-16.35,-60.74,0.600,-29.694960594177246,-65.47369384765625,70.45588597720953,-88.0712506695161,True
42.672,PARALLEL_ALIGN,-31.0,17,5,33,35,1,-45.0,-43.04,-70.21,0.600,-16.68,-61.54,0.600,-29.86211395263672,-65.87598419189453,71.79079992665827,-88.08203876920705,True
42.797,PARALLEL_ALIGN,-30.0,16,5,33,35,1,-45.0,-43.10,-70.40,0.600,-17.33,-62.56,0.600,-30.214366912841797,-66.48331642150879,73.07252845063297,-88.10438283199308,True
42.906,PARALLEL_ALIGN,-29.0,16,5,38,35,1,-45.0,-43.62,-71.28,0.600,-18.10,-63.70,0.600,-30.857768058776855,-67.48854446411133,73.46835928870547,-88.14387953340561,True
43.031,PARALLEL_ALIGN,-24.0,16,5,74,35,1,-45.0,-44.31,-71.49,0.600,-18.71,-64.92,0.600,-31.50668430328369,-68.20432662963867,75.61862697593781,-88.18208253889301,True
43.141,PARALLEL_ALIGN,-24.0,16,5,74,35,1,-45.0,-45.44,-70.68,0.600,-19.66,-65.25,0.600,-32.55099391937256,-67.96175384521484,78.11213905438446,-88.24036817570666,True
43.266,PARALLEL_ALIGN,-23.0,16,5,74,35,1,-45.0,-46.35,-69.88,0.600,-20.17,-65.07,0.600,-33.2627534866333,-67.47441101074219,79.60263342746028,-88.27799802759509,True
43.391,PARALLEL_ALIGN,-22.0,16,5,74,35,1,-45.0,-47.02,-69.24,0.600,-20.49,-64.56,0.600,-33.75218200683594,-66.9031982421875,80.00339722636186,-88.30295346378047,True
43.500,PARALLEL_ALIGN,-22.0,17,6,73,35,0,45.0,-47.52,-68.70,0.600,-20.68,-63.97,0.600,-34.097710609436035,-66.33523941040039,79.99547081500253,-88.32014055377351,True
43.609,PARALLEL_ALIGN,-21.0,17,6,73,35,0,45.0,-47.93,-68.20,0.600,-20.73,-63.21,0.600,-34.328742027282715,-65.70416069030762,79.61866126222505,-88.33143954563077,True
43.734,PARALLEL_ALIGN,-21.0,17,6,73,35,0,45.0,-48.02,-68.22,0.600,-20.45,-62.86,0.600,-34.238861083984375,-65.5409927368164,78.98507088456752,-88.3270618686015,True
43.844,PARALLEL_ALIGN,-25.0,17,6,74,35,0,45.0,-48.02,-68.22,0.600,-19.26,-62.54,0.600,-33.64267349243164,-65.38111686706543,78.81692940797994,-88.29743274193265,True
43.953,PARALLEL_ALIGN,-24.0,16,5,74,35,1,-45.0,-48.02,-68.22,0.600,-19.02,-62.70,0.600,-33.52427959442139,-65.46409797668457,79.2220703920274,-88.29142353581169,True
44.062,PARALLEL_ALIGN,-24.0,16,5,74,35,1,-45.0,-48.02,-68.22,0.600,-19.16,-63.28,0.600,-33.589853286743164,-65.74979209899902,80.27219260083709,-88.2947570262204,False
44.172,PARALLEL_ALIGN,-23.0,16,5,74,35,1,-45.0,-48.02,-68.22,0.600,-19.59,-64.12,0.600,-33.806864738464355,-66.17306137084961,81.79016698765373,-88.30569684172013,False
44.281,PARALLEL_ALIGN,-17.0,17,9,72,35,1,-45.0,-48.02,-68.22,0.600,-20.02,-65.28,0.600,-34.02432632446289,-66.75432968139648,84.00602371630751,-88.31651948509689,False
44.406,PARALLEL_ALIGN,-17.0,17,9,72,35,1,-45.0,-48.02,-68.22,0.600,-20.60,-65.72,0.600,-34.3104190826416,-66.97314453125,84.78721126076942,-88.33054898104014,False
44.516,PARALLEL_ALIGN,-17.0,17,11,72,35,1,-45.0,-48.02,-68.22,0.600,-20.75,-65.60,0.600,-34.38780117034912,-66.9141616821289,84.51212762408888,-88.33430358998551,False
44.625,PARALLEL_ALIGN,-16.0,17,14,72,35,1,-45.0,-48.02,-68.22,0.600,-20.93,-64.86,0.600,-34.474552154541016,-66.54276275634766,82.9256778552102,-88.33849275838759,False
44.734,PARALLEL_ALIGN,-16.0,17,51,72,35,1,-45.0,-48.02,-68.22,0.600,-20.99,-64.12,0.600,-34.508514404296875,-66.17134857177734,81.36311749516122,-88.34012704899494,False
44.844,PARALLEL_ALIGN,-15.0,17,70,71,35,0,45.0,-48.02,-68.22,0.600,-20.75,-63.44,0.600,-34.385972023010254,-65.83394622802734,80.05877035148886,-88.33421503388519,False
44.953,PARALLEL_ALIGN,-14.0,17,78,71,35,0,45.0,-48.02,-68.22,0.600,-20.54,-62.78,0.600,-34.28138256072998,-65.50073623657227,78.79023991870969,-88.32913574794486,False
45.062,PARALLEL_ALIGN,-15.0,17,102,72,35,0,45.0,-48.02,-68.22,0.600,-19.88,-62.27,0.600,-33.951133728027344,-65.24576377868652,78.0497187562795,-88.3128922962046,False
45.172,PARALLEL_ALIGN,-19.0,17,29,72,35,0,45.0,-48.02,-68.22,0.600,-18.60,-61.74,0.600,-33.30953884124756,-64.98437309265137,77.58244470704153,-88.28041523515043,False
45.281,PARALLEL_ALIGN,-17.0,17,94,72,35,0,45.0,-48.02,-68.22,0.600,-17.74,-62.02,0.600,-32.881550788879395,-65.12245178222656,78.42348810279915,-88.2580467277136,False
45.391,PARALLEL_ALIGN,-16.0,17,104,72,35,0,45.0,-48.02,-68.22,0.600,-17.86,-62.81,0.600,-32.94251346588135,-65.51813888549805,79.82741358975626,-88.2612683668036,False
45.500,PARALLEL_ALIGN,-15.0,17,104,72,35,0,45.0,-48.02,-68.22,0.600,-18.26,-63.85,0.600,-33.14025115966797,-66.03494834899902,81.6320867061069,-88.2716365327683,False
45.609,PARALLEL_ALIGN,-14.0,17,104,72,35,0,45.0,-48.02,-68.22,0.600,-18.93,-64.98,0.600,-33.474976539611816,-66.60431671142578,83.64661075812059,-88.2889085826354,False
45.734,PARALLEL_ALIGN,-13.0,17,103,71,35,0,45.0,-48.02,-68.22,0.600,-20.00,-66.71,0.600,-34.01187705993652,-67.46502304077148,86.89850594063935,-88.31590364059805,False
45.844,PARALLEL_ALIGN,-12.0,17,101,71,35,0,45.0,-48.02,-68.22,0.600,-20.93,-68.19,0.600,-34.477176666259766,-68.20693588256836,89.92676646218452,-88.33861916668654,False
45.953,PARALLEL_ALIGN,-12.0,17,102,71,35,0,45.0,-48.02,-68.22,0.600,-21.65,-69.49,0.600,-34.83797073364258,-68.8548698425293,92.73810344880772,-88.35581550723661,False
46.078,PARALLEL_ALIGN,-10.0,18,99,71,35,0,45.0,-48.02,-68.22,0.600,-22.17,-70.65,0.600,-35.098402976989746,-69.43854522705078,95.36695888635693,-88.36800883198401,False
46.187,PARALLEL_ALIGN,-10.0,18,101,71,35,0,45.0,-48.02,-68.22,0.600,-22.44,-71.74,0.600,-35.23187446594238,-69.98005676269531,97.8154900216844,-88.37418809906468,False
46.297,PARALLEL_ALIGN,-8.0,18,98,71,35,0,45.0,-48.02,-68.22,0.600,-19.62,-72.09,0.600,-33.82182502746582,-70.15832138061523,97.75499031703013,-88.30644584034997,False
46.422,PARALLEL_ALIGN,-8.0,18,97,71,35,0,45.0,-48.02,-68.22,0.600,-20.43,-68.33,0.600,-34.2281494140625,-68.2774658203125,90.22100953972469,-88.32653862170251,False
46.516,PARALLEL_ALIGN,-7.0,18,98,71,35,0,45.0,-48.02,-68.22,0.600,-21.79,-66.43,0.600,-34.90492248535156,-67.32649230957031,86.0852207684173,-88.35896752059922,False
46.641,PARALLEL_ALIGN,-6.0,18,99,70,35,0,45.0,-48.02,-68.22,0.600,-22.94,-65.58,0.600,-35.48170280456543,-66.90179824829102,83.9809341095513,-88.38562943797287,False
46.766,PARALLEL_ALIGN,-6.0,18,97,71,35,0,45.0,-48.02,-68.22,0.600,-23.85,-65.41,0.600,-35.935471534729004,-66.81950759887695,83.37161079737584,-88.40600402905474,False
46.875,PARALLEL_ALIGN,-5.0,19,99,70,35,0,45.0,-48.02,-68.22,0.600,-24.50,-65.59,0.600,-36.26028633117676,-66.90739059448242,83.61267407209581,-88.4202755639278,False
46.984,PARALLEL_ALIGN,-5.0,19,102,71,35,0,45.0,-48.02,-68.22,0.600,-24.91,-65.94,0.600,-36.46655082702637,-67.08202743530273,84.35571060748188,-88.42920641554888,False
47.094,PARALLEL_ALIGN,-5.0,19,99,71,35,0,45.0,-48.02,-68.22,0.600,-25.16,-66.32,0.600,-36.590227127075195,-67.26996231079102,85.22896006999383,-88.4345131085534,False
47.203,PARALLEL_ALIGN,-5.0,19,100,71,35,0,45.0,-48.02,-68.22,0.600,-25.31,-66.67,0.600,-36.66738033294678,-67.44781494140625,86.08880411132333,-88.43780547405983,False
47.328,PARALLEL_ALIGN,-5.0,19,100,71,35,0,45.0,-48.02,-68.22,0.600,-25.41,-66.95,0.600,-36.715386390686035,-67.58517074584961,86.76545945400649,-88.43984706257866,False
47.437,PARALLEL_ALIGN,-5.0,19,96,71,35,0,45.0,-48.02,-68.22,0.600,-25.41,-67.11,0.600,-36.71693229675293,-67.66463470458984,87.16655768547345,-88.4399127177899,False
47.547,PARALLEL_ALIGN,-5.0,19,100,70,35,0,45.0,-48.02,-68.22,0.600,-25.37,-67.18,0.600,-36.695679664611816,-67.70321655273438,87.36656152427517,-88.43900962615251,False
47.656,PARALLEL_ALIGN,-5.0,19,96,71,35,0,45.0,-48.02,-68.22,0.600,-25.31,-67.21,0.600,-36.666781425476074,-67.71575164794922,87.43636215524747,-88.4377799701486,False
47.766,PARALLEL_ALIGN,-5.0,19,99,71,35,0,45.0,-48.02,-68.22,0.600,-25.25,-67.20,0.600,-36.638821601867676,-67.71362686157227,87.43197794789295,-88.43658839998672,False
47.875,PARALLEL_ALIGN,-5.0,19,98,71,35,0,45.0,-48.02,-68.22,0.600,-25.21,-67.19,0.600,-36.61581611633301,-67.70472717285156,87.39254280103438,-88.4356066063398,False
47.984,PARALLEL_ALIGN,-5.0,19,100,71,35,0,45.0,-48.02,-68.22,0.600,-25.17,-67.16,0.600,-36.59891605377197,-67.69397354125977,87.34257889069302,-88.4348845849767,False
48.094,PARALLEL_ALIGN,-5.0,19,98,71,35,0,45.0,-48.02,-68.22,0.600,-25.15,-67.14,0.600,-36.587697982788086,-67.68404769897461,87.29556155704893,-88.43440494728623,False
48.203,PARALLEL_ALIGN,-5.0,19,102,71,35,0,45.0,-48.02,-68.22,0.600,-25.14,-67.13,0.600,-36.5810432434082,-67.67612075805664,87.2575302577757,-88.43412027961458,False
48.328,PARALLEL_ALIGN,-5.0,19,96,71,35,0,45.0,-48.02,-68.22,0.600,-25.13,-67.12,0.600,-36.57767391204834,-67.67044067382812,87.2299694076153,-88.43397611132889,False
48.437,PARALLEL_ALIGN,-5.0,19,99,71,35,0,45.0,-48.02,-68.22,0.600,-25.13,-67.11,0.600,-36.57644081115723,-67.66676330566406,87.21190488122649,-88.43392334228504,False
48.547,PARALLEL_ALIGN,-5.0,19,97,71,35,0,45.0,-48.02,-68.22,0.600,-25.13,-67.11,0.600,-36.576443672180176,-67.66465377807617,87.20137079751133,-88.43392346472314,False
48.656,PARALLEL_ALIGN,-5.0,19,93,71,35,0,45.0,-48.02,-68.22,0.600,-25.13,-67.10,0.600,-36.57704544067383,-67.66363906860352,87.19615701439939,-88.43394921710964,False
48.766,PARALLEL_ALIGN,-5.0,19,98,70,35,0,45.0,-48.02,-68.22,0.600,-25.13,-67.10,0.600,-36.57784080505371,-67.66332244873047,87.19438136825835,-88.4339832530377,False
48.875,PARALLEL_ALIGN,-5.0,19,95,71,35,0,45.0,-48.02,-68.22,0.600,-25.13,-67.10,0.600,-36.57860279083252,-67.66339492797852,87.1945568454795,-88.43401585921221,False
48.984,PARALLEL_ALIGN,-5.0,19,99,71,35,0,45.0,-48.02,-68.22,0.600,-25.13,-67.10,0.600,-36.57922554016113,-67.66364288330078,87.19564281167754,-88.43404250630427,False
49.094,PARALLEL_ALIGN,-5.0,19,95,71,35,0,45.0,-48.02,-68.22,0.600,-25.14,-67.10,0.600,-36.57968044281006,-67.66393661499023,87.1969985803265,-88.43406197075866,False
49.203,PARALLEL_ALIGN,-5.0,19,100,71,35,0,45.0,-48.02,-68.22,0.600,-25.14,-67.10,0.600,-36.57998085021973,-67.6642074584961,87.19827790258341,-88.43407482437844,False
49.312,PARALLEL_ALIGN,-5.0,19,98,71,35,0,45.0,-48.02,-68.22,0.600,-25.14,-67.10,0.600,-36.58015823364258,-67.66442108154297,87.19930154768765,-88.43408241403581,False
49.328,PARALLEL_ALIGN,-5.0,19,94,71,35,0,45.0,-48.02,-68.22,0.600,-25.14,-67.10,0.600,-36.58015823364258,-67.66442108154297,87.19930154768765,-88.43408241403581,False
49.437,PARALLEL_ALIGN,-5.0,19,93,71,35,0,45.0,-48.02,-68.22,0.600,-25.14,-67.10,0.600,-36.580246925354004,-67.6645736694336,87.200042028776,-88.43408620883692,False
49.547,PARALLEL_ALIGN,-5.0,19,96,71,35,0,45.0,-48.02,-68.22,0.600,-25.14,-67.11,0.600,-36.580278396606445,-67.6646728515625,87.20052974204728,-88.43408755537483,False
49.656,PARALLEL_ALIGN,-5.0,19,96,71,35,0,45.0,-48.02,-68.22,0.600,-25.14,-67.11,0.600,-36.58027744293213,-67.66473007202148,87.20081578355764,-88.43408751457068,False
49.766,PARALLEL_ALIGN,-5.0,19,102,71,35,0,45.0,-48.02,-68.22,0.600,-25.14,-67.11,0.600,-36.580260276794434,-67.66475677490234,87.20095335302689,-88.43408678009571,False
49.875,PARALLEL_ALIGN,-5.0,19,99,71,35,0,45.0,-48.02,-68.22,0.600,-25.14,-67.11,0.600,-36.580238342285156,-67.66476440429688,87.20099681726016,-88.4340858415989,False
49.984,PARALLEL_ALIGN,-5.0,19,97,70,35,0,45.0,-48.02,-68.22,0.600,-25.14,-67.11,0.600,-36.580217361450195,-67.66476440429688,87.20100194081148,-88.43408494390526,False
50.094,PARALLEL_ALIGN,-5.0,19,98,7,35,0,45.0,-48.02,-68.22,0.600,-25.14,-67.11,0.600,-36.5802001953125,-67.66475677490234,87.20096802521998,-88.43408420942787,False
50.203,PARALLEL_ALIGN,-5.0,19,102,4,35,0,45.0,-48.02,-68.22,0.600,-25.14,-67.11,0.600,-36.5801887512207,-67.66474914550781,87.2009327123723,-88.43408371977591,False
50.312,PARALLEL_ALIGN,-6.0,18,92,4,35,0,45.0,-48.02,-68.22,0.600,-24.75,-66.87,0.600,-36.38624954223633,-67.54539489746094,86.66154957737,-88.42574155338217,False
50.422,PARALLEL_ALIGN,-6.0,18,100,4,35,0,45.0,-48.02,-68.22,0.600,-24.28,-66.49,0.600,-36.15188694000244,-67.35697174072266,85.82180999186194,-88.41554126037059,False
50.531,PARALLEL_ALIGN,-9.0,18,100,3,35,0,45.0,-48.02,-68.22,0.600,-23.03,-65.96,0.600,-35.52654838562012,-67.0919303894043,84.82284079355587,-88.3876662006366,False
50.641,PARALLEL_ALIGN,-10.0,17,99,4,35,0,45.0,-48.02,-68.22,0.600,-21.79,-65.56,0.600,-34.907124519348145,-66.89165115356445,84.19891347810272,-88.35907098468093,False
50.750,PARALLEL_ALIGN,-10.0,18,99,4,35,0,45.0,-48.02,-68.22,0.600,-21.11,-65.35,0.600,-34.56850719451904,-66.786865234375,83.90242383226737,-88.34300611017213,False
50.859,PARALLEL_ALIGN,-10.0,18,99,4,35,0,45.0,-48.02,-68.22,0.600,-20.88,-65.27,0.600,-34.45386600494385,-66.74856948852539,83.79370157593591,-88.33749574677026,False
50.969,PARALLEL_ALIGN,-10.0,18,99,4,35,0,45.0,-48.02,-68.22,0.600,-20.82,-65.26,0.600,-34.422410011291504,-66.74435806274414,83.7904096656839,-88.33597736572818,False
51.078,PARALLEL_ALIGN,-10.0,18,99,3,35,0,45.0,-48.02,-68.22,0.600,-20.90,-65.30,0.600,-34.46061611175537,-66.75976181030273,83.83736820325552,-88.33782121353762,False
51.187,PARALLEL_ALIGN,-10.0,18,99,4,35,0,45.0,-48.02,-68.22,0.600,-21.06,-65.38,0.600,-34.53990173339844,-66.80422973632812,83.98822816381774,-88.34163457710858,False
51.297,PARALLEL_ALIGN,-9.0,18,99,6,35,0,45.0,-48.02,-68.22,0.600,-21.28,-65.46,0.600,-34.653385162353516,-66.8440933227539,84.10655341484026,-88.34706239948416,False
51.406,PARALLEL_ALIGN,-9.0,18,99,7,35,0,45.0,-48.02,-68.22,0.600,-21.49,-65.48,0.600,-34.755483627319336,-66.8536491394043,84.10235239843192,-88.35191542305213,False
51.516,PARALLEL_ALIGN,-9.0,18,99,5,35,0,45.0,-48.02,-68.22,0.600,-21.64,-65.54,0.600,-34.83082103729248,-66.88140487670898,84.18819236858884,-88.35547819203748,False
51.625,PARALLEL_ALIGN,-9.0,18,2,5,35,1,-45.0,-48.02,-68.22,0.600,-21.78,-65.29,0.600,-34.89948272705078,-66.75510787963867,83.61289426645263,-88.35871187389473,False
51.734,PARALLEL_ALIGN,-9.0,18,2,5,35,1,-45.0,-48.02,-68.22,0.600,-21.75,-65.07,0.600,-34.88465595245361,-66.64682006835938,83.15409924534059,-88.35801467079843,False
51.844,PARALLEL_ALIGN,-8.0,18,11,6,35,1,-45.0,-48.02,-68.22,0.600,-21.61,-64.76,0.600,-34.817124366760254,-66.4928970336914,82.53132299179825,-88.35483161085794,False
51.953,PARALLEL_ALIGN,-5.0,18,4,21,35,1,-45.0,-48.02,-68.22,0.600,-22.45,-64.46,0.600,-35.23729610443115,-66.34209823608398,81.62631969568704,-88.3744381135561,False
52.078,PARALLEL_ALIGN,-6.0,18,10,58,35,1,-45.0,-48.02,-68.22,0.600,-23.04,-62.81,0.600,-35.53349685668945,-65.51630783081055,77.7674294289195,-88.38798132140785,False
52.203,PARALLEL_ALIGN,-6.0,18,4,11,35,1,-45.0,-48.02,-68.22,0.600,-23.42,-61.55,0.600,-35.719523429870605,-64.88915061950684,74.83431221091901,-88.39637228770002,False
52.312,PARALLEL_ALIGN,-5.0,18,2,43,35,1,-45.0,-48.02,-68.22,0.600,-23.69,-60.86,0.600,-35.8566837310791,-64.5444393157959,73.17269636434287,-88.40250335850708,False
52.422,PARALLEL_ALIGN,-5.0,18,127,10,35,1,-45.0,-48.02,-68.22,0.600,-24.34,-59.82,0.600,-36.182376861572266,-64.02322006225586,70.46670633928125,-88.41687576163503,False
52.531,PARALLEL_ALIGN,-4.0,18,128,9,35,0,45.0,-48.02,-68.22,0.600,-24.89,-59.20,0.600,-36.457773208618164,-63.710609436035156,68.68187012941888,-88.42882841888877,False
52.641,PARALLEL_ALIGN,-4.0,18,130,9,35,0,45.0,-48.02,-68.22,0.600,-25.35,-58.90,0.600,-36.68680381774902,-63.56103515625,67.64138626477498,-88.43863215380406,False
52.750,PARALLEL_ALIGN,-4.0,18,104,6,35,0,45.0,-48.02,-68.22,0.600,-25.73,-58.74,0.600,-36.87548828125,-63.48316192626953,66.96129605458007,-88.44661743490835,False
52.859,PARALLEL_ALIGN,-8.0,17,101,5,35,0,45.0,-48.02,-68.22,0.600,-24.07,-57.94,0.600,-36.04888153076172,-63.083017349243164,66.76461825875768,-88.41101617493764,False
52.969,PARALLEL_ALIGN,-7.0,17,104,2,35,0,45.0,-48.02,-68.22,0.600,-23.13,-58.09,0.600,-35.579285621643066,-63.158782958984375,67.8515821362763,-88.39005481647946,False
53.078,PARALLEL_ALIGN,-6.0,18,105,2,35,0,45.0,-48.02,-68.22,0.600,-23.12,-58.64,0.600,-35.57422733306885,-63.43028259277344,68.9398328015792,-88.38982601936354,False
53.187,PARALLEL_ALIGN,-5.0,18,105,2,35,0,45.0,-48.02,-68.22,0.600,-23.49,-59.56,0.600,-35.75613880157471,-63.89211082458496,70.5501655548431,-88.39801359501008,False
53.297,PARALLEL_ALIGN,-5.0,18,105,2,35,0,45.0,-48.02,-68.22,0.600,-24.10,-60.53,0.600,-36.063761711120605,-64.37738037109375,72.17001151939922,-88.41167146574998,False
53.406,PARALLEL_ALIGN,-5.0,18,100,3,35,0,45.0,-48.02,-68.22,0.600,-24.83,-61.62,0.600,-36.426137924194336,-64.9197940826416,74.09651964052225,-88.4274645764287,False
53.516,PARALLEL_ALIGN,-7.0,18,98,2,35,0,45.0,-48.02,-68.22,0.600,-24.41,-62.29,0.600,-36.21691703796387,-65.25713539123535,75.89352303739466,-88.41838482446155,False
53.625,PARALLEL_ALIGN,-17.0,16,89,2,35,0,45.0,-48.02,-68.22,0.600,-20.44,-61.89,0.600,-34.23068332672119,-65.05616569519043,77.06437123571905,-88.32666242858143,False
53.750,PARALLEL_ALIGN,-18.0,15,3,4,35,1,-45.0,-48.02,-68.22,0.600,-16.32,-61.47,0.600,-32.17393398284912,-64.8476448059082,77.97370849947917,-88.21975949936945,False
53.844,PARALLEL_ALIGN,-13.0,14,10,1,35,1,-45.0,-48.02,-68.22,0.600,-14.72,-61.56,0.600,-31.37021541595459,-64.89279174804688,78.6876452434468,-88.1741794494695,False
53.969,PARALLEL_ALIGN,-12.0,13,4,1,35,1,-45.0,-48.02,-68.22,0.600,-14.18,-61.11,0.600,-31.102706909179688,-64.66621017456055,78.12530156406291,-88.1584866781361,False
54.078,PARALLEL_ALIGN,-20.0,12,5,7,35,1,-45.0,-48.02,-68.22,0.600,-11.66,-58.98,0.600,-29.842169761657715,-63.601932525634766,75.73591002931444,-88.08075791103552,False
54.187,PARALLEL_ALIGN,-21.0,11,5,1,35,1,-45.0,-48.02,-68.22,0.600,-7.81,-54.91,0.600,-27.919065952301025,-61.56521415710449,71.67427592084279,-87.94866717379774,False
54.297,PARALLEL_ALIGN,-21.0,11,6,3,35,1,-45.0,-48.02,-68.22,0.600,-5.06,-52.19,0.600,-26.541348934173584,-60.20489692687988,69.52954558527696,-87.84228408630177,False
54.422,PARALLEL_ALIGN,-20.0,11,6,3,35,1,-45.0,-48.02,-68.22,0.600,-3.99,-50.08,0.600,-26.005372285842896,-59.153404235839844,67.61004308673542,-87.79785641107121,False
54.531,PARALLEL_ALIGN,-19.0,11,6,75,35,1,-45.0,-48.02,-68.22,0.600,-3.90,-49.08,0.600,-25.962050199508667,-58.650285720825195,66.54102683490618,-87.79418538763693,False
54.641,PARALLEL_ALIGN,-19.0,12,7,76,35,0,45.0,-48.02,-68.22,0.600,-4.55,-48.73,0.600,-26.2854585647583,-58.474966049194336,65.84460732033222,-87.82129874962185,False
54.750,PARALLEL_ALIGN,-18.0,12,7,2,35,0,45.0,-48.02,-68.22,0.600,-5.36,-48.41,0.600,-26.69414234161377,-58.31657409667969,65.08507034487145,-87.85462296605422,False
54.828,PARALLEL_ALIGN,-18.0,12,7,2,35,0,45.0,-48.02,-68.22,0.600,-21.47,-48.78,0.612,-34.74594783782959,-58.504608154296875,53.79525800598873,-88.35146336698114,False
54.953,PARALLEL_ALIGN,-22.0,11,7,66,35,0,45.0,-48.02,-68.22,0.600,-29.59,-46.63,0.600,-38.8087215423584,-57.426286697387695,40.47788806849942,-88.52396312990868,False
55.062,PARALLEL_ALIGN,-22.0,11,6,76,35,0,45.0,-48.02,-68.22,0.600,-34.15,-45.72,0.600,-41.08449745178223,-56.97323799133301,31.66527961075188,-88.60569138423338,False
55.172,PARALLEL_ALIGN,-20.0,11,6,78,35,0,45.0,-48.02,-68.22,0.600,-36.74,-46.30,0.600,-42.38349533081055,-57.26166915893555,27.22625795164498,-88.64840899057016,False
55.281,PARALLEL_ALIGN,-19.0,12,6,64,35,0,45.0,-48.02,-68.22,0.600,-38.00,-48.03,0.600,-43.00980567932129,-58.12516975402832,26.40371611559122,-88.66808376560115,False
55.422,PARALLEL_ALIGN,-18.0,11,5,12,35,1,-45.0,-48.02,-68.22,0.600,-38.65,-50.36,0.600,-43.334917068481445,-59.29170036315918,27.696171319759543,-88.67807263676842,False
55.547,PARALLEL_ALIGN,-17.0,12,5,15,35,1,-45.0,-48.02,-68.22,0.600,-39.54,-53.78,0.600,-43.78158187866211,-61.00181007385254,30.428831516798407,-88.6915543814952,False
55.656,PARALLEL_ALIGN,-14.0,12,5,19,35,1,-45.0,-48.02,-68.22,0.600,-41.58,-54.52,0.600,-44.800344467163086,-61.37184143066406,25.193194656074287,-88.72129852162043,False
55.766,PARALLEL_ALIGN,-11.0,12,5,20,35,1,-45.0,-48.02,-68.22,0.600,-46.06,-55.14,0.600,-47.039838790893555,-61.68147087097168,8.552977873305903,-88.78215673875424,False
55.891,PARALLEL_ALIGN,-10.0,12,5,20,35,1,-45.0,-48.02,-68.22,0.600,-48.67,-54.96,0.600,-48.344865798950195,-61.59090614318848,-2.770629621114121,-88.81502183976282,False
55.984,PARALLEL_ALIGN,-10.0,12,6,21,35,1,-45.0,-48.02,-68.22,0.600,-49.94,-54.61,0.600,-48.97995376586914,-61.41720390319824,-7.995346509158752,-88.83038230635864,False
56.109,PARALLEL_ALIGN,-9.0,12,6,21,35,1,-45.0,-48.02,-68.22,0.600,-50.54,-53.92,0.600,-49.28377723693848,-61.07057762145996,-9.988675423452097,-88.83759075351311,False
56.219,PARALLEL_ALIGN,-8.0,12,6,22,35,1,-45.0,-48.02,-68.22,0.600,-51.10,-52.68,0.600,-49.563358306884766,-60.45095252990723,-11.20251305927841,-88.84414598334465,False
56.328,PARALLEL_ALIGN,-8.0,12,7,22,35,0,45.0,-48.02,-68.22,0.600,-51.42,-51.56,0.600,-49.72199058532715,-59.894426345825195,-11.522581709615087,-88.84783260669076,False
56.453,PARALLEL_ALIGN,-7.0,12,7,22,35,0,45.0,-48.02,-68.22,0.600,-51.64,-50.59,0.600,-49.83409881591797,-59.406044006347656,-11.600819450071933,-88.85042385945825,False
56.562,PARALLEL_ALIGN,-8.0,12,7,22,35,0,45.0,-48.02,-68.22,0.600,-51.55,-50.12,0.600,-49.7872371673584,-59.17058563232422,-11.02154558035633,-88.8493421252755,False
56.687,PARALLEL_ALIGN,-12.0,12,7,22,35,0,45.0,-48.02,-68.22,0.600,-48.85,-47.73,0.600,-48.43558311462402,-57.978816986083984,-2.3013092734125666,-88.81724061087576,False
56.797,PARALLEL_ALIGN,-11.0,12,6,21,35,0,45.0,-48.02,-68.22,0.600,-47.26,-47.15,0.600,-47.64378547668457,-57.68618965148926,2.0655250640663225,-88.79758991802089,False
56.906,PARALLEL_ALIGN,-9.0,12,6,21,35,0,45.0,-48.02,-68.22,0.600,-47.81,-49.17,0.600,-47.91513252258301,-58.699214935302734,0.6539348364029667,-88.80439727576032,False
57.031,PARALLEL_ALIGN,-8.0,12,6,21,35,0,45.0,-48.02,-68.22,0.600,-48.85,-51.26,0.600,-48.43629264831543,-59.73991394042969,-2.7830889312838534,-88.817257931963,False
57.156,PARALLEL_ALIGN,-7.0,12,5,21,35,1,-45.0,-48.02,-68.22,0.600,-50.04,-53.75,0.600,-49.030845642089844,-60.989423751831055,-7.923937019847479,-88.83159598172382,False
57.281,PARALLEL_ALIGN,-6.0,12,8,20,35,1,-45.0,-48.02,-68.22,0.600,-50.04,-53.75,0.600,-49.030845642089844,-60.989423751831055,-7.923937019847479,-88.83159598172382,False
57.391,PARALLEL_ALIGN,-4.0,13,9,21,35,1,-45.0,-48.02,-68.22,0.600,-50.04,-53.75,0.600,-49.030845642089844,-60.989423751831055,-7.923937019847479,-88.83159598172382,False
57.500,PARALLEL_ALIGN,0.0,13,75,22,35,1,45.0,-48.02,-68.22,0.600,-50.04,-53.75,0.600,-49.030845642089844,-60.989423751831055,-7.923937019847479,-88.83159598172382,False
57.531,PARALLEL_ALIGN,0.0,13,105,23,35,1,45.0,-48.02,-68.22,0.600,-50.04,-53.75,0.600,-49.030845642089844,-60.989423751831055,-7.923937019847479,-88.83159598172382,False
57.641,COMPLETE,0.0,14,106,23,0,0,0.0,-48.02,-68.22,0.600,-51.12,-54.92,0.600,-49.57112121582031,-61.571462631225586,-13.092805620827155,-88.84432694265313,False
