file,date,time,start_state,final_state,max_corner,t_start_s,time_to_12th_corner_s,duration_s,pillar_passes,fault_reason,states
round2_run_20260915_105451_998784.csv,20260915,105451,PARKING_EXIT_DIRECTION,ACQUIRE_PILLAR,2.0,0.359,,105.578,9,,PARKING_EXIT_DIRECTION > PARKING_EXIT_ARC_1 > PARKING_EXIT_ARC_2 > PARKING_EXIT_ARC_3 > PARKING_EXIT_SCAN > PARKING_EXIT_TIMED_CURVE > PARKING_EXIT_RED_REVERSE > PARKING_EXIT_RED_FORWARD > PARKING_EXIT_SHARP_RETURN > FOLLOW_STRAIGHT > ACQUIRE_PILLAR > PASS_GREEN_LEFT > CONFIRM_PASSED > FOLLOW_STRAIGHT > APPROACH_CORNER > TURN_90 > POST_TURN_BACKUP > RECENTER > FOLLOW_STRAIGHT > ACQUIRE_PILLAR > PASS_GREEN_LEFT > CONFIRM_PASSED > FOLLOW_STRAIGHT > ACQUIRE_PILLAR > PASS_GREEN_LEFT > CONFIRM_PASSED > FOLLOW_STRAIGHT > APPROACH_CORNER > TURN_90 > POST_TURN_BACKUP > RECENTER > FOLLOW_STRAIGHT > ACQUIRE_PILLAR > PASS_RED_RIGHT > CONFIRM_PASSED > FOLLOW_STRAIGHT > HARD_STOP_RELEASE > REASSESS_FRONT > EMERGENCY_ESCAPE > FOLLOW_STRAIGHT > ACQUIRE_PILLAR > PASS_RED_RIGHT > CONFIRM_PASSED > FOLLOW_STRAIGHT > ACQUIRE_PILLAR > PASS_RED_RIGHT > CONFIRM_PASSED > FOLLOW_STRAIGHT > HARD_STOP_RELEASE > FOLLOW_STRAIGHT > REASSESS_FRONT > FOLLOW_STRAIGHT > HARD_STOP_RELEASE > REASSESS_FRONT > EMERGENCY_ESCAPE > DEEP_REVERSE_RECOVERY > REASSESS_FRONT > HARD_STOP_RELEASE > REASSESS_FRONT > HARD_STOP_RELEASE > REASSESS_FRONT > HARD_STOP_RELEASE > REASSESS_FRONT > ACQUIRE_PILLAR > PASS_RED_RIGHT > CONFIRM_PASSED > PASS_RED_RIGHT > CONFIRM_PASSED > FOLLOW_STRAIGHT > HARD_STOP_RELEASE > REASSESS_FRONT > EMERGENCY_ESCAPE > DEEP_REVERSE_RECOVERY > REASSESS_FRONT > HARD_STOP_RELEASE > REASSESS_FRONT > HARD_STOP_RELEASE > REASSESS_FRONT > HARD_STOP_RELEASE > REASSESS_FRONT > FOLLOW_STRAIGHT > ACQUIRE_PILLAR > PASS_RED_RIGHT > CONFIRM_PASSED > FOLLOW_STRAIGHT > HARD_STOP_RELEASE > REASSESS_FRONT > ACQUIRE_PILLAR > EMERGENCY_ESCAPE > DEEP_REVERSE_RECOVERY > REASSESS_FRONT > HARD_STOP_RELEASE > REASSESS_FRONT > HARD_STOP_RELEASE > REASSESS_FRONT > HARD_STOP_RELEASE > REASSESS_FRONT > FOLLOW_STRAIGHT > ACQUIRE_PILLAR > FOLLOW_STRAIGHT > ACQUIRE_PILLAR > EMERGENCY_ESCAPE > DEEP_REVERSE_RECOVERY > REASSESS_FRONT > HARD_STOP_RELEASE > REASSESS_FRONT > HARD_STOP_RELEASE > REASSESS_FRONT > ACQUIRE_PILLAR > EMERGENCY_ESCAPE > ACQUIRE_PILLAR > FOLLOW_STRAIGHT > ACQUIRE_PILLAR > FOLLOW_STRAIGHT > ACQUIRE_PILLAR > EMERGENCY_ESCAPE > ACQUIRE_PILLAR
round2_run_20260915_110530_527365.csv,20260915,110530,PARKING_EXIT_DIRECTION,EMERGENCY_ESCAPE,0.0,0.328,,12.094,1,,PARKING_EXIT_DIRECTION > PARKING_EXIT_ARC_1 > PARKING_EXIT_ARC_2 > PARKING_EXIT_ARC_3 > PARKING_EXIT_SCAN > PARKING_EXIT_TIMED_CURVE > PARKING_EXIT_RED_REVERSE > PARKING_EXIT_RED_FORWARD > PARKING_EXIT_SHARP_RETURN > EMERGENCY_ESCAPE > DEEP_REVERSE_RECOVERY > REASSESS_FRONT > ACQUIRE_PILLAR > PASS_RED_RIGHT > EMERGENCY_ESCAPE > PASS_RED_RIGHT > CONFIRM_PASSED > FOLLOW_STRAIGHT > ACQUIRE_PILLAR > EMERGENCY_ESCAPE > DEEP_REVERSE_RECOVERY > REASSESS_FRONT > ACQUIRE_PILLAR > PASS_RED_RIGHT > EMERGENCY_ESCAPE
round2_run_20260915_110622_942753.csv,20260915,110622,PARKING_EXIT_DIRECTION,ACQUIRE_PILLAR,3.0,0.297,,129.438,6,,PARKING_EXIT_DIRECTION > PARKING_EXIT_ARC_1 > PARKING_EXIT_ARC_2 > PARKING_EXIT_ARC_3 > PARKING_EXIT_SCAN > PARKING_EXIT_TIMED_CURVE > PARKING_EXIT_RED_REVERSE > PARKING_EXIT_RED_FORWARD > PARKING_EXIT_SHARP_RETURN > FOLLOW_STRAIGHT > ACQUIRE_PILLAR > PASS_GREEN_LEFT > CONFIRM_PASSED > FOLLOW_STRAIGHT > APPROACH_CORNER > TURN_90 > POST_TURN_BACKUP > RECENTER > FOLLOW_STRAIGHT > ACQUIRE_PILLAR > PASS_GREEN_LEFT > CONFIRM_PASSED > FOLLOW_STRAIGHT > ACQUIRE_PILLAR > PASS_GREEN_LEFT > CONFIRM_PASSED > FOLLOW_STRAIGHT > APPROACH_CORNER > TURN_90 > HARD_STOP_RELEASE > REASSESS_FRONT > FOLLOW_STRAIGHT > HARD_STOP_RELEASE > REASSESS_FRONT > EMERGENCY_ESCAPE > DEEP_REVERSE_RECOVERY > REASSESS_FRONT > HARD_STOP_RELEASE > FOLLOW_STRAIGHT > REASSESS_FRONT > FOLLOW_STRAIGHT > APPROACH_CORNER > HARD_STOP_RELEASE > REASSESS_FRONT > APPROACH_CORNER > TURN_90 > POST_TURN_BACKUP > RECENTER > FOLLOW_STRAIGHT > ACQUIRE_PILLAR > PASS_RED_RIGHT > CONFIRM_PASSED > FOLLOW_STRAIGHT > ACQUIRE_PILLAR > PASS_RED_RIGHT > CONFIRM_PASSED > FOLLOW_STRAIGHT > APPROACH_CORNER > HARD_STOP_RELEASE > REASSESS_FRONT > APPROACH_CORNER > HARD_STOP_RELEASE > REASSESS_FRONT > APPROACH_CORNER > TURN_90 > POST_TURN_BACKUP > RECENTER > FOLLOW_STRAIGHT > ACQUIRE_PILLAR > FOLLOW_STRAIGHT > ACQUIRE_PILLAR > PASS_GREEN_LEFT > CONFIRM_PASSED > FOLLOW_STRAIGHT > HARD_STOP_RELEASE > REASSESS_FRONT > EMERGENCY_ESCAPE > DEEP_REVERSE_RECOVERY > REASSESS_FRONT > FOLLOW_STRAIGHT > HARD_STOP_RELEASE > REASSESS_FRONT > EMERGENCY_ESCAPE > DEEP_REVERSE_RECOVERY > REASSESS_FRONT > HARD_STOP_RELEASE > FOLLOW_STRAIGHT > REASSESS_FRONT > FOLLOW_STRAIGHT > HARD_STOP_RELEASE > REASSESS_FRONT > EMERGENCY_ESCAPE > DEEP_REVERSE_RECOVERY > REASSESS_FRONT > FOLLOW_STRAIGHT > HARD_STOP_RELEASE > REASSESS_FRONT > EMERGENCY_ESCAPE > DEEP_REVERSE_RECOVERY > REASSESS_FRONT > HARD_STOP_RELEASE > FOLLOW_STRAIGHT > REASSESS_FRONT > FOLLOW_STRAIGHT > ACQUIRE_PILLAR > EMERGENCY_ESCAPE > DEEP_REVERSE_RECOVERY > REASSESS_FRONT > HARD_STOP_RELEASE > FOLLOW_STRAIGHT > REASSESS_FRONT > FOLLOW_STRAIGHT > ACQUIRE_PILLAR > EMERGENCY_ESCAPE > DEEP_REVERSE_RECOVERY > REASSESS_FRONT > HARD_STOP_RELEASE > REASSESS_FRONT > HARD_STOP_RELEASE > REASSESS_FRONT > HARD_STOP_RELEASE > REASSESS_FRONT > FOLLOW_STRAIGHT > DEEP_REVERSE_RECOVERY > REASSESS_FRONT > EMERGENCY_ESCAPE > DEEP_REVERSE_RECOVERY > REASSESS_FRONT > HARD_STOP_RELEASE > REASSESS_FRONT > FOLLOW_STRAIGHT > HARD_STOP_RELEASE > REASSESS_FRONT > EMERGENCY_ESCAPE > DEEP_REVERSE_RECOVERY > REASSESS_FRONT > FOLLOW_STRAIGHT > HARD_STOP_RELEASE > REASSESS_FRONT > EMERGENCY_ESCAPE > DEEP_REVERSE_RECOVERY > REASSESS_FRONT > HARD_STOP_RELEASE > FOLLOW_STRAIGHT > REASSESS_FRONT > FOLLOW_STRAIGHT > ACQUIRE_PILLAR > EMERGENCY_ESCAPE > DEEP_REVERSE_RECOVERY > REASSESS_FRONT > HARD_STOP_RELEASE > REASSESS_FRONT > FOLLOW_STRAIGHT > ACQUIRE_PILLAR > EMERGENCY_ESCAPE > DEEP_REVERSE_RECOVERY > REASSESS_FRONT > ACQUIRE_PILLAR > EMERGENCY_ESCAPE > DEEP_REVERSE_RECOVERY > REASSESS_FRONT > ACQUIRE_PILLAR > EMERGENCY_ESCAPE > DEEP_REVERSE_RECOVERY > REASSESS_FRONT > ACQUIRE_PILLAR > EMERGENCY_ESCAPE > DEEP_REVERSE_RECOVERY > REASSESS_FRONT > ACQUIRE_PILLAR > EMERGENCY_ESCAPE > DEEP_REVERSE_RECOVERY > REASSESS_FRONT > ACQUIRE_PILLAR
round2_run_20260915_110919_426104.csv,20260915,110919,PARKING_EXIT_DIRECTION,REASSESS_FRONT,0.0,99.125,,125.5,1,,PARKING_EXIT_DIRECTION > PARKING_EXIT_ARC_1 > PARKING_EXIT_ARC_2 > PARKING_EXIT_ARC_3 > PARKING_EXIT_SCAN > PARKING_EXIT_TIMED_CURVE > PARKING_EXIT_SHARP_RETURN > FOLLOW_STRAIGHT > ACQUIRE_PILLAR > PASS_GREEN_LEFT > EMERGENCY_ESCAPE > PASS_GREEN_LEFT > CONFIRM_PASSED > FOLLOW_STRAIGHT > APPROACH_CORNER > HARD_STOP_RELEASE > REASSESS_FRONT > APPROACH_CORNER > TURN_90 > HARD_STOP_RELEASE > REASSESS_FRONT > HARD_STOP_RELEASE > REASSESS_FRONT
round2_run_20260915_111157_404713.csv,20260915,111157,PARKING_EXIT_DIRECTION,HARD_STOP_RELEASE,2.0,0.281,,89.797,11,,PARKING_EXIT_DIRECTION > PARKING_EXIT_ARC_1 > PARKING_EXIT_ARC_2 > PARKING_EXIT_ARC_3 > PARKING_EXIT_SCAN > PARKING_EXIT_ANTI_RETURN_1 > PARKING_EXIT_ANTI_RETURN_2 > PARKING_EXIT_COMPLETE > FOLLOW_STRAIGHT > APPROACH_CORNER > TURN_90 > POST_TURN_BACKUP > RECENTER > FOLLOW_STRAIGHT > ACQUIRE_PILLAR > FOLLOW_STRAIGHT > ACQUIRE_PILLAR > PASS_GREEN_LEFT > CONFIRM_PASSED > FOLLOW_STRAIGHT > ACQUIRE_PILLAR > PASS_RED_RIGHT > CONFIRM_PASSED > FOLLOW_STRAIGHT > HARD_STOP_RELEASE > REASSESS_FRONT > EMERGENCY_ESCAPE > FOLLOW_STRAIGHT > ACQUIRE_PILLAR > PASS_RED_RIGHT > CONFIRM_PASSED > FOLLOW_STRAIGHT > APPROACH_CORNER > TURN_90 > HARD_STOP_RELEASE > REASSESS_FRONT > FOLLOW_STRAIGHT > HARD_STOP_RELEASE > REASSESS_FRONT > ACQUIRE_PILLAR > EMERGENCY_ESCAPE > DEEP_REVERSE_RECOVERY > REASSESS_FRONT > HARD_STOP_RELEASE > FOLLOW_STRAIGHT > REASSESS_FRONT > FOLLOW_STRAIGHT > APPROACH_CORNER > TURN_90 > POST_TURN_BACKUP > RECENTER > FOLLOW_STRAIGHT > ACQUIRE_PILLAR > PASS_RED_RIGHT > CONFIRM_PASSED > FOLLOW_STRAIGHT > ACQUIRE_PILLAR > PASS_GREEN_LEFT > CONFIRM_PASSED > FOLLOW_STRAIGHT > ACQUIRE_PILLAR > PASS_GREEN_LEFT > CONFIRM_PASSED > FOLLOW_STRAIGHT > HARD_STOP_RELEASE > REASSESS_FRONT > ACQUIRE_PILLAR > EMERGENCY_ESCAPE > DEEP_REVERSE_RECOVERY > REASSESS_FRONT > HARD_STOP_RELEASE > REASSESS_FRONT > HARD_STOP_RELEASE > REASSESS_FRONT > FOLLOW_STRAIGHT > ACQUIRE_PILLAR > EMERGENCY_ESCAPE > DEEP_REVERSE_RECOVERY > REASSESS_FRONT > HARD_STOP_RELEASE > REASSESS_FRONT > HARD_STOP_RELEASE > FOLLOW_STRAIGHT > REASSESS_FRONT > FOLLOW_STRAIGHT > ACQUIRE_PILLAR > EMERGENCY_ESCAPE > DEEP_REVERSE_RECOVERY > REASSESS_FRONT > ACQUIRE_PILLAR > PASS_RED_RIGHT > CONFIRM_PASSED > EMERGENCY_ESCAPE > DEEP_REVERSE_RECOVERY > HARD_STOP_RELEASE > PASS_RED_RIGHT > CONFIRM_PASSED > FOLLOW_STRAIGHT > ACQUIRE_PILLAR > EMERGENCY_ESCAPE > DEEP_REVERSE_RECOVERY > REASSESS_FRONT > ACQUIRE_PILLAR > PASS_RED_RIGHT > CONFIRM_PASSED > FOLLOW_STRAIGHT > HARD_STOP_RELEASE > REASSESS_FRONT > EMERGENCY_ESCAPE > FOLLOW_STRAIGHT > HARD_STOP_RELEASE > REASSESS_FRONT > ACQUIRE_PILLAR > EMERGENCY_ESCAPE > ACQUIRE_PILLAR > FOLLOW_STRAIGHT > ACQUIRE_PILLAR > EMERGENCY_ESCAPE > DEEP_REVERSE_RECOVERY > REASSESS_FRONT > ACQUIRE_PILLAR > PASS_RED_RIGHT > CONFIRM_PASSED > PASS_RED_RIGHT > CONFIRM_PASSED > PASS_RED_RIGHT > EMERGENCY_ESCAPE > DEEP_REVERSE_RECOVERY > HARD_STOP_RELEASE > DEEP_REVERSE_RECOVERY > HARD_STOP_RELEASE > DEEP_REVERSE_RECOVERY > HARD_STOP_RELEASE > DEEP_REVERSE_RECOVERY > HARD_STOP_RELEASE
round2_run_20260915_112044_311372.csv,20260915,112044,PARKING_EXIT_DIRECTION,PARKING_EXIT_ARC_1,0.0,0.281,,74.703,0,,PARKING_EXIT_DIRECTION > PARKING_EXIT_ARC_1
round2_run_20260915_112643_541860.csv,20260915,112643,PARKING_EXIT_DIRECTION,REASSESS_FRONT,0.0,4.922,,29.828,0,,PARKING_EXIT_DIRECTION > PARKING_EXIT_ARC_1 > PARKING_EXIT_ARC_2 > PARKING_EXIT_ARC_3 > PARKING_EXIT_SCAN > PARKING_EXIT_TIMED_CURVE > PARKING_EXIT_RED_REVERSE > PARKING_EXIT_RED_FORWARD > PARKING_EXIT_SHARP_RETURN > EMERGENCY_ESCAPE > PARKING_EXIT_SHARP_RETURN > FOLLOW_STRAIGHT > HARD_STOP_RELEASE > REASSESS_FRONT > ACQUIRE_PILLAR > EMERGENCY_ESCAPE > DEEP_REVERSE_RECOVERY > REASSESS_FRONT > FOLLOW_STRAIGHT > HARD_STOP_RELEASE > REASSESS_FRONT > HARD_STOP_RELEASE > REASSESS_FRONT > HARD_STOP_RELEASE > FOLLOW_STRAIGHT > REASSESS_FRONT > FOLLOW_STRAIGHT > DEEP_REVERSE_RECOVERY > REASSESS_FRONT > HARD_STOP_RELEASE > REASSESS_FRONT > HARD_STOP_RELEASE > FOLLOW_STRAIGHT > REASSESS_FRONT > FOLLOW_STRAIGHT > HARD_STOP_RELEASE > REASSESS_FRONT
round2_run_20260915_112756_430851.csv,20260915,112756,PARKING_EXIT_DIRECTION,APPROACH_CORNER,10.0,0.296,,215.265,19,,PARKING_EXIT_DIRECTION > PARKING_EXIT_ARC_1 > PARKING_EXIT_ARC_2 > PARKING_EXIT_ARC_3 > PARKING_EXIT_SCAN > PARKING_EXIT_TIMED_CURVE > PARKING_EXIT_RED_REVERSE > PARKING_EXIT_RED_FORWARD > PARKING_EXIT_SHARP_RETURN > FOLLOW_STRAIGHT > APPROACH_CORNER > TURN_90 > POST_TURN_BACKUP > RECENTER > FOLLOW_STRAIGHT > ACQUIRE_PILLAR > PASS_GREEN_LEFT > CONFIRM_PASSED > FOLLOW_STRAIGHT > ACQUIRE_PILLAR > PASS_GREEN_LEFT > CONFIRM_PASSED > FOLLOW_STRAIGHT > APPROACH_CORNER > TURN_90 > POST_TURN_BACKUP > RECENTER > FOLLOW_STRAIGHT > HARD_STOP_RELEASE > REASSESS_FRONT > ACQUIRE_PILLAR > EMERGENCY_ESCAPE > ACQUIRE_PILLAR > PASS_RED_RIGHT > CONFIRM_PASSED > PASS_RED_RIGHT > CONFIRM_PASSED > FOLLOW_STRAIGHT > HARD_STOP_RELEASE > FOLLOW_STRAIGHT > REASSESS_FRONT > FOLLOW_STRAIGHT > ACQUIRE_PILLAR > FOLLOW_STRAIGHT > APPROACH_CORNER > TURN_90 > POST_TURN_BACKUP > RECENTER > FOLLOW_STRAIGHT > ACQUIRE_PILLAR > FOLLOW_STRAIGHT > ACQUIRE_PILLAR > PASS_RED_RIGHT > CONFIRM_PASSED > FOLLOW_STRAIGHT > APPROACH_CORNER > TURN_90 > POST_TURN_BACKUP > RECENTER > FOLLOW_STRAIGHT > ACQUIRE_PILLAR > FOLLOW_STRAIGHT > ACQUIRE_PILLAR > PASS_RED_RIGHT > CONFIRM_PASSED > FOLLOW_STRAIGHT > APPROACH_CORNER > TURN_90 > POST_TURN_BACKUP > RECENTER > FOLLOW_STRAIGHT > ACQUIRE_PILLAR > FOLLOW_STRAIGHT > ACQUIRE_PILLAR > PASS_GREEN_LEFT > CONFIRM_PASSED > FOLLOW_STRAIGHT > ACQUIRE_PILLAR > PASS_GREEN_LEFT > CONFIRM_PASSED > FOLLOW_STRAIGHT > APPROACH_CORNER > TURN_90 > POST_TURN_BACKUP > RECENTER > FOLLOW_STRAIGHT > ACQUIRE_PILLAR > PASS_RED_RIGHT > CONFIRM_PASSED > FOLLOW_STRAIGHT > HARD_STOP_RELEASE > FOLLOW_STRAIGHT > REASSESS_FRONT > ACQUIRE_PILLAR > PASS_RED_RIGHT > CONFIRM_PASSED > EMERGENCY_ESCAPE > DEEP_REVERSE_RECOVERY > HARD_STOP_RELEASE > DEEP_REVERSE_RECOVERY > HARD_STOP_RELEASE > DEEP_REVERSE_RECOVERY > PASS_RED_RIGHT > CONFIRM_PASSED > FOLLOW_STRAIGHT > ACQUIRE_PILLAR > PASS_RED_RIGHT > EMERGENCY_ESCAPE > DEEP_REVERSE_RECOVERY > HARD_STOP_RELEASE > DEEP_REVERSE_RECOVERY > HARD_STOP_RELEASE > DEEP_REVERSE_RECOVERY > HARD_STOP_RELEASE > DEEP_REVERSE_RECOVERY > HARD_STOP_RELEASE > PASS_RED_RIGHT > CONFIRM_PASSED > FOLLOW_STRAIGHT > HARD_STOP_RELEASE > FOLLOW_STRAIGHT > REASSESS_FRONT > ACQUIRE_PILLAR > PASS_RED_RIGHT > EMERGENCY_ESCAPE > PASS_RED_RIGHT > CONFIRM_PASSED > FOLLOW_STRAIGHT > ACQUIRE_PILLAR > FOLLOW_STRAIGHT > APPROACH_CORNER > TURN_90 > POST_TURN_BACKUP > RECENTER > FOLLOW_STRAIGHT > ACQUIRE_PILLAR > FOLLOW_STRAIGHT > ACQUIRE_PILLAR > PASS_RED_RIGHT > CONFIRM_PASSED > FOLLOW_STRAIGHT > ACQUIRE_PILLAR > PASS_GREEN_LEFT > CONFIRM_PASSED > FOLLOW_STRAIGHT > APPROACH_CORNER > TURN_90 > HARD_STOP_RELEASE > REASSESS_FRONT > FOLLOW_STRAIGHT > HARD_STOP_RELEASE > REASSESS_FRONT > EMERGENCY_ESCAPE > DEEP_REVERSE_RECOVERY > REASSESS_FRONT > HARD_STOP_RELEASE > FOLLOW_STRAIGHT > REASSESS_FRONT > FOLLOW_STRAIGHT > APPROACH_CORNER > TURN_90 > POST_TURN_BACKUP > RECENTER > FOLLOW_STRAIGHT > APPROACH_CORNER > FOLLOW_STRAIGHT > APPROACH_CORNER > TURN_90 > HARD_STOP_RELEASE > REASSESS_FRONT > FOLLOW_STRAIGHT > ACQUIRE_PILLAR > PASS_RED_RIGHT > CONFIRM_PASSED > FOLLOW_STRAIGHT > APPROACH_CORNER > TURN_90 > POST_TURN_BACKUP > RECENTER > FOLLOW_STRAIGHT > ACQUIRE_PILLAR > PASS_GREEN_LEFT > CONFIRM_PASSED > FOLLOW_STRAIGHT > ACQUIRE_PILLAR > PASS_GREEN_LEFT > CONFIRM_PASSED > FOLLOW_STRAIGHT > APPROACH_CORNER > TURN_90 > POST_TURN_BACKUP > RECENTER > FOLLOW_STRAIGHT > ACQUIRE_PILLAR > FOLLOW_STRAIGHT > ACQUIRE_PILLAR > PASS_RED_RIGHT > CONFIRM_PASSED > FOLLOW_STRAIGHT > APPROACH_CORNER
round2_run_20260915_114306_958111.csv,20260915,114306,PARKING_EXIT_DIRECTION,EMERGENCY_ESCAPE,7.0,0.265,,251.656,20,,PARKING_EXIT_DIRECTION > PARKING_EXIT_ARC_1 > PARKING_EXIT_ARC_2 > PARKING_EXIT_ARC_3 > PARKING_EXIT_SCAN > PARKING_EXIT_TIMED_CURVE > PARKING_EXIT_RED_REVERSE > PARKING_EXIT_RED_FORWARD > PARKING_EXIT_SHARP_RETURN > FOLLOW_STRAIGHT > ACQUIRE_PILLAR > PASS_GREEN_LEFT > CONFIRM_PASSED > FOLLOW_STRAIGHT > APPROACH_CORNER > TURN_90 > POST_TURN_BACKUP > RECENTER > FOLLOW_STRAIGHT > ACQUIRE_PILLAR > PASS_GREEN_LEFT > CONFIRM_PASSED > FOLLOW_STRAIGHT > ACQUIRE_PILLAR > PASS_GREEN_LEFT > CONFIRM_PASSED > FOLLOW_STRAIGHT > APPROACH_CORNER > TURN_90 > POST_TURN_BACKUP > RECENTER > FOLLOW_STRAIGHT > ACQUIRE_PILLAR > PASS_RED_RIGHT > CONFIRM_PASSED > FOLLOW_STRAIGHT > APPROACH_CORNER > TURN_90 > POST_TURN_BACKUP > RECENTER > FOLLOW_STRAIGHT > APPROACH_CORNER > TURN_90 > HARD_STOP_RELEASE > REASSESS_FRONT > FOLLOW_STRAIGHT > ACQUIRE_PILLAR > PASS_GREEN_LEFT > CONFIRM_PASSED > FOLLOW_STRAIGHT > APPROACH_CORNER > TURN_90 > POST_TURN_BACKUP > RECENTER > FOLLOW_STRAIGHT > ACQUIRE_PILLAR > PASS_RED_RIGHT > EMERGENCY_ESCAPE > DEEP_REVERSE_RECOVERY > HARD_STOP_RELEASE > DEEP_REVERSE_RECOVERY > HARD_STOP_RELEASE > DEEP_REVERSE_RECOVERY > HARD_STOP_RELEASE > DEEP_REVERSE_RECOVERY > PASS_RED_RIGHT > CONFIRM_PASSED > FOLLOW_STRAIGHT > HARD_STOP_RELEASE > FOLLOW_STRAIGHT > REASSESS_FRONT > ACQUIRE_PILLAR > PASS_RED_RIGHT > EMERGENCY_ESCAPE > DEEP_REVERSE_RECOVERY > HARD_STOP_RELEASE > DEEP_REVERSE_RECOVERY > HARD_STOP_RELEASE > DEEP_REVERSE_RECOVERY > PASS_RED_RIGHT > CONFIRM_PASSED > FOLLOW_STRAIGHT > ACQUIRE_PILLAR > FOLLOW_STRAIGHT > APPROACH_CORNER > TURN_90 > HARD_STOP_RELEASE > REASSESS_FRONT > ACQUIRE_PILLAR > PASS_RED_RIGHT > CONFIRM_PASSED > PASS_RED_RIGHT > CONFIRM_PASSED > FOLLOW_STRAIGHT > HARD_STOP_RELEASE > REASSESS_FRONT > ACQUIRE_PILLAR > EMERGENCY_ESCAPE > ACQUIRE_PILLAR > PASS_RED_RIGHT > CONFIRM_PASSED > FOLLOW_STRAIGHT > ACQUIRE_PILLAR > PASS_RED_RIGHT > EMERGENCY_ESCAPE > PASS_RED_RIGHT > CONFIRM_PASSED > FOLLOW_STRAIGHT > ACQUIRE_PILLAR > PASS_RED_RIGHT > CONFIRM_PASSED > PASS_RED_RIGHT > CONFIRM_PASSED > FOLLOW_STRAIGHT > ACQUIRE_PILLAR > PASS_RED_RIGHT > CONFIRM_PASSED > FOLLOW_STRAIGHT > APPROACH_CORNER > TURN_90 > POST_TURN_BACKUP > RECENTER > FOLLOW_STRAIGHT > ACQUIRE_PILLAR > PASS_GREEN_LEFT > CONFIRM_PASSED > FOLLOW_STRAIGHT > ACQUIRE_PILLAR > PASS_GREEN_LEFT > EMERGENCY_ESCAPE > PASS_GREEN_LEFT > CONFIRM_PASSED > FOLLOW_STRAIGHT > ACQUIRE_PILLAR > PASS_GREEN_LEFT > CONFIRM_PASSED > FOLLOW_STRAIGHT > ACQUIRE_PILLAR > PASS_GREEN_LEFT > CONFIRM_PASSED > FOLLOW_STRAIGHT > APPROACH_CORNER > TURN_90 > POST_TURN_BACKUP > RECENTER > FOLLOW_STRAIGHT > APPROACH_CORNER > TURN_90 > POST_TURN_BACKUP > RECENTER > FOLLOW_STRAIGHT > ACQUIRE_PILLAR > PASS_RED_RIGHT > CONFIRM_PASSED > FOLLOW_STRAIGHT > ACQUIRE_PILLAR > PASS_GREEN_LEFT > CONFIRM_PASSED > FOLLOW_STRAIGHT > APPROACH_CORNER > TURN_90 > HARD_STOP_RELEASE > REASSESS_FRONT > FOLLOW_STRAIGHT > HARD_STOP_RELEASE > REASSESS_FRONT > EMERGENCY_ESCAPE > DEEP_REVERSE_RECOVERY > REASSESS_FRONT > HARD_STOP_RELEASE > REASSESS_FRONT > HARD_STOP_RELEASE > REASSESS_FRONT > HARD_STOP_RELEASE > REASSESS_FRONT > FOLLOW_STRAIGHT > DEEP_REVERSE_RECOVERY > REASSESS_FRONT > EMERGENCY_ESCAPE > DEEP_REVERSE_RECOVERY > REASSESS_FRONT > ACQUIRE_PILLAR > EMERGENCY_ESCAPE > DEEP_REVERSE_RECOVERY > REASSESS_FRONT > ACQUIRE_PILLAR > EMERGENCY_ESCAPE > DEEP_REVERSE_RECOVERY > REASSESS_FRONT > ACQUIRE_PILLAR > EMERGENCY_ESCAPE > DEEP_REVERSE_RECOVERY > REASSESS_FRONT > ACQUIRE_PILLAR > EMERGENCY_ESCAPE > DEEP_REVERSE_RECOVERY > REASSESS_FRONT > HARD_STOP_RELEASE > REASSESS_FRONT > HARD_STOP_RELEASE > REASSESS_FRONT > HARD_STOP_RELEASE > REASSESS_FRONT > FOLLOW_STRAIGHT > DEEP_REVERSE_RECOVERY > REASSESS_FRONT > EMERGENCY_ESCAPE > DEEP_REVERSE_RECOVERY > REASSESS_FRONT > EMERGENCY_ESCAPE > DEEP_REVERSE_RECOVERY > REASSESS_FRONT > ACQUIRE_PILLAR > EMERGENCY_ESCAPE > DEEP_REVERSE_RECOVERY > REASSESS_FRONT > ACQUIRE_PILLAR > EMERGENCY_ESCAPE
round2_run_20260915_115257_625924.csv,20260915,115257,PARKING_EXIT_DIRECTION,FOLLOW_STRAIGHT,5.0,0.281,,326.937,7,,PARKING_EXIT_DIRECTION > PARKING_EXIT_ARC_1 > PARKING_EXIT_ARC_2 > PARKING_EXIT_ARC_3 > PARKING_EXIT_SCAN > PARKING_EXIT_TIMED_CURVE > PARKING_EXIT_RED_REVERSE > PARKING_EXIT_RED_FORWARD > PARKING_EXIT_SHARP_RETURN > EMERGENCY_ESCAPE > DEEP_REVERSE_RECOVERY > REASSESS_FRONT > HARD_STOP_RELEASE > REASSESS_FRONT > HARD_STOP_RELEASE > REASSESS_FRONT > HARD_STOP_RELEASE > REASSESS_FRONT > FOLLOW_STRAIGHT > APPROACH_CORNER > TURN_90 > POST_TURN_BACKUP > RECENTER > FOLLOW_STRAIGHT > ACQUIRE_PILLAR > PASS_GREEN_LEFT > EMERGENCY_ESCAPE > PASS_GREEN_LEFT > CONFIRM_PASSED > FOLLOW_STRAIGHT > ACQUIRE_PILLAR > PASS_GREEN_LEFT > CONFIRM_PASSED > FOLLOW_STRAIGHT > HARD_STOP_RELEASE > REASSESS_FRONT > EMERGENCY_ESCAPE > DEEP_REVERSE_RECOVERY > REASSESS_FRONT > FOLLOW_STRAIGHT > HARD_STOP_RELEASE > FOLLOW_STRAIGHT > REASSESS_FRONT > FOLLOW_STRAIGHT > HARD_STOP_RELEASE > REASSESS_FRONT > ACQUIRE_PILLAR > EMERGENCY_ESCAPE > ACQUIRE_PILLAR > PASS_GREEN_LEFT > CONFIRM_PASSED > FOLLOW_STRAIGHT > APPROACH_CORNER > TURN_90 > POST_TURN_BACKUP > RECENTER > FOLLOW_STRAIGHT > ACQUIRE_PILLAR > FOLLOW_STRAIGHT > APPROACH_CORNER > TURN_90 > POST_TURN_BACKUP > RECENTER > FOLLOW_STRAIGHT > ACQUIRE_PILLAR > PASS_RED_RIGHT > CONFIRM_PASSED > FOLLOW_STRAIGHT > HARD_STOP_RELEASE > REASSESS_FRONT > HARD_STOP_RELEASE > FOLLOW_STRAIGHT > REASSESS_FRONT > FOLLOW_STRAIGHT > HARD_STOP_RELEASE > REASSESS_FRONT > EMERGENCY_ESCAPE > FOLLOW_STRAIGHT > ACQUIRE_PILLAR > FOLLOW_STRAIGHT > ACQUIRE_PILLAR > FOLLOW_STRAIGHT > ACQUIRE_PILLAR > FOLLOW_STRAIGHT > ACQUIRE_PILLAR > FOLLOW_STRAIGHT > ACQUIRE_PILLAR > FOLLOW_STRAIGHT > ACQUIRE_PILLAR > FOLLOW_STRAIGHT > ACQUIRE_PILLAR > FOLLOW_STRAIGHT > APPROACH_CORNER > TURN_90 > POST_TURN_BACKUP > RECENTER > FOLLOW_STRAIGHT > ACQUIRE_PILLAR > PASS_RED_RIGHT > CONFIRM_PASSED > FOLLOW_STRAIGHT > APPROACH_CORNER > FOLLOW_STRAIGHT > ACQUIRE_PILLAR > PASS_RED_RIGHT > CONFIRM_PASSED > FOLLOW_STRAIGHT > APPROACH_CORNER > TURN_90 > POST_TURN_BACKUP > RECENTER > FOLLOW_STRAIGHT > ACQUIRE_PILLAR > FOLLOW_STRAIGHT > ACQUIRE_PILLAR > EMERGENCY_ESCAPE > ACQUIRE_PILLAR > PASS_GREEN_LEFT > CONFIRM_PASSED > FOLLOW_STRAIGHT > HARD_STOP_RELEASE > REASSESS_FRONT > HARD_STOP_RELEASE > FOLLOW_STRAIGHT > REASSESS_FRONT > FOLLOW_STRAIGHT > HARD_STOP_RELEASE > REASSESS_FRONT > EMERGENCY_ESCAPE > DEEP_REVERSE_RECOVERY > REASSESS_FRONT > FOLLOW_STRAIGHT > HARD_STOP_RELEASE > REASSESS_FRONT > HARD_STOP_RELEASE > FOLLOW_STRAIGHT > REASSESS_FRONT > FOLLOW_STRAIGHT > HARD_STOP_RELEASE > REASSESS_FRONT > FOLLOW_STRAIGHT
round2_run_20260915_120606_002081.csv,20260915,120606,PARKING_EXIT_DIRECTION,REASSESS_FRONT,1.0,0.281,,46.437,6,,PARKING_EXIT_DIRECTION > PARKING_EXIT_ARC_1 > PARKING_EXIT_ARC_2 > PARKING_EXIT_ARC_3 > PARKING_EXIT_SCAN > PARKING_EXIT_CW_RETURN_1 > PARKING_EXIT_CW_RETURN_2 > PARKING_EXIT_COMPLETE > FOLLOW_STRAIGHT > APPROACH_CORNER > TURN_90 > POST_TURN_BACKUP > RECENTER > FOLLOW_STRAIGHT > ACQUIRE_PILLAR > PASS_RED_RIGHT > CONFIRM_PASSED > FOLLOW_STRAIGHT > HARD_STOP_RELEASE > FOLLOW_STRAIGHT > REASSESS_FRONT > ACQUIRE_PILLAR > PASS_RED_RIGHT > CONFIRM_PASSED > PASS_RED_RIGHT > CONFIRM_PASSED > PASS_RED_RIGHT > CONFIRM_PASSED > EMERGENCY_ESCAPE > PASS_RED_RIGHT > CONFIRM_PASSED > FOLLOW_STRAIGHT > ACQUIRE_PILLAR > EMERGENCY_ESCAPE > DEEP_REVERSE_RECOVERY > REASSESS_FRONT > HARD_STOP_RELEASE > REASSESS_FRONT > HARD_STOP_RELEASE > REASSESS_FRONT > HARD_STOP_RELEASE > REASSESS_FRONT > FOLLOW_STRAIGHT > ACQUIRE_PILLAR > FOLLOW_STRAIGHT > ACQUIRE_PILLAR > PASS_RED_RIGHT > CONFIRM_PASSED > FOLLOW_STRAIGHT > ACQUIRE_PILLAR > FOLLOW_STRAIGHT > HARD_STOP_RELEASE > REASSESS_FRONT > ACQUIRE_PILLAR > EMERGENCY_ESCAPE > DEEP_REVERSE_RECOVERY > REASSESS_FRONT > HARD_STOP_RELEASE > REASSESS_FRONT > HARD_STOP_RELEASE > FOLLOW_STRAIGHT > REASSESS_FRONT > FOLLOW_STRAIGHT > HARD_STOP_RELEASE > REASSESS_FRONT
round2_run_20260915_120809_331041.csv,20260915,120809,PARKING_EXIT_DIRECTION,PASS_RED_RIGHT,6.0,0.297,,86.25,9,,PARKING_EXIT_DIRECTION > PARKING_EXIT_ARC_1 > PARKING_EXIT_ARC_2 > PARKING_EXIT_ARC_3 > PARKING_EXIT_SCAN > PARKING_EXIT_TIMED_CURVE > PARKING_EXIT_RED_REVERSE > PARKING_EXIT_RED_FORWARD > PARKING_EXIT_SHARP_RETURN > FOLLOW_STRAIGHT > ACQUIRE_PILLAR > FOLLOW_STRAIGHT > APPROACH_CORNER > TURN_90 > POST_TURN_BACKUP > RECENTER > FOLLOW_STRAIGHT > ACQUIRE_PILLAR > PASS_RED_RIGHT > CONFIRM_PASSED > FOLLOW_STRAIGHT > HARD_STOP_RELEASE > FOLLOW_STRAIGHT > REASSESS_FRONT > ACQUIRE_PILLAR > PASS_GREEN_LEFT > CONFIRM_PASSED > FOLLOW_STRAIGHT > ACQUIRE_PILLAR > PASS_GREEN_LEFT > CONFIRM_PASSED > FOLLOW_STRAIGHT > APPROACH_CORNER > TURN_90 > POST_TURN_BACKUP > RECENTER > FOLLOW_STRAIGHT > ACQUIRE_PILLAR > PASS_GREEN_LEFT > CONFIRM_PASSED > FOLLOW_STRAIGHT > APPROACH_CORNER > TURN_90 > POST_TURN_BACKUP > RECENTER > FOLLOW_STRAIGHT > ACQUIRE_PILLAR > PASS_RED_RIGHT > CONFIRM_PASSED > FOLLOW_STRAIGHT > ACQUIRE_PILLAR > FOLLOW_STRAIGHT > ACQUIRE_PILLAR > FOLLOW_STRAIGHT > APPROACH_CORNER > TURN_90 > POST_TURN_BACKUP > RECENTER > FOLLOW_STRAIGHT > ACQUIRE_PILLAR > FOLLOW_STRAIGHT > ACQUIRE_PILLAR > FOLLOW_STRAIGHT > ACQUIRE_PILLAR > FOLLOW_STRAIGHT > APPROACH_CORNER > TURN_90 > POST_TURN_BACKUP > RECENTER > FOLLOW_STRAIGHT > APPROACH_CORNER > TURN_90 > POST_TURN_BACKUP > RECENTER > FOLLOW_STRAIGHT > ACQUIRE_PILLAR > FOLLOW_STRAIGHT > ACQUIRE_PILLAR > PASS_RED_RIGHT > CONFIRM_PASSED > FOLLOW_STRAIGHT > ACQUIRE_PILLAR > PASS_RED_RIGHT > CONFIRM_PASSED > FOLLOW_STRAIGHT > ACQUIRE_PILLAR > PASS_RED_RIGHT > CONFIRM_PASSED > PASS_RED_RIGHT > CONFIRM_PASSED > PASS_RED_RIGHT
round2_run_20260915_121112_601576.csv,20260915,121112,PARKING_EXIT_DIRECTION,REASSESS_FRONT,1.0,0.297,,102.282,11,,PARKING_EXIT_DIRECTION > PARKING_EXIT_ARC_1 > PARKING_EXIT_ARC_2 > PARKING_EXIT_ARC_3 > PARKING_EXIT_SCAN > PARKING_EXIT_TIMED_CURVE > PARKING_EXIT_RED_REVERSE > PARKING_EXIT_RED_FORWARD > PARKING_EXIT_SHARP_RETURN > FOLLOW_STRAIGHT > ACQUIRE_PILLAR > FOLLOW_STRAIGHT > ACQUIRE_PILLAR > FOLLOW_STRAIGHT > APPROACH_CORNER > TURN_90 > POST_TURN_BACKUP > RECENTER > FOLLOW_STRAIGHT > ACQUIRE_PILLAR > FOLLOW_STRAIGHT > ACQUIRE_PILLAR > PASS_RED_RIGHT > CONFIRM_PASSED > FOLLOW_STRAIGHT > ACQUIRE_PILLAR > FOLLOW_STRAIGHT > ACQUIRE_PILLAR > FOLLOW_STRAIGHT > ACQUIRE_PILLAR > PASS_GREEN_LEFT > CONFIRM_PASSED > FOLLOW_STRAIGHT > ACQUIRE_PILLAR > FOLLOW_STRAIGHT > ACQUIRE_PILLAR > EMERGENCY_ESCAPE > DEEP_REVERSE_RECOVERY > REASSESS_FRONT > HARD_STOP_RELEASE > REASSESS_FRONT > ACQUIRE_PILLAR > EMERGENCY_ESCAPE > DEEP_REVERSE_RECOVERY > REASSESS_FRONT > ACQUIRE_PILLAR > EMERGENCY_ESCAPE > DEEP_REVERSE_RECOVERY > REASSESS_FRONT > HARD_STOP_RELEASE > REASSESS_FRONT > ACQUIRE_PILLAR > EMERGENCY_ESCAPE > DEEP_REVERSE_RECOVERY > REASSESS_FRONT > ACQUIRE_PILLAR > EMERGENCY_ESCAPE > DEEP_REVERSE_RECOVERY > REASSESS_FRONT > HARD_STOP_RELEASE > REASSESS_FRONT > ACQUIRE_PILLAR > EMERGENCY_ESCAPE > DEEP_REVERSE_RECOVERY > REASSESS_FRONT > HARD_STOP_RELEASE > REASSESS_FRONT > ACQUIRE_PILLAR > EMERGENCY_ESCAPE > DEEP_REVERSE_RECOVERY > REASSESS_FRONT > HARD_STOP_RELEASE > REASSESS_FRONT > ACQUIRE_PILLAR > PASS_RED_RIGHT > CONFIRM_PASSED > PASS_RED_RIGHT > CONFIRM_PASSED > FOLLOW_STRAIGHT > HARD_STOP_RELEASE > REASSESS_FRONT > ACQUIRE_PILLAR > EMERGENCY_ESCAPE > DEEP_REVERSE_RECOVERY > REASSESS_FRONT > ACQUIRE_PILLAR > EMERGENCY_ESCAPE > DEEP_REVERSE_RECOVERY > REASSESS_FRONT > ACQUIRE_PILLAR > EMERGENCY_ESCAPE > DEEP_REVERSE_RECOVERY > REASSESS_FRONT > ACQUIRE_PILLAR > EMERGENCY_ESCAPE > DEEP_REVERSE_RECOVERY > REASSESS_FRONT > ACQUIRE_PILLAR > PASS_RED_RIGHT > CONFIRM_PASSED > PASS_RED_RIGHT > CONFIRM_PASSED > FOLLOW_STRAIGHT > HARD_STOP_RELEASE > REASSESS_FRONT > EMERGENCY_ESCAPE > DEEP_REVERSE_RECOVERY > REASSESS_FRONT > HARD_STOP_RELEASE > REASSESS_FRONT > HARD_STOP_RELEASE > REASSESS_FRONT > ACQUIRE_PILLAR > PASS_RED_RIGHT > CONFIRM_PASSED > FOLLOW_STRAIGHT > HARD_STOP_RELEASE > REASSESS_FRONT > EMERGENCY_ESCAPE > DEEP_REVERSE_RECOVERY > REASSESS_FRONT > ACQUIRE_PILLAR > FOLLOW_STRAIGHT > HARD_STOP_RELEASE > REASSESS_FRONT > EMERGENCY_ESCAPE > DEEP_REVERSE_RECOVERY > REASSESS_FRONT > HARD_STOP_RELEASE > REASSESS_FRONT > HARD_STOP_RELEASE > REASSESS_FRONT > ACQUIRE_PILLAR > PASS_RED_RIGHT > CONFIRM_PASSED > FOLLOW_STRAIGHT > HARD_STOP_RELEASE > REASSESS_FRONT > EMERGENCY_ESCAPE > DEEP_REVERSE_RECOVERY > REASSESS_FRONT > HARD_STOP_RELEASE > REASSESS_FRONT > ACQUIRE_PILLAR > PASS_RED_RIGHT > CONFIRM_PASSED > FOLLOW_STRAIGHT > HARD_STOP_RELEASE > REASSESS_FRONT > EMERGENCY_ESCAPE > DEEP_REVERSE_RECOVERY > REASSESS_FRONT > HARD_STOP_RELEASE > REASSESS_FRONT > ACQUIRE_PILLAR > PASS_RED_RIGHT > CONFIRM_PASSED > PASS_RED_RIGHT > CONFIRM_PASSED > FOLLOW_STRAIGHT > HARD_STOP_RELEASE > REASSESS_FRONT > ACQUIRE_PILLAR > EMERGENCY_ESCAPE > DEEP_REVERSE_RECOVERY > REASSESS_FRONT > HARD_STOP_RELEASE > REASSESS_FRONT > HARD_STOP_RELEASE > REASSESS_FRONT > HARD_STOP_RELEASE > REASSESS_FRONT
round2_run_20260915_121320_054613.csv,20260915,121320,PARKING_EXIT_DIRECTION,REASSESS_FRONT,3.0,0.296,,102.0,8,,PARKING_EXIT_DIRECTION > PARKING_EXIT_ARC_1 > PARKING_EXIT_ARC_2 > PARKING_EXIT_ARC_3 > PARKING_EXIT_SCAN > PARKING_EXIT_CW_RETURN_1 > PARKING_EXIT_CW_RETURN_2 > PARKING_EXIT_COMPLETE > FOLLOW_STRAIGHT > APPROACH_CORNER > TURN_90 > POST_TURN_BACKUP > RECENTER > FOLLOW_STRAIGHT > ACQUIRE_PILLAR > PASS_RED_RIGHT > CONFIRM_PASSED > FOLLOW_STRAIGHT > ACQUIRE_PILLAR > PASS_GREEN_LEFT > CONFIRM_PASSED > FOLLOW_STRAIGHT > APPROACH_CORNER > TURN_90 > HARD_STOP_RELEASE > REASSESS_FRONT > FOLLOW_STRAIGHT > HARD_STOP_RELEASE > REASSESS_FRONT > EMERGENCY_ESCAPE > DEEP_REVERSE_RECOVERY > REASSESS_FRONT > HARD_STOP_RELEASE > FOLLOW_STRAIGHT > REASSESS_FRONT > FOLLOW_STRAIGHT > APPROACH_CORNER > TURN_90 > POST_TURN_BACKUP > RECENTER > FOLLOW_STRAIGHT > ACQUIRE_PILLAR > PASS_RED_RIGHT > CONFIRM_PASSED > FOLLOW_STRAIGHT > ACQUIRE_PILLAR > PASS_RED_RIGHT > CONFIRM_PASSED > PASS_RED_RIGHT > CONFIRM_PASSED > PASS_RED_RIGHT > EMERGENCY_ESCAPE > DEEP_REVERSE_RECOVERY > HARD_STOP_RELEASE > DEEP_REVERSE_RECOVERY > HARD_STOP_RELEASE > PASS_RED_RIGHT > CONFIRM_PASSED > FOLLOW_STRAIGHT > ACQUIRE_PILLAR > PASS_RED_RIGHT > CONFIRM_PASSED > FOLLOW_STRAIGHT > ACQUIRE_PILLAR > FOLLOW_STRAIGHT > ACQUIRE_PILLAR > FOLLOW_STRAIGHT > APPROACH_CORNER > TURN_90 > POST_TURN_BACKUP > RECENTER > FOLLOW_STRAIGHT > ACQUIRE_PILLAR > FOLLOW_STRAIGHT > ACQUIRE_PILLAR > FOLLOW_STRAIGHT > ACQUIRE_PILLAR > FOLLOW_STRAIGHT > ACQUIRE_PILLAR > FOLLOW_STRAIGHT > ACQUIRE_PILLAR > PASS_GREEN_LEFT > CONFIRM_PASSED > FOLLOW_STRAIGHT > ACQUIRE_PILLAR > EMERGENCY_ESCAPE > DEEP_REVERSE_RECOVERY > REASSESS_FRONT > HARD_STOP_RELEASE > REASSESS_FRONT > ACQUIRE_PILLAR > EMERGENCY_ESCAPE > DEEP_REVERSE_RECOVERY > REASSESS_FRONT > ACQUIRE_PILLAR > EMERGENCY_ESCAPE > DEEP_REVERSE_RECOVERY > REASSESS_FRONT > ACQUIRE_PILLAR > EMERGENCY_ESCAPE > DEEP_REVERSE_RECOVERY > REASSESS_FRONT > HARD_STOP_RELEASE > REASSESS_FRONT > ACQUIRE_PILLAR > EMERGENCY_ESCAPE > DEEP_REVERSE_RECOVERY > REASSESS_FRONT > HARD_STOP_RELEASE > REASSESS_FRONT > HARD_STOP_RELEASE > REASSESS_FRONT
round2_run_20260915_123820_367878.csv,20260915,123820,PARKING_EXIT_DIRECTION,REASSESS_FRONT,3.0,0.297,,99.75,17,,PARKING_EXIT_DIRECTION > PARKING_EXIT_ARC_1 > PARKING_EXIT_ARC_2 > PARKING_EXIT_ARC_3 > PARKING_EXIT_SCAN > PARKING_EXIT_TIMED_CURVE > PARKING_EXIT_RED_REVERSE > PARKING_EXIT_RED_FORWARD > PARKING_EXIT_SHARP_RETURN > FOLLOW_STRAIGHT > APPROACH_CORNER > TURN_90 > POST_TURN_BACKUP > RECENTER > FOLLOW_STRAIGHT > ACQUIRE_PILLAR > PASS_RED_RIGHT > CONFIRM_PASSED > PASS_RED_RIGHT > CONFIRM_PASSED > FOLLOW_STRAIGHT > ACQUIRE_PILLAR > FOLLOW_STRAIGHT > ACQUIRE_PILLAR > PASS_GREEN_LEFT > CONFIRM_PASSED > FOLLOW_STRAIGHT > APPROACH_CORNER > TURN_90 > POST_TURN_BACKUP > RECENTER > FOLLOW_STRAIGHT > ACQUIRE_PILLAR > PASS_GREEN_LEFT > CONFIRM_PASSED > FOLLOW_STRAIGHT > ACQUIRE_PILLAR > PASS_RED_RIGHT > CONFIRM_PASSED > FOLLOW_STRAIGHT > ACQUIRE_PILLAR > PASS_RED_RIGHT > CONFIRM_PASSED > EMERGENCY_ESCAPE > PASS_RED_RIGHT > CONFIRM_PASSED > FOLLOW_STRAIGHT > HARD_STOP_RELEASE > REASSESS_FRONT > ACQUIRE_PILLAR > EMERGENCY_ESCAPE > ACQUIRE_PILLAR > PASS_RED_RIGHT > EMERGENCY_ESCAPE > PASS_RED_RIGHT > CONFIRM_PASSED > FOLLOW_STRAIGHT > HARD_STOP_RELEASE > REASSESS_FRONT > ACQUIRE_PILLAR > EMERGENCY_ESCAPE > ACQUIRE_PILLAR > PASS_RED_RIGHT > EMERGENCY_ESCAPE > PASS_RED_RIGHT > CONFIRM_PASSED > FOLLOW_STRAIGHT > HARD_STOP_RELEASE > REASSESS_FRONT > ACQUIRE_PILLAR > EMERGENCY_ESCAPE > ACQUIRE_PILLAR > PASS_RED_RIGHT > CONFIRM_PASSED > FOLLOW_STRAIGHT > HARD_STOP_RELEASE > REASSESS_FRONT > ACQUIRE_PILLAR > EMERGENCY_ESCAPE > ACQUIRE_PILLAR > PASS_RED_RIGHT > CONFIRM_PASSED > FOLLOW_STRAIGHT > ACQUIRE_PILLAR > PASS_RED_RIGHT > CONFIRM_PASSED > FOLLOW_STRAIGHT > HARD_STOP_RELEASE > REASSESS_FRONT > ACQUIRE_PILLAR > EMERGENCY_ESCAPE > DEEP_REVERSE_RECOVERY > REASSESS_FRONT > HARD_STOP_RELEASE > REASSESS_FRONT > HARD_STOP_RELEASE > FOLLOW_STRAIGHT > REASSESS_FRONT > FOLLOW_STRAIGHT > APPROACH_CORNER > TURN_90 > POST_TURN_BACKUP > RECENTER > FOLLOW_STRAIGHT > ACQUIRE_PILLAR > PASS_GREEN_LEFT > CONFIRM_PASSED > PASS_GREEN_LEFT > EMERGENCY_ESCAPE > PASS_GREEN_LEFT > CONFIRM_PASSED > FOLLOW_STRAIGHT > ACQUIRE_PILLAR > PASS_GREEN_LEFT > CONFIRM_PASSED > FOLLOW_STRAIGHT > ACQUIRE_PILLAR > PASS_RED_RIGHT > CONFIRM_PASSED > PASS_RED_RIGHT > CONFIRM_PASSED > FOLLOW_STRAIGHT > APPROACH_CORNER > TURN_90 > HARD_STOP_RELEASE > REASSESS_FRONT > FOLLOW_STRAIGHT > HARD_STOP_RELEASE > REASSESS_FRONT > EMERGENCY_ESCAPE > DEEP_REVERSE_RECOVERY > REASSESS_FRONT > HARD_STOP_RELEASE > REASSESS_FRONT > HARD_STOP_RELEASE > FOLLOW_STRAIGHT > REASSESS_FRONT > FOLLOW_STRAIGHT > APPROACH_CORNER > HARD_STOP_RELEASE > REASSESS_FRONT > APPROACH_CORNER > DEEP_REVERSE_RECOVERY > REASSESS_FRONT > HARD_STOP_RELEASE > REASSESS_FRONT > HARD_STOP_RELEASE > REASSESS_FRONT > FOLLOW_STRAIGHT > HARD_STOP_RELEASE > REASSESS_FRONT
round2_run_20260915_145002_276479.csv,20260915,145002,DETECT_DIRECTION,FOLLOW_STRAIGHT,5.0,0.313,,69.469,0,,DETECT_DIRECTION > FOLLOW_STRAIGHT > APPROACH_CORNER > TURN_90 > POST_TURN_BACKUP > RECENTER > FOLLOW_STRAIGHT > APPROACH_CORNER > TURN_90 > POST_TURN_BACKUP > RECENTER > FOLLOW_STRAIGHT > APPROACH_CORNER > TURN_90 > POST_TURN_BACKUP > RECENTER > FOLLOW_STRAIGHT > APPROACH_CORNER > HARD_STOP_RELEASE > APPROACH_CORNER > REASSESS_FRONT > FOLLOW_STRAIGHT > APPROACH_CORNER > TURN_90 > POST_TURN_BACKUP > RECENTER > FOLLOW_STRAIGHT > APPROACH_CORNER > TURN_90 > POST_TURN_BACKUP > RECENTER > FOLLOW_STRAIGHT
round2_run_20260915_145151_391630.csv,20260915,145151,DETECT_DIRECTION,FOLLOW_STRAIGHT,8.0,0.344,,125.172,0,,DETECT_DIRECTION > FOLLOW_STRAIGHT > APPROACH_CORNER > TURN_90 > POST_TURN_BACKUP > RECENTER > FOLLOW_STRAIGHT > APPROACH_CORNER > TURN_90 > POST_TURN_BACKUP > RECENTER > FOLLOW_STRAIGHT > APPROACH_CORNER > TURN_90 > POST_TURN_BACKUP > RECENTER > FOLLOW_STRAIGHT > APPROACH_CORNER > TURN_90 > POST_TURN_BACKUP > RECENTER > FOLLOW_STRAIGHT > APPROACH_CORNER > TURN_90 > POST_TURN_BACKUP > RECENTER > FOLLOW_STRAIGHT > APPROACH_CORNER > TURN_90 > POST_TURN_BACKUP > RECENTER > FOLLOW_STRAIGHT > APPROACH_CORNER > TURN_90 > POST_TURN_BACKUP > RECENTER > FOLLOW_STRAIGHT > APPROACH_CORNER > TURN_90 > POST_TURN_BACKUP > RECENTER > FOLLOW_STRAIGHT
round2_run_20260915_151029_631167.csv,20260915,151029,DETECT_DIRECTION,PARKING_IN_CLOCK_ARC,12.0,0.312,222.5,248.843,0,,DETECT_DIRECTION > FOLLOW_STRAIGHT > APPROACH_CORNER > TURN_90 > HARD_STOP_RELEASE > FOLLOW_STRAIGHT > REASSESS_FRONT > FOLLOW_STRAIGHT > HARD_STOP_RELEASE > REASSESS_FRONT > EMERGENCY_ESCAPE > DEEP_REVERSE_RECOVERY > REASSESS_FRONT > HARD_STOP_RELEASE > REASSESS_FRONT > FOLLOW_STRAIGHT > APPROACH_CORNER > TURN_90 > POST_TURN_BACKUP > RECENTER > FOLLOW_STRAIGHT > APPROACH_CORNER > TURN_90 > POST_TURN_BACKUP > RECENTER > FOLLOW_STRAIGHT > APPROACH_CORNER > TURN_90 > POST_TURN_BACKUP > RECENTER > FOLLOW_STRAIGHT > APPROACH_CORNER > TURN_90 > POST_TURN_BACKUP > RECENTER > FOLLOW_STRAIGHT > APPROACH_CORNER > TURN_90 > POST_TURN_BACKUP > RECENTER > FOLLOW_STRAIGHT > APPROACH_CORNER > TURN_90 > POST_TURN_BACKUP > RECENTER > FOLLOW_STRAIGHT > APPROACH_CORNER > TURN_90 > POST_TURN_BACKUP > RECENTER > FOLLOW_STRAIGHT > APPROACH_CORNER > TURN_90 > POST_TURN_BACKUP > RECENTER > FOLLOW_STRAIGHT > APPROACH_CORNER > TURN_90 > POST_TURN_BACKUP > RECENTER > FOLLOW_STRAIGHT > APPROACH_CORNER > TURN_90 > POST_TURN_BACKUP > RECENTER > FOLLOW_STRAIGHT > APPROACH_CORNER > TURN_90 > POST_TURN_BACKUP > RECENTER > FOLLOW_STRAIGHT > APPROACH_CORNER > HARD_STOP_RELEASE > REASSESS_FRONT > HARD_STOP_RELEASE > REASSESS_FRONT > FOLLOW_STRAIGHT > APPROACH_CORNER > TURN_90 > PARKING_ENTRY_LAUNCH > PARKING_ENTRY_SEARCH > PARKING_IN_CLOCK_ARC
round2_run_20260915_153816_759712.csv,20260915,153816,DETECT_DIRECTION,REASSESS_FRONT,0.0,0.375,,36.343,0,,DETECT_DIRECTION > FOLLOW_STRAIGHT > APPROACH_CORNER > TURN_90 > HARD_STOP_RELEASE > REASSESS_FRONT > FOLLOW_STRAIGHT > HARD_STOP_RELEASE > REASSESS_FRONT > EMERGENCY_ESCAPE > DEEP_REVERSE_RECOVERY > REASSESS_FRONT > HARD_STOP_RELEASE > REASSESS_FRONT > HARD_STOP_RELEASE > REASSESS_FRONT > HARD_STOP_RELEASE > REASSESS_FRONT > EMERGENCY_ESCAPE > DEEP_REVERSE_RECOVERY > REASSESS_FRONT > FOLLOW_STRAIGHT > HARD_STOP_RELEASE > REASSESS_FRONT > EMERGENCY_ESCAPE > FOLLOW_STRAIGHT > HARD_STOP_RELEASE > REASSESS_FRONT > EMERGENCY_ESCAPE > FOLLOW_STRAIGHT > HARD_STOP_RELEASE > REASSESS_FRONT > EMERGENCY_ESCAPE > DEEP_REVERSE_RECOVERY > REASSESS_FRONT > HARD_STOP_RELEASE > REASSESS_FRONT > HARD_STOP_RELEASE > REASSESS_FRONT > HARD_STOP_RELEASE > REASSESS_FRONT
round2_run_20260915_153920_941819.csv,20260915,153920,DETECT_DIRECTION,HARD_STOP_RELEASE,3.0,0.281,,41.281,0,,DETECT_DIRECTION > FOLLOW_STRAIGHT > APPROACH_CORNER > TURN_90 > POST_TURN_BACKUP > RECENTER > FOLLOW_STRAIGHT > APPROACH_CORNER > TURN_90 > POST_TURN_BACKUP > RECENTER > FOLLOW_STRAIGHT > APPROACH_CORNER > TURN_90 > POST_TURN_BACKUP > RECENTER > FOLLOW_STRAIGHT > HARD_STOP_RELEASE > REASSESS_FRONT > EMERGENCY_ESCAPE > FOLLOW_STRAIGHT > HARD_STOP_RELEASE
round2_run_20260915_154101_346297.csv,20260915,154101,PARKING_EXIT_DIRECTION,PARKING_ENTRY_LAUNCH,12.0,0.282,240.7,273.954,26,,PARKING_EXIT_DIRECTION > PARKING_EXIT_ARC_1 > PARKING_EXIT_ARC_2 > PARKING_EXIT_ARC_3 > PARKING_EXIT_SCAN > PARKING_EXIT_TIMED_CURVE > PARKING_EXIT_RED_REVERSE > PARKING_EXIT_RED_FORWARD > PARKING_EXIT_SHARP_RETURN > EMERGENCY_ESCAPE > DEEP_REVERSE_RECOVERY > REASSESS_FRONT > ACQUIRE_PILLAR > PASS_RED_RIGHT > EMERGENCY_ESCAPE > PASS_RED_RIGHT > CONFIRM_PASSED > FOLLOW_STRAIGHT > ACQUIRE_PILLAR > PASS_RED_RIGHT > CONFIRM_PASSED > EMERGENCY_ESCAPE > DEEP_REVERSE_RECOVERY > HARD_STOP_RELEASE > DEEP_REVERSE_RECOVERY > HARD_STOP_RELEASE > DEEP_REVERSE_RECOVERY > PASS_RED_RIGHT > CONFIRM_PASSED > FOLLOW_STRAIGHT > HARD_STOP_RELEASE > REASSESS_FRONT > FOLLOW_STRAIGHT > ACQUIRE_PILLAR > FOLLOW_STRAIGHT > ACQUIRE_PILLAR > PASS_RED_RIGHT > CONFIRM_PASSED > FOLLOW_STRAIGHT > APPROACH_CORNER > TURN_90 > POST_TURN_BACKUP > RECENTER > FOLLOW_STRAIGHT > ACQUIRE_PILLAR > PASS_RED_RIGHT > CONFIRM_PASSED > FOLLOW_STRAIGHT > ACQUIRE_PILLAR > FOLLOW_STRAIGHT > ACQUIRE_PILLAR > PASS_RED_RIGHT > CONFIRM_PASSED > FOLLOW_STRAIGHT > APPROACH_CORNER > TURN_90 > POST_TURN_BACKUP > RECENTER > FOLLOW_STRAIGHT > ACQUIRE_PILLAR > PASS_GREEN_LEFT > CONFIRM_PASSED > FOLLOW_STRAIGHT > ACQUIRE_PILLAR > PASS_GREEN_LEFT > CONFIRM_PASSED > FOLLOW_STRAIGHT > APPROACH_CORNER > TURN_90 > POST_TURN_BACKUP > RECENTER > FOLLOW_STRAIGHT > ACQUIRE_PILLAR > FOLLOW_STRAIGHT > ACQUIRE_PILLAR > PASS_RED_RIGHT > CONFIRM_PASSED > FOLLOW_STRAIGHT > ACQUIRE_PILLAR > FOLLOW_STRAIGHT > APPROACH_CORNER > TURN_90 > POST_TURN_BACKUP > RECENTER > FOLLOW_STRAIGHT > ACQUIRE_PILLAR > PASS_RED_RIGHT > CONFIRM_PASSED > PASS_RED_RIGHT > CONFIRM_PASSED > FOLLOW_STRAIGHT > APPROACH_CORNER > TURN_90 > POST_TURN_BACKUP > RECENTER > FOLLOW_STRAIGHT > ACQUIRE_PILLAR > PASS_RED_RIGHT > CONFIRM_PASSED > FOLLOW_STRAIGHT > ACQUIRE_PILLAR > FOLLOW_STRAIGHT > ACQUIRE_PILLAR > FOLLOW_STRAIGHT > ACQUIRE_PILLAR > PASS_RED_RIGHT > CONFIRM_PASSED > FOLLOW_STRAIGHT > ACQUIRE_PILLAR > FOLLOW_STRAIGHT > ACQUIRE_PILLAR > FOLLOW_STRAIGHT > APPROACH_CORNER > TURN_90 > POST_TURN_BACKUP > RECENTER > FOLLOW_STRAIGHT > ACQUIRE_PILLAR > PASS_GREEN_LEFT > EMERGENCY_ESCAPE > PASS_GREEN_LEFT > CONFIRM_PASSED > FOLLOW_STRAIGHT > ACQUIRE_PILLAR > PASS_GREEN_LEFT > CONFIRM_PASSED > FOLLOW_STRAIGHT > ACQUIRE_PILLAR > PASS_GREEN_LEFT > CONFIRM_PASSED > FOLLOW_STRAIGHT > APPROACH_CORNER > TURN_90 > POST_TURN_BACKUP > RECENTER > FOLLOW_STRAIGHT > ACQUIRE_PILLAR > FOLLOW_STRAIGHT > ACQUIRE_PILLAR > PASS_RED_RIGHT > CONFIRM_PASSED > FOLLOW_STRAIGHT > ACQUIRE_PILLAR > FOLLOW_STRAIGHT > ACQUIRE_PILLAR > FOLLOW_STRAIGHT > ACQUIRE_PILLAR > FOLLOW_STRAIGHT > ACQUIRE_PILLAR > PASS_RED_RIGHT > CONFIRM_PASSED > FOLLOW_STRAIGHT > ACQUIRE_PILLAR > FOLLOW_STRAIGHT > APPROACH_CORNER > TURN_90 > POST_TURN_BACKUP > RECENTER > FOLLOW_STRAIGHT > APPROACH_CORNER > HARD_STOP_RELEASE > REASSESS_FRONT > ACQUIRE_PILLAR > PASS_RED_RIGHT > CONFIRM_PASSED > FOLLOW_STRAIGHT > ACQUIRE_PILLAR > FOLLOW_STRAIGHT > APPROACH_CORNER > TURN_90 > POST_TURN_BACKUP > RECENTER > FOLLOW_STRAIGHT > ACQUIRE_PILLAR > PASS_RED_RIGHT > CONFIRM_PASSED > FOLLOW_STRAIGHT > ACQUIRE_PILLAR > FOLLOW_STRAIGHT > ACQUIRE_PILLAR > FOLLOW_STRAIGHT > ACQUIRE_PILLAR > PASS_RED_RIGHT > CONFIRM_PASSED > FOLLOW_STRAIGHT > APPROACH_CORNER > TURN_90 > POST_TURN_BACKUP > RECENTER > FOLLOW_STRAIGHT > ACQUIRE_PILLAR > PASS_GREEN_LEFT > EMERGENCY_ESCAPE > PASS_GREEN_LEFT > CONFIRM_PASSED > FOLLOW_STRAIGHT > ACQUIRE_PILLAR > PASS_GREEN_LEFT > EMERGENCY_ESCAPE > PASS_GREEN_LEFT > CONFIRM_PASSED > FOLLOW_STRAIGHT > ACQUIRE_PILLAR > PASS_GREEN_LEFT > CONFIRM_PASSED > FOLLOW_STRAIGHT > APPROACH_CORNER > TURN_90 > POST_TURN_BACKUP > RECENTER > FOLLOW_STRAIGHT > ACQUIRE_PILLAR > PASS_RED_RIGHT > CONFIRM_PASSED > FOLLOW_STRAIGHT > ACQUIRE_PILLAR > FOLLOW_STRAIGHT > ACQUIRE_PILLAR > FOLLOW_STRAIGHT > ACQUIRE_PILLAR > PASS_GREEN_LEFT > CONFIRM_PASSED > FOLLOW_STRAIGHT > APPROACH_CORNER > TURN_90 > PARKING_ENTRY_LAUNCH
round2_run_20260915_160456_246358.csv,20260915,160456,PARKING_EXIT_DIRECTION,HARD_STOP_RELEASE,3.0,0.297,,77.516,9,,PARKING_EXIT_DIRECTION > PARKING_EXIT_ARC_1 > PARKING_EXIT_ARC_2 > PARKING_EXIT_ARC_3 > PARKING_EXIT_SCAN > PARKING_EXIT_CW_RETURN_1 > PARKING_EXIT_CW_RETURN_2 > PARKING_EXIT_COMPLETE > FOLLOW_STRAIGHT > APPROACH_CORNER > TURN_90 > POST_TURN_BACKUP > RECENTER > FOLLOW_STRAIGHT > ACQUIRE_PILLAR > PASS_RED_RIGHT > CONFIRM_PASSED > FOLLOW_STRAIGHT > ACQUIRE_PILLAR > PASS_RED_RIGHT > CONFIRM_PASSED > FOLLOW_STRAIGHT > ACQUIRE_PILLAR > PASS_GREEN_LEFT > CONFIRM_PASSED > FOLLOW_STRAIGHT > APPROACH_CORNER > TURN_90 > POST_TURN_BACKUP > RECENTER > FOLLOW_STRAIGHT > ACQUIRE_PILLAR > PASS_GREEN_LEFT > CONFIRM_PASSED > FOLLOW_STRAIGHT > ACQUIRE_PILLAR > PASS_RED_RIGHT > CONFIRM_PASSED > FOLLOW_STRAIGHT > ACQUIRE_PILLAR > PASS_RED_RIGHT > CONFIRM_PASSED > FOLLOW_STRAIGHT > ACQUIRE_PILLAR > EMERGENCY_ESCAPE > DEEP_REVERSE_RECOVERY > REASSESS_FRONT > FOLLOW_STRAIGHT > ACQUIRE_PILLAR > PASS_RED_RIGHT > CONFIRM_PASSED > FOLLOW_STRAIGHT > ACQUIRE_PILLAR > PASS_GREEN_LEFT > CONFIRM_PASSED > FOLLOW_STRAIGHT > HARD_STOP_RELEASE > REASSESS_FRONT > EMERGENCY_ESCAPE > DEEP_REVERSE_RECOVERY > REASSESS_FRONT > HARD_STOP_RELEASE > REASSESS_FRONT > HARD_STOP_RELEASE > REASSESS_FRONT > FOLLOW_STRAIGHT > APPROACH_CORNER > TURN_90 > POST_TURN_BACKUP > RECENTER > FOLLOW_STRAIGHT > ACQUIRE_PILLAR > PASS_GREEN_LEFT > CONFIRM_PASSED > FOLLOW_STRAIGHT > APPROACH_CORNER > TURN_90 > HARD_STOP_RELEASE > REASSESS_FRONT > FOLLOW_STRAIGHT > HARD_STOP_RELEASE
round2_run_20260915_162016_453251.csv,20260915,162016,PARKING_EXIT_DIRECTION,EMERGENCY_ESCAPE,3.0,0.281,,78.047,13,,PARKING_EXIT_DIRECTION > PARKING_EXIT_ARC_1 > PARKING_EXIT_ARC_2 > PARKING_EXIT_ARC_3 > PARKING_EXIT_SCAN > PARKING_EXIT_CW_RETURN_1 > PARKING_EXIT_CW_RETURN_2 > PARKING_EXIT_COMPLETE > FOLLOW_STRAIGHT > APPROACH_CORNER > TURN_90 > POST_TURN_BACKUP > RECENTER > FOLLOW_STRAIGHT > ACQUIRE_PILLAR > FOLLOW_STRAIGHT > ACQUIRE_PILLAR > PASS_RED_RIGHT > EMERGENCY_ESCAPE > PASS_RED_RIGHT > CONFIRM_PASSED > FOLLOW_STRAIGHT > ACQUIRE_PILLAR > PASS_RED_RIGHT > CONFIRM_PASSED > FOLLOW_STRAIGHT > ACQUIRE_PILLAR > FOLLOW_STRAIGHT > ACQUIRE_PILLAR > FOLLOW_STRAIGHT > ACQUIRE_PILLAR > FOLLOW_STRAIGHT > ACQUIRE_PILLAR > PASS_GREEN_LEFT > CONFIRM_PASSED > FOLLOW_STRAIGHT > APPROACH_CORNER > TURN_90 > POST_TURN_BACKUP > RECENTER > FOLLOW_STRAIGHT > ACQUIRE_PILLAR > PASS_RED_RIGHT > CONFIRM_PASSED > FOLLOW_STRAIGHT > ACQUIRE_PILLAR > PASS_RED_RIGHT > CONFIRM_PASSED > FOLLOW_STRAIGHT > HARD_STOP_RELEASE > FOLLOW_STRAIGHT > REASSESS_FRONT > ACQUIRE_PILLAR > PASS_RED_RIGHT > CONFIRM_PASSED > EMERGENCY_ESCAPE > DEEP_REVERSE_RECOVERY > PASS_RED_RIGHT > CONFIRM_PASSED > EMERGENCY_ESCAPE > PASS_RED_RIGHT > CONFIRM_PASSED > FOLLOW_STRAIGHT > ACQUIRE_PILLAR > PASS_GREEN_LEFT > CONFIRM_PASSED > FOLLOW_STRAIGHT > APPROACH_CORNER > TURN_90 > POST_TURN_BACKUP > RECENTER > FOLLOW_STRAIGHT > ACQUIRE_PILLAR > PASS_GREEN_LEFT > EMERGENCY_ESCAPE > PASS_GREEN_LEFT > CONFIRM_PASSED > FOLLOW_STRAIGHT > ACQUIRE_PILLAR > PASS_GREEN_LEFT > CONFIRM_PASSED > FOLLOW_STRAIGHT > ACQUIRE_PILLAR > PASS_RED_RIGHT > CONFIRM_PASSED > FOLLOW_STRAIGHT > ACQUIRE_PILLAR > FOLLOW_STRAIGHT > ACQUIRE_PILLAR > FOLLOW_STRAIGHT > ACQUIRE_PILLAR > FOLLOW_STRAIGHT > ACQUIRE_PILLAR > PASS_RED_RIGHT > CONFIRM_PASSED > FOLLOW_STRAIGHT > HARD_STOP_RELEASE > REASSESS_FRONT > EMERGENCY_ESCAPE > DEEP_REVERSE_RECOVERY > REASSESS_FRONT > HARD_STOP_RELEASE > REASSESS_FRONT > EMERGENCY_ESCAPE > FOLLOW_STRAIGHT > ACQUIRE_PILLAR > EMERGENCY_ESCAPE > DEEP_REVERSE_RECOVERY > REASSESS_FRONT > ACQUIRE_PILLAR > EMERGENCY_ESCAPE > DEEP_REVERSE_RECOVERY > REASSESS_FRONT > ACQUIRE_PILLAR > EMERGENCY_ESCAPE > ACQUIRE_PILLAR > FOLLOW_STRAIGHT > ACQUIRE_PILLAR > EMERGENCY_ESCAPE > DEEP_REVERSE_RECOVERY > REASSESS_FRONT > ACQUIRE_PILLAR > EMERGENCY_ESCAPE > ACQUIRE_PILLAR > FOLLOW_STRAIGHT > ACQUIRE_PILLAR > EMERGENCY_ESCAPE > ACQUIRE_PILLAR > EMERGENCY_ESCAPE > ACQUIRE_PILLAR > FOLLOW_STRAIGHT > ACQUIRE_PILLAR > EMERGENCY_ESCAPE
round2_run_20260915_162218_185270.csv,20260915,162218,PARKING_EXIT_DIRECTION,PASS_RED_RIGHT,7.0,0.281,,151.235,19,,PARKING_EXIT_DIRECTION > PARKING_EXIT_ARC_1 > PARKING_EXIT_ARC_2 > PARKING_EXIT_ARC_3 > PARKING_EXIT_SCAN > PARKING_EXIT_CW_RETURN_1 > PARKING_EXIT_CW_RETURN_2 > PARKING_EXIT_COMPLETE > FOLLOW_STRAIGHT > APPROACH_CORNER > TURN_90 > POST_TURN_BACKUP > RECENTER > FOLLOW_STRAIGHT > ACQUIRE_PILLAR > PASS_RED_RIGHT > CONFIRM_PASSED > FOLLOW_STRAIGHT > ACQUIRE_PILLAR > FOLLOW_STRAIGHT > ACQUIRE_PILLAR > PASS_RED_RIGHT > CONFIRM_PASSED > FOLLOW_STRAIGHT > APPROACH_CORNER > TURN_90 > POST_TURN_BACKUP > RECENTER > FOLLOW_STRAIGHT > ACQUIRE_PILLAR > PASS_GREEN_LEFT > EMERGENCY_ESCAPE > PASS_GREEN_LEFT > CONFIRM_PASSED > FOLLOW_STRAIGHT > ACQUIRE_PILLAR > PASS_GREEN_LEFT > CONFIRM_PASSED > FOLLOW_STRAIGHT > ACQUIRE_PILLAR > PASS_RED_RIGHT > CONFIRM_PASSED > FOLLOW_STRAIGHT > ACQUIRE_PILLAR > PASS_RED_RIGHT > CONFIRM_PASSED > FOLLOW_STRAIGHT > ACQUIRE_PILLAR > PASS_RED_RIGHT > CONFIRM_PASSED > PASS_RED_RIGHT > CONFIRM_PASSED > FOLLOW_STRAIGHT > ACQUIRE_PILLAR > PASS_GREEN_LEFT > CONFIRM_PASSED > FOLLOW_STRAIGHT > APPROACH_CORNER > TURN_90 > POST_TURN_BACKUP > RECENTER > FOLLOW_STRAIGHT > ACQUIRE_PILLAR > PASS_GREEN_LEFT > CONFIRM_PASSED > FOLLOW_STRAIGHT > APPROACH_CORNER > TURN_90 > POST_TURN_BACKUP > RECENTER > FOLLOW_STRAIGHT > ACQUIRE_PILLAR > PASS_RED_RIGHT > CONFIRM_PASSED > FOLLOW_STRAIGHT > ACQUIRE_PILLAR > FOLLOW_STRAIGHT > ACQUIRE_PILLAR > FOLLOW_STRAIGHT > ACQUIRE_PILLAR > FOLLOW_STRAIGHT > ACQUIRE_PILLAR > FOLLOW_STRAIGHT > ACQUIRE_PILLAR > PASS_GREEN_LEFT > CONFIRM_PASSED > PASS_GREEN_LEFT > EMERGENCY_ESCAPE > DEEP_REVERSE_RECOVERY > PASS_GREEN_LEFT > CONFIRM_PASSED > EMERGENCY_ESCAPE > PASS_GREEN_LEFT > CONFIRM_PASSED > FOLLOW_STRAIGHT > ACQUIRE_PILLAR > FOLLOW_STRAIGHT > HARD_STOP_RELEASE > REASSESS_FRONT > HARD_STOP_RELEASE > REASSESS_FRONT > HARD_STOP_RELEASE > REASSESS_FRONT > ACQUIRE_PILLAR > FOLLOW_STRAIGHT > APPROACH_CORNER > TURN_90 > DEEP_REVERSE_RECOVERY > REASSESS_FRONT > FOLLOW_STRAIGHT > HARD_STOP_RELEASE > REASSESS_FRONT > HARD_STOP_RELEASE > REASSESS_FRONT > HARD_STOP_RELEASE > REASSESS_FRONT > FOLLOW_STRAIGHT > DEEP_REVERSE_RECOVERY > REASSESS_FRONT > HARD_STOP_RELEASE > REASSESS_FRONT > FOLLOW_STRAIGHT > HARD_STOP_RELEASE > REASSESS_FRONT > FOLLOW_STRAIGHT > APPROACH_CORNER > TURN_90 > POST_TURN_BACKUP > RECENTER > FOLLOW_STRAIGHT > ACQUIRE_PILLAR > PASS_RED_RIGHT > CONFIRM_PASSED > PASS_RED_RIGHT > CONFIRM_PASSED > FOLLOW_STRAIGHT > ACQUIRE_PILLAR > PASS_RED_RIGHT > CONFIRM_PASSED > FOLLOW_STRAIGHT > ACQUIRE_PILLAR > PASS_GREEN_LEFT > CONFIRM_PASSED > FOLLOW_STRAIGHT > APPROACH_CORNER > TURN_90 > POST_TURN_BACKUP > RECENTER > FOLLOW_STRAIGHT > APPROACH_CORNER > TURN_90 > POST_TURN_BACKUP > RECENTER > FOLLOW_STRAIGHT > ACQUIRE_PILLAR > FOLLOW_STRAIGHT > ACQUIRE_PILLAR > PASS_RED_RIGHT > CONFIRM_PASSED > FOLLOW_STRAIGHT > HARD_STOP_RELEASE > FOLLOW_STRAIGHT > REASSESS_FRONT > FOLLOW_STRAIGHT > ACQUIRE_PILLAR > PASS_RED_RIGHT
round2_run_20260915_170528_126193.csv,20260915,170528,PARKING_EXIT_DIRECTION,APPROACH_CORNER,9.0,2.672,,274.937,29,,PARKING_EXIT_DIRECTION > PARKING_EXIT_ARC_1 > PARKING_EXIT_ARC_2 > PARKING_EXIT_ARC_3 > PARKING_EXIT_SCAN > PARKING_EXIT_CW_RETURN_1 > PARKING_EXIT_CW_RETURN_2 > PARKING_EXIT_COMPLETE > FOLLOW_STRAIGHT > APPROACH_CORNER > TURN_90 > POST_TURN_BACKUP > RECENTER > FOLLOW_STRAIGHT > ACQUIRE_PILLAR > PASS_GREEN_LEFT > CONFIRM_PASSED > FOLLOW_STRAIGHT > ACQUIRE_PILLAR > FOLLOW_STRAIGHT > ACQUIRE_PILLAR > PASS_GREEN_LEFT > CONFIRM_PASSED > FOLLOW_STRAIGHT > APPROACH_CORNER > TURN_90 > POST_TURN_BACKUP > RECENTER > FOLLOW_STRAIGHT > ACQUIRE_PILLAR > PASS_GREEN_LEFT > CONFIRM_PASSED > FOLLOW_STRAIGHT > ACQUIRE_PILLAR > FOLLOW_STRAIGHT > ACQUIRE_PILLAR > FOLLOW_STRAIGHT > ACQUIRE_PILLAR > PASS_RED_RIGHT > CONFIRM_PASSED > FOLLOW_STRAIGHT > ACQUIRE_PILLAR > PASS_RED_RIGHT > EMERGENCY_ESCAPE > PASS_RED_RIGHT > CONFIRM_PASSED > FOLLOW_STRAIGHT > ACQUIRE_PILLAR > EMERGENCY_ESCAPE > ACQUIRE_PILLAR > PASS_RED_RIGHT > CONFIRM_PASSED > FOLLOW_STRAIGHT > ACQUIRE_PILLAR > PASS_RED_RIGHT > CONFIRM_PASSED > FOLLOW_STRAIGHT > ACQUIRE_PILLAR > FOLLOW_STRAIGHT > ACQUIRE_PILLAR > FOLLOW_STRAIGHT > HARD_STOP_RELEASE > REASSESS_FRONT > EMERGENCY_ESCAPE > DEEP_REVERSE_RECOVERY > REASSESS_FRONT > HARD_STOP_RELEASE > REASSESS_FRONT > HARD_STOP_RELEASE > REASSESS_FRONT > FOLLOW_STRAIGHT > HARD_STOP_RELEASE > REASSESS_FRONT > ACQUIRE_PILLAR > EMERGENCY_ESCAPE > DEEP_REVERSE_RECOVERY > REASSESS_FRONT > HARD_STOP_RELEASE > REASSESS_FRONT > HARD_STOP_RELEASE > REASSESS_FRONT > HARD_STOP_RELEASE > REASSESS_FRONT > ACQUIRE_PILLAR > EMERGENCY_ESCAPE > DEEP_REVERSE_RECOVERY > REASSESS_FRONT > HARD_STOP_RELEASE > REASSESS_FRONT > HARD_STOP_RELEASE > REASSESS_FRONT > HARD_STOP_RELEASE > REASSESS_FRONT > EMERGENCY_ESCAPE > DEEP_REVERSE_RECOVERY > REASSESS_FRONT > FOLLOW_STRAIGHT > HARD_STOP_RELEASE > REASSESS_FRONT > EMERGENCY_ESCAPE > DEEP_REVERSE_RECOVERY > REASSESS_FRONT > ACQUIRE_PILLAR > EMERGENCY_ESCAPE > DEEP_REVERSE_RECOVERY > REASSESS_FRONT > ACQUIRE_PILLAR > EMERGENCY_ESCAPE > DEEP_REVERSE_RECOVERY > REASSESS_FRONT > ACQUIRE_PILLAR > EMERGENCY_ESCAPE > ACQUIRE_PILLAR > PASS_RED_RIGHT > CONFIRM_PASSED > FOLLOW_STRAIGHT > APPROACH_CORNER > TURN_90 > POST_TURN_BACKUP > RECENTER > FOLLOW_STRAIGHT > ACQUIRE_PILLAR > PASS_RED_RIGHT > CONFIRM_PASSED > PASS_RED_RIGHT > CONFIRM_PASSED > FOLLOW_STRAIGHT > ACQUIRE_PILLAR > FOLLOW_STRAIGHT > ACQUIRE_PILLAR > FOLLOW_STRAIGHT > APPROACH_CORNER > TURN_90 > POST_TURN_BACKUP > RECENTER > FOLLOW_STRAIGHT > ACQUIRE_PILLAR > PASS_RED_RIGHT > CONFIRM_PASSED > FOLLOW_STRAIGHT > ACQUIRE_PILLAR > PASS_GREEN_LEFT > CONFIRM_PASSED > FOLLOW_STRAIGHT > APPROACH_CORNER > TURN_90 > POST_TURN_BACKUP > RECENTER > FOLLOW_STRAIGHT > ACQUIRE_PILLAR > FOLLOW_STRAIGHT > ACQUIRE_PILLAR > FOLLOW_STRAIGHT > ACQUIRE_PILLAR > PASS_RED_RIGHT > CONFIRM_PASSED > FOLLOW_STRAIGHT > APPROACH_CORNER > FOLLOW_STRAIGHT > ACQUIRE_PILLAR > PASS_GREEN_LEFT > CONFIRM_PASSED > FOLLOW_STRAIGHT > HARD_STOP_RELEASE > REASSESS_FRONT > ACQUIRE_PILLAR > EMERGENCY_ESCAPE > ACQUIRE_PILLAR > PASS_GREEN_LEFT > CONFIRM_PASSED > FOLLOW_STRAIGHT > APPROACH_CORNER > TURN_90 > POST_TURN_BACKUP > RECENTER > FOLLOW_STRAIGHT > ACQUIRE_PILLAR > PASS_GREEN_LEFT > CONFIRM_PASSED > FOLLOW_STRAIGHT > ACQUIRE_PILLAR > PASS_GREEN_LEFT > CONFIRM_PASSED > FOLLOW_STRAIGHT > ACQUIRE_PILLAR > PASS_RED_RIGHT > CONFIRM_PASSED > PASS_RED_RIGHT > CONFIRM_PASSED > FOLLOW_STRAIGHT > ACQUIRE_PILLAR > FOLLOW_STRAIGHT > ACQUIRE_PILLAR > PASS_RED_RIGHT > CONFIRM_PASSED > FOLLOW_STRAIGHT > ACQUIRE_PILLAR > PASS_RED_RIGHT > CONFIRM_PASSED > PASS_RED_RIGHT > CONFIRM_PASSED > FOLLOW_STRAIGHT > APPROACH_CORNER > HARD_STOP_RELEASE > REASSESS_FRONT > APPROACH_CORNER > TURN_90 > POST_TURN_BACKUP > RECENTER > FOLLOW_STRAIGHT > ACQUIRE_PILLAR > PASS_RED_RIGHT > CONFIRM_PASSED > FOLLOW_STRAIGHT > ACQUIRE_PILLAR > FOLLOW_STRAIGHT > ACQUIRE_PILLAR > PASS_RED_RIGHT > EMERGENCY_ESCAPE > DEEP_REVERSE_RECOVERY > HARD_STOP_RELEASE > DEEP_REVERSE_RECOVERY > HARD_STOP_RELEASE > DEEP_REVERSE_RECOVERY > HARD_STOP_RELEASE > DEEP_REVERSE_RECOVERY > HARD_STOP_RELEASE > DEEP_REVERSE_RECOVERY > HARD_STOP_RELEASE > DEEP_REVERSE_RECOVERY > HARD_STOP_RELEASE > DEEP_REVERSE_RECOVERY > PASS_RED_RIGHT > CONFIRM_PASSED > FOLLOW_STRAIGHT > ACQUIRE_PILLAR > PASS_RED_RIGHT > CONFIRM_PASSED > FOLLOW_STRAIGHT > APPROACH_CORNER > HARD_STOP_RELEASE > REASSESS_FRONT > APPROACH_CORNER > TURN_90 > POST_TURN_BACKUP > RECENTER > FOLLOW_STRAIGHT > ACQUIRE_PILLAR > PASS_RED_RIGHT > EMERGENCY_ESCAPE > DEEP_REVERSE_RECOVERY > HARD_STOP_RELEASE > DEEP_REVERSE_RECOVERY > HARD_STOP_RELEASE > DEEP_REVERSE_RECOVERY > HARD_STOP_RELEASE > DEEP_REVERSE_RECOVERY > PASS_RED_RIGHT > CONFIRM_PASSED > FOLLOW_STRAIGHT > ACQUIRE_PILLAR > PASS_RED_RIGHT > CONFIRM_PASSED > FOLLOW_STRAIGHT > ACQUIRE_PILLAR > FOLLOW_STRAIGHT > ACQUIRE_PILLAR > PASS_GREEN_LEFT > CONFIRM_PASSED > FOLLOW_STRAIGHT > APPROACH_CORNER > TURN_90 > POST_TURN_BACKUP > RECENTER > FOLLOW_STRAIGHT > ACQUIRE_PILLAR > FOLLOW_STRAIGHT > ACQUIRE_PILLAR > FOLLOW_STRAIGHT > ACQUIRE_PILLAR > PASS_GREEN_LEFT > CONFIRM_PASSED > FOLLOW_STRAIGHT > APPROACH_CORNER
round2_run_20260915_175955_806492.csv,20260915,175955,PARKING_EXIT_DIRECTION,PASS_GREEN_LEFT,4.0,0.296,,95.406,11,,PARKING_EXIT_DIRECTION > PARKING_EXIT_ARC_1 > PARKING_EXIT_ARC_2 > PARKING_EXIT_ARC_3 > PARKING_EXIT_SCAN > PARKING_EXIT_CW_RETURN_1 > PARKING_EXIT_CW_RETURN_2 > PARKING_EXIT_COMPLETE > FOLLOW_STRAIGHT > APPROACH_CORNER > TURN_90 > POST_TURN_BACKUP > RECENTER > FOLLOW_STRAIGHT > ACQUIRE_PILLAR > PASS_GREEN_LEFT > CONFIRM_PASSED > FOLLOW_STRAIGHT > ACQUIRE_PILLAR > FOLLOW_STRAIGHT > HARD_STOP_RELEASE > REASSESS_FRONT > ACQUIRE_PILLAR > EMERGENCY_ESCAPE > ACQUIRE_PILLAR > FOLLOW_STRAIGHT > ACQUIRE_PILLAR > PASS_GREEN_LEFT > CONFIRM_PASSED > FOLLOW_STRAIGHT > APPROACH_CORNER > TURN_90 > POST_TURN_BACKUP > RECENTER > FOLLOW_STRAIGHT > ACQUIRE_PILLAR > FOLLOW_STRAIGHT > ACQUIRE_PILLAR > PASS_RED_RIGHT > CONFIRM_PASSED > FOLLOW_STRAIGHT > HARD_STOP_RELEASE > REASSESS_FRONT > ACQUIRE_PILLAR > EMERGENCY_ESCAPE > ACQUIRE_PILLAR > FOLLOW_STRAIGHT > ACQUIRE_PILLAR > PASS_RED_RIGHT > CONFIRM_PASSED > FOLLOW_STRAIGHT > ACQUIRE_PILLAR > PASS_RED_RIGHT > CONFIRM_PASSED > FOLLOW_STRAIGHT > ACQUIRE_PILLAR > FOLLOW_STRAIGHT > ACQUIRE_PILLAR > FOLLOW_STRAIGHT > APPROACH_CORNER > TURN_90 > POST_TURN_BACKUP > RECENTER > FOLLOW_STRAIGHT > ACQUIRE_PILLAR > PASS_RED_RIGHT > CONFIRM_PASSED > FOLLOW_STRAIGHT > ACQUIRE_PILLAR > PASS_RED_RIGHT > CONFIRM_PASSED > FOLLOW_STRAIGHT > ACQUIRE_PILLAR > EMERGENCY_ESCAPE > ACQUIRE_PILLAR > FOLLOW_STRAIGHT > ACQUIRE_PILLAR > PASS_RED_RIGHT > CONFIRM_PASSED > FOLLOW_STRAIGHT > ACQUIRE_PILLAR > PASS_GREEN_LEFT > CONFIRM_PASSED > FOLLOW_STRAIGHT > APPROACH_CORNER > TURN_90 > POST_TURN_BACKUP > RECENTER > FOLLOW_STRAIGHT > ACQUIRE_PILLAR > PASS_GREEN_LEFT > CONFIRM_PASSED > FOLLOW_STRAIGHT > HARD_STOP_RELEASE > REASSESS_FRONT > ACQUIRE_PILLAR > EMERGENCY_ESCAPE > DEEP_REVERSE_RECOVERY > REASSESS_FRONT > ACQUIRE_PILLAR > FOLLOW_STRAIGHT > ACQUIRE_PILLAR > FOLLOW_STRAIGHT > ACQUIRE_PILLAR > EMERGENCY_ESCAPE > DEEP_REVERSE_RECOVERY > REASSESS_FRONT > HARD_STOP_RELEASE > REASSESS_FRONT > ACQUIRE_PILLAR > PASS_GREEN_LEFT > EMERGENCY_ESCAPE > PASS_GREEN_LEFT > CONFIRM_PASSED > FOLLOW_STRAIGHT > HARD_STOP_RELEASE > REASSESS_FRONT > ACQUIRE_PILLAR > EMERGENCY_ESCAPE > ACQUIRE_PILLAR > PASS_GREEN_LEFT
round2_run_20260915_181721_355358.csv,20260915,181721,PARKING_EXIT_DIRECTION,PASS_GREEN_LEFT,9.0,0.297,,189.219,26,,PARKING_EXIT_DIRECTION > PARKING_EXIT_ARC_1 > PARKING_EXIT_ARC_2 > PARKING_EXIT_ARC_3 > PARKING_EXIT_SCAN > PARKING_EXIT_TIMED_CURVE > PARKING_EXIT_RED_REVERSE > PARKING_EXIT_RED_FORWARD > PARKING_EXIT_SHARP_RETURN > EMERGENCY_ESCAPE > DEEP_REVERSE_RECOVERY > REASSESS_FRONT > ACQUIRE_PILLAR > PASS_RED_RIGHT > EMERGENCY_ESCAPE > PASS_RED_RIGHT > CONFIRM_PASSED > FOLLOW_STRAIGHT > ACQUIRE_PILLAR > PASS_RED_RIGHT > EMERGENCY_ESCAPE > PASS_RED_RIGHT > CONFIRM_PASSED > FOLLOW_STRAIGHT > ACQUIRE_PILLAR > EMERGENCY_ESCAPE > ACQUIRE_PILLAR > PASS_GREEN_LEFT > CONFIRM_PASSED > FOLLOW_STRAIGHT > APPROACH_CORNER > TURN_90 > POST_TURN_BACKUP > RECENTER > FOLLOW_STRAIGHT > ACQUIRE_PILLAR > PASS_RED_RIGHT > CONFIRM_PASSED > FOLLOW_STRAIGHT > ACQUIRE_PILLAR > PASS_GREEN_LEFT > CONFIRM_PASSED > FOLLOW_STRAIGHT > APPROACH_CORNER > TURN_90 > POST_TURN_BACKUP > RECENTER > FOLLOW_STRAIGHT > ACQUIRE_PILLAR > PASS_GREEN_LEFT > CONFIRM_PASSED > FOLLOW_STRAIGHT > ACQUIRE_PILLAR > PASS_RED_RIGHT > CONFIRM_PASSED > FOLLOW_STRAIGHT > ACQUIRE_PILLAR > PASS_GREEN_LEFT > CONFIRM_PASSED > FOLLOW_STRAIGHT > APPROACH_CORNER > TURN_90 > POST_TURN_BACKUP > RECENTER > FOLLOW_STRAIGHT > ACQUIRE_PILLAR > PASS_GREEN_LEFT > EMERGENCY_ESCAPE > PASS_GREEN_LEFT > CONFIRM_PASSED > FOLLOW_STRAIGHT > ACQUIRE_PILLAR > EMERGENCY_ESCAPE > ACQUIRE_PILLAR > PASS_GREEN_LEFT > CONFIRM_PASSED > FOLLOW_STRAIGHT > ACQUIRE_PILLAR > PASS_RED_RIGHT > CONFIRM_PASSED > FOLLOW_STRAIGHT > ACQUIRE_PILLAR > PASS_GREEN_LEFT > CONFIRM_PASSED > FOLLOW_STRAIGHT > APPROACH_CORNER > TURN_90 > POST_TURN_BACKUP > RECENTER > FOLLOW_STRAIGHT > ACQUIRE_PILLAR > PASS_GREEN_LEFT > CONFIRM_PASSED > FOLLOW_STRAIGHT > ACQUIRE_PILLAR > PASS_RED_RIGHT > CONFIRM_PASSED > PASS_RED_RIGHT > CONFIRM_PASSED > FOLLOW_STRAIGHT > ACQUIRE_PILLAR > PASS_GREEN_LEFT > CONFIRM_PASSED > FOLLOW_STRAIGHT > APPROACH_CORNER > TURN_90 > POST_TURN_BACKUP > RECENTER > FOLLOW_STRAIGHT > ACQUIRE_PILLAR > PASS_GREEN_LEFT > CONFIRM_PASSED > FOLLOW_STRAIGHT > APPROACH_CORNER > TURN_90 > POST_TURN_BACKUP > RECENTER > FOLLOW_STRAIGHT > ACQUIRE_PILLAR > PASS_GREEN_LEFT > CONFIRM_PASSED > FOLLOW_STRAIGHT > ACQUIRE_PILLAR > PASS_RED_RIGHT > CONFIRM_PASSED > FOLLOW_STRAIGHT > ACQUIRE_PILLAR > PASS_RED_RIGHT > CONFIRM_PASSED > FOLLOW_STRAIGHT > ACQUIRE_PILLAR > PASS_GREEN_LEFT > CONFIRM_PASSED > FOLLOW_STRAIGHT > APPROACH_CORNER > TURN_90 > POST_TURN_BACKUP > RECENTER > FOLLOW_STRAIGHT > ACQUIRE_PILLAR > FOLLOW_STRAIGHT > ACQUIRE_PILLAR > PASS_RED_RIGHT > CONFIRM_PASSED > FOLLOW_STRAIGHT > APPROACH_CORNER > FOLLOW_STRAIGHT > APPROACH_CORNER > TURN_90 > POST_TURN_BACKUP > RECENTER > FOLLOW_STRAIGHT > ACQUIRE_PILLAR > PASS_RED_RIGHT > CONFIRM_PASSED > FOLLOW_STRAIGHT > ACQUIRE_PILLAR > FOLLOW_STRAIGHT > ACQUIRE_PILLAR > FOLLOW_STRAIGHT > ACQUIRE_PILLAR > PASS_RED_RIGHT > CONFIRM_PASSED > PASS_RED_RIGHT > CONFIRM_PASSED > FOLLOW_STRAIGHT > ACQUIRE_PILLAR > PASS_GREEN_LEFT > CONFIRM_PASSED > FOLLOW_STRAIGHT > APPROACH_CORNER > HARD_STOP_RELEASE > APPROACH_CORNER > REASSESS_FRONT > APPROACH_CORNER > TURN_90 > POST_TURN_BACKUP > RECENTER > FOLLOW_STRAIGHT > ACQUIRE_PILLAR > FOLLOW_STRAIGHT > ACQUIRE_PILLAR > PASS_GREEN_LEFT
round2_run_20260916_104635_895718.csv,20260916,104635,PARKING_EXIT_DIRECTION,REASSESS_FRONT,0.0,0.438,,41.016,0,,PARKING_EXIT_DIRECTION > PARKING_EXIT_ARC_1 > PARKING_EXIT_ARC_2 > PARKING_EXIT_ARC_3 > PARKING_EXIT_SCAN > PARKING_EXIT_TIMED_CURVE > PARKING_EXIT_RED_REVERSE > PARKING_EXIT_RED_FORWARD > PARKING_EXIT_SHARP_RETURN > FOLLOW_STRAIGHT > HARD_STOP_RELEASE > REASSESS_FRONT > EMERGENCY_ESCAPE > DEEP_REVERSE_RECOVERY > REASSESS_FRONT > EMERGENCY_ESCAPE > DEEP_REVERSE_RECOVERY > REASSESS_FRONT
round2_run_20260916_104811_966446.csv,20260916,104811,PARKING_EXIT_DIRECTION,DEEP_REVERSE_RECOVERY,2.0,0.313,,103.985,15,,PARKING_EXIT_DIRECTION > PARKING_EXIT_ARC_1 > PARKING_EXIT_ARC_2 > PARKING_EXIT_ARC_3 > PARKING_EXIT_SCAN > PARKING_EXIT_TIMED_CURVE > PARKING_EXIT_RED_REVERSE > PARKING_EXIT_RED_FORWARD > PARKING_EXIT_SHARP_RETURN > FOLLOW_STRAIGHT > APPROACH_CORNER > TURN_90 > POST_TURN_BACKUP > RECENTER > FOLLOW_STRAIGHT > ACQUIRE_PILLAR > PASS_GREEN_LEFT > CONFIRM_PASSED > FOLLOW_STRAIGHT > ACQUIRE_PILLAR > PASS_GREEN_LEFT > CONFIRM_PASSED > PASS_GREEN_LEFT > CONFIRM_PASSED > FOLLOW_STRAIGHT > ACQUIRE_PILLAR > PASS_GREEN_LEFT > CONFIRM_PASSED > PASS_GREEN_LEFT > CONFIRM_PASSED > FOLLOW_STRAIGHT > APPROACH_CORNER > TURN_90 > POST_TURN_BACKUP > RECENTER > FOLLOW_STRAIGHT > ACQUIRE_PILLAR > FOLLOW_STRAIGHT > ACQUIRE_PILLAR > PASS_GREEN_LEFT > CONFIRM_PASSED > FOLLOW_STRAIGHT > ACQUIRE_PILLAR > PASS_RED_RIGHT > CONFIRM_PASSED > PASS_RED_RIGHT > CONFIRM_PASSED > FOLLOW_STRAIGHT > ACQUIRE_PILLAR > PASS_RED_RIGHT > CONFIRM_PASSED > FOLLOW_STRAIGHT > ACQUIRE_PILLAR > PASS_GREEN_LEFT > CONFIRM_PASSED > PASS_GREEN_LEFT > CONFIRM_PASSED > FOLLOW_STRAIGHT > APPROACH_CORNER > HARD_STOP_RELEASE > REASSESS_FRONT > ACQUIRE_PILLAR > FOLLOW_STRAIGHT > HARD_STOP_RELEASE > REASSESS_FRONT > HARD_STOP_RELEASE > REASSESS_FRONT > ACQUIRE_PILLAR > EMERGENCY_ESCAPE > DEEP_REVERSE_RECOVERY > REASSESS_FRONT > ACQUIRE_PILLAR > EMERGENCY_ESCAPE > ACQUIRE_PILLAR > FOLLOW_STRAIGHT > ACQUIRE_PILLAR > EMERGENCY_ESCAPE > DEEP_REVERSE_RECOVERY > REASSESS_FRONT > ACQUIRE_PILLAR > EMERGENCY_ESCAPE > ACQUIRE_PILLAR > FOLLOW_STRAIGHT > ACQUIRE_PILLAR > FOLLOW_STRAIGHT > ACQUIRE_PILLAR > EMERGENCY_ESCAPE > ACQUIRE_PILLAR > FOLLOW_STRAIGHT > ACQUIRE_PILLAR > EMERGENCY_ESCAPE > ACQUIRE_PILLAR > FOLLOW_STRAIGHT > ACQUIRE_PILLAR > EMERGENCY_ESCAPE > DEEP_REVERSE_RECOVERY > REASSESS_FRONT > ACQUIRE_PILLAR > PASS_GREEN_LEFT > CONFIRM_PASSED > FOLLOW_STRAIGHT > HARD_STOP_RELEASE > REASSESS_FRONT > ACQUIRE_PILLAR > EMERGENCY_ESCAPE > DEEP_REVERSE_RECOVERY > REASSESS_FRONT > ACQUIRE_PILLAR > EMERGENCY_ESCAPE > ACQUIRE_PILLAR > FOLLOW_STRAIGHT > ACQUIRE_PILLAR > PASS_GREEN_LEFT > EMERGENCY_ESCAPE > DEEP_REVERSE_RECOVERY > HARD_STOP_RELEASE > DEEP_REVERSE_RECOVERY > HARD_STOP_RELEASE > DEEP_REVERSE_RECOVERY > HARD_STOP_RELEASE > DEEP_REVERSE_RECOVERY > PASS_GREEN_LEFT > CONFIRM_PASSED > FOLLOW_STRAIGHT > HARD_STOP_RELEASE > REASSESS_FRONT > ACQUIRE_PILLAR > EMERGENCY_ESCAPE > DEEP_REVERSE_RECOVERY > REASSESS_FRONT > FOLLOW_STRAIGHT > ACQUIRE_PILLAR > PASS_GREEN_LEFT > CONFIRM_PASSED > FOLLOW_STRAIGHT > HARD_STOP_RELEASE > REASSESS_FRONT > EMERGENCY_ESCAPE > DEEP_REVERSE_RECOVERY > REASSESS_FRONT > EMERGENCY_ESCAPE > DEEP_REVERSE_RECOVERY > REASSESS_FRONT > HARD_STOP_RELEASE > REASSESS_FRONT > HARD_STOP_RELEASE > REASSESS_FRONT > HARD_STOP_RELEASE > REASSESS_FRONT > FOLLOW_STRAIGHT > DEEP_REVERSE_RECOVERY > REASSESS_FRONT > HARD_STOP_RELEASE > REASSESS_FRONT > FOLLOW_STRAIGHT > ACQUIRE_PILLAR > FOLLOW_STRAIGHT > ACQUIRE_PILLAR > FOLLOW_STRAIGHT > ACQUIRE_PILLAR > PASS_GREEN_LEFT > CONFIRM_PASSED > FOLLOW_STRAIGHT > HARD_STOP_RELEASE > REASSESS_FRONT > EMERGENCY_ESCAPE > DEEP_REVERSE_RECOVERY
round2_run_20260916_105757_783249.csv,20260916,105757,PARKING_EXIT_DIRECTION,EMERGENCY_ESCAPE,1.0,0.312,,48.109,3,,PARKING_EXIT_DIRECTION > PARKING_EXIT_ARC_1 > PARKING_EXIT_ARC_2 > PARKING_EXIT_ARC_3 > PARKING_EXIT_SCAN > PARKING_EXIT_TIMED_CURVE > PARKING_EXIT_RED_REVERSE > PARKING_EXIT_RED_FORWARD > PARKING_EXIT_SHARP_RETURN > FOLLOW_STRAIGHT > ACQUIRE_PILLAR > PASS_GREEN_LEFT > CONFIRM_PASSED > FOLLOW_STRAIGHT > APPROACH_CORNER > TURN_90 > POST_TURN_BACKUP > RECENTER > FOLLOW_STRAIGHT > ACQUIRE_PILLAR > PASS_GREEN_LEFT > CONFIRM_PASSED > FOLLOW_STRAIGHT > ACQUIRE_PILLAR > PASS_GREEN_LEFT > CONFIRM_PASSED > FOLLOW_STRAIGHT > HARD_STOP_RELEASE > REASSESS_FRONT > ACQUIRE_PILLAR > EMERGENCY_ESCAPE > ACQUIRE_PILLAR > FOLLOW_STRAIGHT > HARD_STOP_RELEASE > REASSESS_FRONT > EMERGENCY_ESCAPE > DEEP_REVERSE_RECOVERY > REASSESS_FRONT > FOLLOW_STRAIGHT > ACQUIRE_PILLAR > EMERGENCY_ESCAPE > DEEP_REVERSE_RECOVERY > REASSESS_FRONT > FOLLOW_STRAIGHT > HARD_STOP_RELEASE > REASSESS_FRONT > EMERGENCY_ESCAPE > DEEP_REVERSE_RECOVERY > REASSESS_FRONT > ACQUIRE_PILLAR > FOLLOW_STRAIGHT > HARD_STOP_RELEASE > REASSESS_FRONT > ACQUIRE_PILLAR > EMERGENCY_ESCAPE > DEEP_REVERSE_RECOVERY > REASSESS_FRONT > HARD_STOP_RELEASE > FOLLOW_STRAIGHT > REASSESS_FRONT > FOLLOW_STRAIGHT > HARD_STOP_RELEASE > REASSESS_FRONT > EMERGENCY_ESCAPE
round2_run_20260916_111935_937926.csv,20260916,111935,PARKING_EXIT_DIRECTION,COMPLETE,12.0,0.281,248.0,261.641,42,,PARKING_EXIT_DIRECTION > PARKING_EXIT_ARC_1 > PARKING_EXIT_ARC_2 > PARKING_EXIT_ARC_3 > PARKING_EXIT_SCAN > PARKING_EXIT_TIMED_CURVE > PARKING_EXIT_RED_REVERSE > PARKING_EXIT_RED_FORWARD > PARKING_EXIT_SHARP_RETURN > EMERGENCY_ESCAPE > DEEP_REVERSE_RECOVERY > REASSESS_FRONT > FOLLOW_STRAIGHT > ACQUIRE_PILLAR > FOLLOW_STRAIGHT > APPROACH_CORNER > TURN_90 > POST_TURN_BACKUP > RECENTER > FOLLOW_STRAIGHT > ACQUIRE_PILLAR > PASS_GREEN_LEFT > CONFIRM_PASSED > FOLLOW_STRAIGHT > APPROACH_CORNER > TURN_90 > POST_TURN_BACKUP > RECENTER > FOLLOW_STRAIGHT > ACQUIRE_PILLAR > PASS_GREEN_LEFT > CONFIRM_PASSED > FOLLOW_STRAIGHT > ACQUIRE_PILLAR > PASS_GREEN_LEFT > EMERGENCY_ESCAPE > PASS_GREEN_LEFT > CONFIRM_PASSED > FOLLOW_STRAIGHT > ACQUIRE_PILLAR > FOLLOW_STRAIGHT > ACQUIRE_PILLAR > PASS_RED_RIGHT > CONFIRM_PASSED > FOLLOW_STRAIGHT > ACQUIRE_PILLAR > PASS_GREEN_LEFT > CONFIRM_PASSED > FOLLOW_STRAIGHT > ACQUIRE_PILLAR > PASS_GREEN_LEFT > CONFIRM_PASSED > FOLLOW_STRAIGHT > APPROACH_CORNER > TURN_90 > POST_TURN_BACKUP > RECENTER > FOLLOW_STRAIGHT > ACQUIRE_PILLAR > FOLLOW_STRAIGHT > ACQUIRE_PILLAR > PASS_GREEN_LEFT > EMERGENCY_ESCAPE > PASS_GREEN_LEFT > CONFIRM_PASSED > FOLLOW_STRAIGHT > ACQUIRE_PILLAR > PASS_GREEN_LEFT > CONFIRM_PASSED > FOLLOW_STRAIGHT > ACQUIRE_PILLAR > PASS_RED_RIGHT > CONFIRM_PASSED > FOLLOW_STRAIGHT > ACQUIRE_PILLAR > PASS_GREEN_LEFT > CONFIRM_PASSED > FOLLOW_STRAIGHT > APPROACH_CORNER > TURN_90 > POST_TURN_BACKUP > RECENTER > FOLLOW_STRAIGHT > ACQUIRE_PILLAR > PASS_GREEN_LEFT > CONFIRM_PASSED > FOLLOW_STRAIGHT > ACQUIRE_PILLAR > FOLLOW_STRAIGHT > ACQUIRE_PILLAR > PASS_RED_RIGHT > CONFIRM_PASSED > FOLLOW_STRAIGHT > ACQUIRE_PILLAR > PASS_RED_RIGHT > CONFIRM_PASSED > FOLLOW_STRAIGHT > ACQUIRE_PILLAR > PASS_GREEN_LEFT > CONFIRM_PASSED > FOLLOW_STRAIGHT > APPROACH_CORNER > HARD_STOP_RELEASE > REASSESS_FRONT > APPROACH_CORNER > TURN_90 > POST_TURN_BACKUP > RECENTER > FOLLOW_STRAIGHT > ACQUIRE_PILLAR > PASS_GREEN_LEFT > CONFIRM_PASSED > FOLLOW_STRAIGHT > APPROACH_CORNER > TURN_90 > POST_TURN_BACKUP > RECENTER > FOLLOW_STRAIGHT > ACQUIRE_PILLAR > PASS_GREEN_LEFT > CONFIRM_PASSED > FOLLOW_STRAIGHT > ACQUIRE_PILLAR > PASS_GREEN_LEFT > EMERGENCY_ESCAPE > PASS_GREEN_LEFT > CONFIRM_PASSED > FOLLOW_STRAIGHT > ACQUIRE_PILLAR > PASS_GREEN_LEFT > CONFIRM_PASSED > FOLLOW_STRAIGHT > ACQUIRE_PILLAR > PASS_RED_RIGHT > CONFIRM_PASSED > PASS_RED_RIGHT > CONFIRM_PASSED > FOLLOW_STRAIGHT > ACQUIRE_PILLAR > FOLLOW_STRAIGHT > ACQUIRE_PILLAR > PASS_GREEN_LEFT > CONFIRM_PASSED > FOLLOW_STRAIGHT > APPROACH_CORNER > TURN_90 > POST_TURN_BACKUP > RECENTER > FOLLOW_STRAIGHT > ACQUIRE_PILLAR > PASS_GREEN_LEFT > CONFIRM_PASSED > FOLLOW_STRAIGHT > ACQUIRE_PILLAR > PASS_RED_RIGHT > CONFIRM_PASSED > FOLLOW_STRAIGHT > ACQUIRE_PILLAR > FOLLOW_STRAIGHT > ACQUIRE_PILLAR > PASS_GREEN_LEFT > CONFIRM_PASSED > FOLLOW_STRAIGHT > APPROACH_CORNER > TURN_90 > POST_TURN_BACKUP > RECENTER > FOLLOW_STRAIGHT > ACQUIRE_PILLAR > PASS_GREEN_LEFT > CONFIRM_PASSED > FOLLOW_STRAIGHT > ACQUIRE_PILLAR > PASS_RED_RIGHT > CONFIRM_PASSED > FOLLOW_STRAIGHT > ACQUIRE_PILLAR > PASS_RED_RIGHT > CONFIRM_PASSED > FOLLOW_STRAIGHT > ACQUIRE_PILLAR > PASS_GREEN_LEFT > CONFIRM_PASSED > FOLLOW_STRAIGHT > APPROACH_CORNER > TURN_90 > POST_TURN_BACKUP > RECENTER > FOLLOW_STRAIGHT > ACQUIRE_PILLAR > PASS_GREEN_LEFT > CONFIRM_PASSED > PASS_GREEN_LEFT > EMERGENCY_ESCAPE > PASS_GREEN_LEFT > CONFIRM_PASSED > FOLLOW_STRAIGHT > ACQUIRE_PILLAR > PASS_GREEN_LEFT > CONFIRM_PASSED > FOLLOW_STRAIGHT > APPROACH_CORNER > TURN_90 > POST_TURN_BACKUP > RECENTER > FOLLOW_STRAIGHT > ACQUIRE_PILLAR > PASS_GREEN_LEFT > CONFIRM_PASSED > FOLLOW_STRAIGHT > ACQUIRE_PILLAR > PASS_GREEN_LEFT > EMERGENCY_ESCAPE > PASS_GREEN_LEFT > CONFIRM_PASSED > FOLLOW_STRAIGHT > ACQUIRE_PILLAR > PASS_GREEN_LEFT > CONFIRM_PASSED > FOLLOW_STRAIGHT > ACQUIRE_PILLAR > PASS_RED_RIGHT > CONFIRM_PASSED > FOLLOW_STRAIGHT > HARD_STOP_RELEASE > REASSESS_FRONT > HARD_STOP_RELEASE > REASSESS_FRONT > HARD_STOP_RELEASE > REASSESS_FRONT > ACQUIRE_PILLAR > FOLLOW_STRAIGHT > ACQUIRE_PILLAR > PASS_GREEN_LEFT > CONFIRM_PASSED > FOLLOW_STRAIGHT > APPROACH_CORNER > TURN_90 > POST_TURN_BACKUP > RECENTER > FOLLOW_STRAIGHT > ACQUIRE_PILLAR > FOLLOW_STRAIGHT > APPROACH_CORNER > HARD_STOP_RELEASE > REASSESS_FRONT > ACQUIRE_PILLAR > PASS_RED_RIGHT > CONFIRM_PASSED > FOLLOW_STRAIGHT > ACQUIRE_PILLAR > PASS_RED_RIGHT > CONFIRM_PASSED > FOLLOW_STRAIGHT > HARD_STOP_RELEASE > REASSESS_FRONT > EMERGENCY_ESCAPE > FOLLOW_STRAIGHT > ACQUIRE_PILLAR > PASS_RED_RIGHT > CONFIRM_PASSED > FOLLOW_STRAIGHT > HARD_STOP_RELEASE > REASSESS_FRONT > FOLLOW_STRAIGHT > ACQUIRE_PILLAR > FOLLOW_STRAIGHT > ACQUIRE_PILLAR > PASS_GREEN_LEFT > CONFIRM_PASSED > FOLLOW_STRAIGHT > APPROACH_CORNER > TURN_90 > PARKING_ENTRY_LAUNCH > PARKING_ENTRY_SEARCH > ACQUIRE_PILLAR > PARKING_ENTRY_SEARCH > ACQUIRE_PILLAR > PASS_GREEN_LEFT > CONFIRM_PASSED > PARKING_ENTRY_SEARCH > ACQUIRE_PILLAR > PASS_GREEN_LEFT > CONFIRM_PASSED > PARKING_ENTRY_SEARCH > PARKING_IN_CLOCK_ARC > PARKING_IN_CLOCK_STRAIGHT > COMPLETE
round2_run_20260916_112758_411816.csv,20260916,112758,PARKING_EXIT_DIRECTION,HARD_STOP_RELEASE,5.0,0.344,,100.156,8,,PARKING_EXIT_DIRECTION > PARKING_EXIT_ARC_1 > PARKING_EXIT_ARC_2 > PARKING_EXIT_ARC_3 > PARKING_EXIT_SCAN > PARKING_EXIT_TIMED_CURVE > PARKING_EXIT_RED_REVERSE > PARKING_EXIT_RED_FORWARD > PARKING_EXIT_SHARP_RETURN > FOLLOW_STRAIGHT > ACQUIRE_PILLAR > PASS_GREEN_LEFT > CONFIRM_PASSED > FOLLOW_STRAIGHT > APPROACH_CORNER > TURN_90 > POST_TURN_BACKUP > RECENTER > FOLLOW_STRAIGHT > ACQUIRE_PILLAR > PASS_GREEN_LEFT > CONFIRM_PASSED > PASS_GREEN_LEFT > EMERGENCY_ESCAPE > PASS_GREEN_LEFT > CONFIRM_PASSED > FOLLOW_STRAIGHT > ACQUIRE_PILLAR > FOLLOW_STRAIGHT > APPROACH_CORNER > TURN_90 > POST_TURN_BACKUP > RECENTER > FOLLOW_STRAIGHT > ACQUIRE_PILLAR > PASS_GREEN_LEFT > CONFIRM_PASSED > FOLLOW_STRAIGHT > ACQUIRE_PILLAR > PASS_RED_RIGHT > CONFIRM_PASSED > FOLLOW_STRAIGHT > ACQUIRE_PILLAR > FOLLOW_STRAIGHT > ACQUIRE_PILLAR > FOLLOW_STRAIGHT > APPROACH_CORNER > TURN_90 > POST_TURN_BACKUP > RECENTER > FOLLOW_STRAIGHT > ACQUIRE_PILLAR > PASS_GREEN_LEFT > CONFIRM_PASSED > FOLLOW_STRAIGHT > ACQUIRE_PILLAR > FOLLOW_STRAIGHT > ACQUIRE_PILLAR > FOLLOW_STRAIGHT > ACQUIRE_PILLAR > FOLLOW_STRAIGHT > ACQUIRE_PILLAR > FOLLOW_STRAIGHT > APPROACH_CORNER > TURN_90 > POST_TURN_BACKUP > RECENTER > FOLLOW_STRAIGHT > ACQUIRE_PILLAR > PASS_RED_RIGHT > CONFIRM_PASSED > FOLLOW_STRAIGHT > HARD_STOP_RELEASE > REASSESS_FRONT > EMERGENCY_ESCAPE > DEEP_REVERSE_RECOVERY > REASSESS_FRONT > HARD_STOP_RELEASE > REASSESS_FRONT > HARD_STOP_RELEASE > REASSESS_FRONT > FOLLOW_STRAIGHT > APPROACH_CORNER > TURN_90 > POST_TURN_BACKUP > RECENTER > FOLLOW_STRAIGHT > ACQUIRE_PILLAR > PASS_GREEN_LEFT > CONFIRM_PASSED > FOLLOW_STRAIGHT > ACQUIRE_PILLAR > FOLLOW_STRAIGHT > ACQUIRE_PILLAR > FOLLOW_STRAIGHT > HARD_STOP_RELEASE > REASSESS_FRONT > EMERGENCY_ESCAPE > DEEP_REVERSE_RECOVERY > REASSESS_FRONT > HARD_STOP_RELEASE
round2_run_20260916_114044_565964.csv,20260916,114044,PARKING_EXIT_DIRECTION,EMERGENCY_ESCAPE,0.0,0.313,,42.875,1,,PARKING_EXIT_DIRECTION > PARKING_EXIT_ARC_1 > PARKING_EXIT_ARC_2 > PARKING_EXIT_ARC_3 > PARKING_EXIT_SCAN > PARKING_EXIT_TIMED_CURVE > PARKING_EXIT_RED_REVERSE > PARKING_EXIT_RED_FORWARD > PARKING_EXIT_SHARP_RETURN > FOLLOW_STRAIGHT > ACQUIRE_PILLAR > PASS_GREEN_LEFT > CONFIRM_PASSED > FOLLOW_STRAIGHT > HARD_STOP_RELEASE > REASSESS_FRONT > HARD_STOP_RELEASE > REASSESS_FRONT > HARD_STOP_RELEASE > REASSESS_FRONT > ACQUIRE_PILLAR > FOLLOW_STRAIGHT > ACQUIRE_PILLAR > EMERGENCY_ESCAPE > DEEP_REVERSE_RECOVERY > REASSESS_FRONT > FOLLOW_STRAIGHT > HARD_STOP_RELEASE > REASSESS_FRONT > HARD_STOP_RELEASE > REASSESS_FRONT > FOLLOW_STRAIGHT > HARD_STOP_RELEASE > REASSESS_FRONT > EMERGENCY_ESCAPE > DEEP_REVERSE_RECOVERY > REASSESS_FRONT > FOLLOW_STRAIGHT > HARD_STOP_RELEASE > REASSESS_FRONT > HARD_STOP_RELEASE > REASSESS_FRONT > HARD_STOP_RELEASE > REASSESS_FRONT > ACQUIRE_PILLAR > FOLLOW_STRAIGHT > APPROACH_CORNER > DEEP_REVERSE_RECOVERY > REASSESS_FRONT > HARD_STOP_RELEASE > REASSESS_FRONT > HARD_STOP_RELEASE > REASSESS_FRONT > FOLLOW_STRAIGHT > HARD_STOP_RELEASE > REASSESS_FRONT > EMERGENCY_ESCAPE
round2_run_20260916_114152_056744.csv,20260916,114152,PARKING_EXIT_DIRECTION,HARD_STOP_RELEASE,7.0,0.312,,149.828,21,,PARKING_EXIT_DIRECTION > PARKING_EXIT_ARC_1 > PARKING_EXIT_ARC_2 > PARKING_EXIT_ARC_3 > PARKING_EXIT_SCAN > PARKING_EXIT_TIMED_CURVE > PARKING_EXIT_RED_REVERSE > PARKING_EXIT_RED_FORWARD > PARKING_EXIT_SHARP_RETURN > FOLLOW_STRAIGHT > ACQUIRE_PILLAR > PASS_GREEN_LEFT > CONFIRM_PASSED > FOLLOW_STRAIGHT > HARD_STOP_RELEASE > REASSESS_FRONT > HARD_STOP_RELEASE > REASSESS_FRONT > HARD_STOP_RELEASE > REASSESS_FRONT > FOLLOW_STRAIGHT > APPROACH_CORNER > TURN_90 > POST_TURN_BACKUP > POST_TURN_SCAN_HOLD > RECENTER > FOLLOW_STRAIGHT > ACQUIRE_PILLAR > PASS_GREEN_LEFT > CONFIRM_PASSED > PASS_GREEN_LEFT > EMERGENCY_ESCAPE > PASS_GREEN_LEFT > CONFIRM_PASSED > FOLLOW_STRAIGHT > ACQUIRE_PILLAR > FOLLOW_STRAIGHT > ACQUIRE_PILLAR > FOLLOW_STRAIGHT > APPROACH_CORNER > TURN_90 > POST_TURN_BACKUP > POST_TURN_SCAN_HOLD > RECENTER > FOLLOW_STRAIGHT > ACQUIRE_PILLAR > PASS_GREEN_LEFT > CONFIRM_PASSED > FOLLOW_STRAIGHT > ACQUIRE_PILLAR > PASS_RED_RIGHT > CONFIRM_PASSED > FOLLOW_STRAIGHT > ACQUIRE_PILLAR > PASS_RED_RIGHT > CONFIRM_PASSED > FOLLOW_STRAIGHT > HARD_STOP_RELEASE > REASSESS_FRONT > FOLLOW_STRAIGHT > ACQUIRE_PILLAR > EMERGENCY_ESCAPE > ACQUIRE_PILLAR > FOLLOW_STRAIGHT > ACQUIRE_PILLAR > PASS_GREEN_LEFT > CONFIRM_PASSED > FOLLOW_STRAIGHT > APPROACH_CORNER > TURN_90 > POST_TURN_BACKUP > POST_TURN_SCAN_HOLD > RECENTER > FOLLOW_STRAIGHT > ACQUIRE_PILLAR > FOLLOW_STRAIGHT > ACQUIRE_PILLAR > PASS_GREEN_LEFT > EMERGENCY_ESCAPE > PASS_GREEN_LEFT > CONFIRM_PASSED > FOLLOW_STRAIGHT > ACQUIRE_PILLAR > FOLLOW_STRAIGHT > ACQUIRE_PILLAR > PASS_RED_RIGHT > CONFIRM_PASSED > FOLLOW_STRAIGHT > ACQUIRE_PILLAR > PASS_GREEN_LEFT > CONFIRM_PASSED > FOLLOW_STRAIGHT > APPROACH_CORNER > TURN_90 > POST_TURN_BACKUP > POST_TURN_SCAN_HOLD > ACQUIRE_PILLAR > PASS_GREEN_LEFT > CONFIRM_PASSED > FOLLOW_STRAIGHT > ACQUIRE_PILLAR > PASS_RED_RIGHT > CONFIRM_PASSED > FOLLOW_STRAIGHT > ACQUIRE_PILLAR > PASS_RED_RIGHT > CONFIRM_PASSED > FOLLOW_STRAIGHT > ACQUIRE_PILLAR > FOLLOW_STRAIGHT > ACQUIRE_PILLAR > FOLLOW_STRAIGHT > ACQUIRE_PILLAR > FOLLOW_STRAIGHT > ACQUIRE_PILLAR > PASS_GREEN_LEFT > CONFIRM_PASSED > FOLLOW_STRAIGHT > APPROACH_CORNER > TURN_90 > POST_TURN_BACKUP > POST_TURN_SCAN_HOLD > ACQUIRE_PILLAR > PASS_GREEN_LEFT > CONFIRM_PASSED > FOLLOW_STRAIGHT > ACQUIRE_PILLAR > PASS_GREEN_LEFT > EMERGENCY_ESCAPE > PASS_GREEN_LEFT > CONFIRM_PASSED > FOLLOW_STRAIGHT > ACQUIRE_PILLAR > PASS_GREEN_LEFT > EMERGENCY_ESCAPE > DEEP_REVERSE_RECOVERY > HARD_STOP_RELEASE > DEEP_REVERSE_RECOVERY > HARD_STOP_RELEASE > DEEP_REVERSE_RECOVERY > PASS_GREEN_LEFT > CONFIRM_PASSED > FOLLOW_STRAIGHT > ACQUIRE_PILLAR > EMERGENCY_ESCAPE > DEEP_REVERSE_RECOVERY > REASSESS_FRONT > FOLLOW_STRAIGHT > ACQUIRE_PILLAR > FOLLOW_STRAIGHT > APPROACH_CORNER > TURN_90 > POST_TURN_BACKUP > POST_TURN_SCAN_HOLD > RECENTER > FOLLOW_STRAIGHT > ACQUIRE_PILLAR > PASS_GREEN_LEFT > CONFIRM_PASSED > FOLLOW_STRAIGHT > HARD_STOP_RELEASE > FOLLOW_STRAIGHT > REASSESS_FRONT > ACQUIRE_PILLAR > PASS_GREEN_LEFT > EMERGENCY_ESCAPE > PASS_GREEN_LEFT > CONFIRM_PASSED > FOLLOW_STRAIGHT > ACQUIRE_PILLAR > FOLLOW_STRAIGHT > ACQUIRE_PILLAR > PASS_RED_RIGHT > CONFIRM_PASSED > FOLLOW_STRAIGHT > ACQUIRE_PILLAR > EMERGENCY_ESCAPE > DEEP_REVERSE_RECOVERY > REASSESS_FRONT > HARD_STOP_RELEASE > FOLLOW_STRAIGHT > REASSESS_FRONT > ACQUIRE_PILLAR > FOLLOW_STRAIGHT > APPROACH_CORNER > TURN_90 > POST_TURN_BACKUP > POST_TURN_SCAN_HOLD > ACQUIRE_PILLAR > PASS_RED_RIGHT > EMERGENCY_ESCAPE > DEEP_REVERSE_RECOVERY > HARD_STOP_RELEASE > DEEP_REVERSE_RECOVERY > HARD_STOP_RELEASE > DEEP_REVERSE_RECOVERY > HARD_STOP_RELEASE > PASS_RED_RIGHT > CONFIRM_PASSED > FOLLOW_STRAIGHT > ACQUIRE_PILLAR > PASS_RED_RIGHT > EMERGENCY_ESCAPE > DEEP_REVERSE_RECOVERY > HARD_STOP_RELEASE > DEEP_REVERSE_RECOVERY > HARD_STOP_RELEASE
round2_run_20260916_114927_829864.csv,20260916,114927,PARKING_EXIT_DIRECTION,PASS_GREEN_LEFT,11.0,0.312,,254.375,34,,PARKING_EXIT_DIRECTION > PARKING_EXIT_ARC_1 > PARKING_EXIT_ARC_2 > PARKING_EXIT_ARC_3 > PARKING_EXIT_SCAN > PARKING_EXIT_TIMED_CURVE > PARKING_EXIT_RED_REVERSE > PARKING_EXIT_RED_FORWARD > PARKING_EXIT_SHARP_RETURN > FOLLOW_STRAIGHT > ACQUIRE_PILLAR > PASS_GREEN_LEFT > CONFIRM_PASSED > FOLLOW_STRAIGHT > APPROACH_CORNER > HARD_STOP_RELEASE > REASSESS_FRONT > APPROACH_CORNER > TURN_90 > POST_TURN_BACKUP > POST_TURN_SCAN_HOLD > RECENTER > FOLLOW_STRAIGHT > ACQUIRE_PILLAR > PASS_GREEN_LEFT > CONFIRM_PASSED > FOLLOW_STRAIGHT > APPROACH_CORNER > TURN_90 > POST_TURN_BACKUP > POST_TURN_SCAN_HOLD > RECENTER > FOLLOW_STRAIGHT > ACQUIRE_PILLAR > PASS_GREEN_LEFT > CONFIRM_PASSED > FOLLOW_STRAIGHT > ACQUIRE_PILLAR > PASS_RED_RIGHT > CONFIRM_PASSED > FOLLOW_STRAIGHT > ACQUIRE_PILLAR > FOLLOW_STRAIGHT > APPROACH_CORNER > TURN_90 > POST_TURN_BACKUP > POST_TURN_SCAN_HOLD > ACQUIRE_PILLAR > PASS_GREEN_LEFT > CONFIRM_PASSED > FOLLOW_STRAIGHT > ACQUIRE_PILLAR > PASS_RED_RIGHT > CONFIRM_PASSED > PASS_RED_RIGHT > CONFIRM_PASSED > FOLLOW_STRAIGHT > ACQUIRE_PILLAR > PASS_RED_RIGHT > CONFIRM_PASSED > FOLLOW_STRAIGHT > ACQUIRE_PILLAR > PASS_RED_RIGHT > CONFIRM_PASSED > FOLLOW_STRAIGHT > ACQUIRE_PILLAR > EMERGENCY_ESCAPE > ACQUIRE_PILLAR > PASS_GREEN_LEFT > CONFIRM_PASSED > FOLLOW_STRAIGHT > APPROACH_CORNER > TURN_90 > POST_TURN_BACKUP > POST_TURN_SCAN_HOLD > ACQUIRE_PILLAR > PASS_GREEN_LEFT > CONFIRM_PASSED > FOLLOW_STRAIGHT > ACQUIRE_PILLAR > PASS_RED_RIGHT > CONFIRM_PASSED > FOLLOW_STRAIGHT > ACQUIRE_PILLAR > PASS_RED_RIGHT > CONFIRM_PASSED > FOLLOW_STRAIGHT > ACQUIRE_PILLAR > PASS_GREEN_LEFT > CONFIRM_PASSED > FOLLOW_STRAIGHT > APPROACH_CORNER > TURN_90 > POST_TURN_BACKUP > POST_TURN_SCAN_HOLD > RECENTER > FOLLOW_STRAIGHT > ACQUIRE_PILLAR > PASS_GREEN_LEFT > CONFIRM_PASSED > FOLLOW_STRAIGHT > APPROACH_CORNER > TURN_90 > POST_TURN_BACKUP > POST_TURN_SCAN_HOLD > RECENTER > FOLLOW_STRAIGHT > ACQUIRE_PILLAR > FOLLOW_STRAIGHT > ACQUIRE_PILLAR > FOLLOW_STRAIGHT > ACQUIRE_PILLAR > FOLLOW_STRAIGHT > ACQUIRE_PILLAR > PASS_GREEN_LEFT > EMERGENCY_ESCAPE > PASS_GREEN_LEFT > CONFIRM_PASSED > FOLLOW_STRAIGHT > ACQUIRE_PILLAR > PASS_GREEN_LEFT > EMERGENCY_ESCAPE > PASS_GREEN_LEFT > CONFIRM_PASSED > FOLLOW_STRAIGHT > ACQUIRE_PILLAR > PASS_RED_RIGHT > CONFIRM_PASSED > FOLLOW_STRAIGHT > ACQUIRE_PILLAR > FOLLOW_STRAIGHT > APPROACH_CORNER > TURN_90 > POST_TURN_BACKUP > POST_TURN_SCAN_HOLD > RECENTER > FOLLOW_STRAIGHT > ACQUIRE_PILLAR > PASS_GREEN_LEFT > CONFIRM_PASSED > FOLLOW_STRAIGHT > ACQUIRE_PILLAR > PASS_RED_RIGHT > CONFIRM_PASSED > FOLLOW_STRAIGHT > ACQUIRE_PILLAR > PASS_RED_RIGHT > CONFIRM_PASSED > FOLLOW_STRAIGHT > ACQUIRE_PILLAR > PASS_GREEN_LEFT > CONFIRM_PASSED > FOLLOW_STRAIGHT > APPROACH_CORNER > TURN_90 > POST_TURN_BACKUP > POST_TURN_SCAN_HOLD > ACQUIRE_PILLAR > PASS_GREEN_LEFT > CONFIRM_PASSED > FOLLOW_STRAIGHT > ACQUIRE_PILLAR > FOLLOW_STRAIGHT > ACQUIRE_PILLAR > PASS_RED_RIGHT > CONFIRM_PASSED > FOLLOW_STRAIGHT > ACQUIRE_PILLAR > PASS_GREEN_LEFT > CONFIRM_PASSED > FOLLOW_STRAIGHT > APPROACH_CORNER > HARD_STOP_RELEASE > REASSESS_FRONT > APPROACH_CORNER > TURN_90 > POST_TURN_BACKUP > POST_TURN_SCAN_HOLD > RECENTER > FOLLOW_STRAIGHT > ACQUIRE_PILLAR > PASS_GREEN_LEFT > CONFIRM_PASSED > FOLLOW_STRAIGHT > APPROACH_CORNER > TURN_90 > POST_TURN_BACKUP > POST_TURN_SCAN_HOLD > RECENTER > FOLLOW_STRAIGHT > ACQUIRE_PILLAR > PASS_GREEN_LEFT > CONFIRM_PASSED > FOLLOW_STRAIGHT > ACQUIRE_PILLAR > PASS_GREEN_LEFT > CONFIRM_PASSED > FOLLOW_STRAIGHT > ACQUIRE_PILLAR > PASS_RED_RIGHT > CONFIRM_PASSED > FOLLOW_STRAIGHT > ACQUIRE_PILLAR > FOLLOW_STRAIGHT > APPROACH_CORNER > TURN_90 > POST_TURN_BACKUP > POST_TURN_SCAN_HOLD > RECENTER > FOLLOW_STRAIGHT > ACQUIRE_PILLAR > PASS_RED_RIGHT > CONFIRM_PASSED > FOLLOW_STRAIGHT > ACQUIRE_PILLAR > EMERGENCY_ESCAPE > DEEP_REVERSE_RECOVERY > REASSESS_FRONT > HARD_STOP_RELEASE > REASSESS_FRONT > HARD_STOP_RELEASE > REASSESS_FRONT > HARD_STOP_RELEASE > REASSESS_FRONT > FOLLOW_STRAIGHT > ACQUIRE_PILLAR > FOLLOW_STRAIGHT > APPROACH_CORNER > FOLLOW_STRAIGHT > ACQUIRE_PILLAR > PASS_RED_RIGHT > CONFIRM_PASSED > FOLLOW_STRAIGHT > HARD_STOP_RELEASE > REASSESS_FRONT > HARD_STOP_RELEASE > FOLLOW_STRAIGHT > REASSESS_FRONT > ACQUIRE_PILLAR > PASS_RED_RIGHT > CONFIRM_PASSED > FOLLOW_STRAIGHT > ACQUIRE_PILLAR > FOLLOW_STRAIGHT > APPROACH_CORNER > FOLLOW_STRAIGHT > ACQUIRE_PILLAR > PASS_RED_RIGHT > CONFIRM_PASSED > FOLLOW_STRAIGHT > ACQUIRE_PILLAR > PASS_RED_RIGHT > CONFIRM_PASSED > FOLLOW_STRAIGHT > ACQUIRE_PILLAR > FOLLOW_STRAIGHT > ACQUIRE_PILLAR > PASS_GREEN_LEFT
round2_run_20260916_121706_780211.csv,20260916,121706,PARKING_EXIT_DIRECTION,PARKING_EXIT_CW_RETURN_1,0.0,0.281,,1089.078,0,,PARKING_EXIT_DIRECTION > PARKING_EXIT_ARC_1 > PARKING_EXIT_ARC_2 > PARKING_EXIT_ARC_3 > PARKING_EXIT_SCAN > PARKING_EXIT_CW_RETURN_1
round2_run_20260916_124949_368563.csv,20260916,124949,PARKING_EXIT_DIRECTION,PARKING_EXIT_ARC_1,0.0,0.422,,3.875,0,,PARKING_EXIT_DIRECTION > PARKING_EXIT_ARC_1
round2_run_20260916_125038_833264.csv,20260916,125038,PARKING_EXIT_DIRECTION,REASSESS_FRONT,2.0,0.39,,40.687,5,,PARKING_EXIT_DIRECTION > PARKING_EXIT_ARC_1 > PARKING_EXIT_ARC_2 > PARKING_EXIT_ARC_3 > PARKING_EXIT_SCAN > PARKING_EXIT_TIMED_CURVE > PARKING_EXIT_RED_REVERSE > PARKING_EXIT_RED_FORWARD > PARKING_EXIT_SHARP_RETURN > FOLLOW_STRAIGHT > ACQUIRE_PILLAR > PASS_GREEN_LEFT > CONFIRM_PASSED > FOLLOW_STRAIGHT > APPROACH_CORNER > TURN_90 > POST_TURN_BACKUP > POST_TURN_SCAN_HOLD > ACQUIRE_PILLAR > PASS_GREEN_LEFT > CONFIRM_PASSED > FOLLOW_STRAIGHT > ACQUIRE_PILLAR > PASS_RED_RIGHT > CONFIRM_PASSED > PASS_RED_RIGHT > CONFIRM_PASSED > FOLLOW_STRAIGHT > APPROACH_CORNER > TURN_90 > POST_TURN_BACKUP > POST_TURN_SCAN_HOLD > RECENTER > FOLLOW_STRAIGHT > ACQUIRE_PILLAR > PASS_RED_RIGHT > CONFIRM_PASSED > FOLLOW_STRAIGHT > HARD_STOP_RELEASE > REASSESS_FRONT
round2_run_20260916_125205_910112.csv,20260916,125205,PARKING_EXIT_DIRECTION,FAULT,0.0,0.359,,27.656,0,unknown Round 2 state STRAIGHT,PARKING_EXIT_DIRECTION > PARKING_EXIT_ARC_1 > PARKING_EXIT_ARC_2 > PARKING_EXIT_ARC_3 > PARKING_EXIT_SCAN > PARKING_EXIT_TIMED_CURVE > PARKING_EXIT_RED_REVERSE > PARKING_EXIT_RED_FORWARD > PARKING_EXIT_SHARP_RETURN > EMERGENCY_ESCAPE > DEEP_REVERSE_RECOVERY > REASSESS_FRONT > HARD_STOP_RELEASE > REASSESS_FRONT > HARD_STOP_RELEASE > REASSESS_FRONT > HARD_STOP_RELEASE > REASSESS_FRONT > HARD_STOP_RELEASE > REASSESS_FRONT > HARD_STOP_RELEASE > STRAIGHT > FAULT
round2_run_20260916_125315_533730.csv,20260916,125315,PARKING_EXIT_DIRECTION,REASSESS_FRONT,6.0,0.312,,142.703,21,,PARKING_EXIT_DIRECTION > PARKING_EXIT_ARC_1 > PARKING_EXIT_ARC_2 > PARKING_EXIT_ARC_3 > PARKING_EXIT_SCAN > PARKING_EXIT_TIMED_CURVE > PARKING_EXIT_RED_REVERSE > PARKING_EXIT_RED_FORWARD > PARKING_EXIT_SHARP_RETURN > FOLLOW_STRAIGHT > ACQUIRE_PILLAR > PASS_GREEN_LEFT > CONFIRM_PASSED > FOLLOW_STRAIGHT > APPROACH_CORNER > TURN_90 > POST_TURN_BACKUP > POST_TURN_SCAN_HOLD > RECENTER > FOLLOW_STRAIGHT > ACQUIRE_PILLAR > PASS_GREEN_LEFT > CONFIRM_PASSED > FOLLOW_STRAIGHT > ACQUIRE_PILLAR > FOLLOW_STRAIGHT > ACQUIRE_PILLAR > FOLLOW_STRAIGHT > APPROACH_CORNER > TURN_90 > POST_TURN_BACKUP > POST_TURN_SCAN_HOLD > RECENTER > FOLLOW_STRAIGHT > ACQUIRE_PILLAR > FOLLOW_STRAIGHT > ACQUIRE_PILLAR > PASS_RED_RIGHT > CONFIRM_PASSED > FOLLOW_STRAIGHT > ACQUIRE_PILLAR > PASS_RED_RIGHT > CONFIRM_PASSED > FOLLOW_STRAIGHT > HARD_STOP_RELEASE > REASSESS_FRONT > EMERGENCY_ESCAPE > FOLLOW_STRAIGHT > ACQUIRE_PILLAR > PASS_RED_RIGHT > CONFIRM_PASSED > FOLLOW_STRAIGHT > ACQUIRE_PILLAR > FOLLOW_STRAIGHT > ACQUIRE_PILLAR > EMERGENCY_ESCAPE > DEEP_REVERSE_RECOVERY > REASSESS_FRONT > EMERGENCY_ESCAPE > DEEP_REVERSE_RECOVERY > REASSESS_FRONT > ACQUIRE_PILLAR > FOLLOW_STRAIGHT > ACQUIRE_PILLAR > PASS_RED_RIGHT > EMERGENCY_ESCAPE > PASS_RED_RIGHT > CONFIRM_PASSED > FOLLOW_STRAIGHT > ACQUIRE_PILLAR > FOLLOW_STRAIGHT > APPROACH_CORNER > TURN_90 > POST_TURN_BACKUP > POST_TURN_SCAN_HOLD > ACQUIRE_PILLAR > FOLLOW_STRAIGHT > ACQUIRE_PILLAR > PASS_RED_RIGHT > CONFIRM_PASSED > FOLLOW_STRAIGHT > HARD_STOP_RELEASE > REASSESS_FRONT > EMERGENCY_ESCAPE > FOLLOW_STRAIGHT > ACQUIRE_PILLAR > PASS_RED_RIGHT > CONFIRM_PASSED > FOLLOW_STRAIGHT > APPROACH_CORNER > TURN_90 > POST_TURN_BACKUP > POST_TURN_SCAN_HOLD > ACQUIRE_PILLAR > FOLLOW_STRAIGHT > ACQUIRE_PILLAR > PASS_RED_RIGHT > CONFIRM_PASSED > FOLLOW_STRAIGHT > ACQUIRE_PILLAR > PASS_RED_RIGHT > CONFIRM_PASSED > FOLLOW_STRAIGHT > HARD_STOP_RELEASE > REASSESS_FRONT > EMERGENCY_ESCAPE > FOLLOW_STRAIGHT > ACQUIRE_PILLAR > FOLLOW_STRAIGHT > ACQUIRE_PILLAR > PASS_GREEN_LEFT > CONFIRM_PASSED > FOLLOW_STRAIGHT > APPROACH_CORNER > TURN_90 > POST_TURN_BACKUP > POST_TURN_SCAN_HOLD > ACQUIRE_PILLAR > PASS_GREEN_LEFT > CONFIRM_PASSED > FOLLOW_STRAIGHT > ACQUIRE_PILLAR > FOLLOW_STRAIGHT > ACQUIRE_PILLAR > PASS_RED_RIGHT > CONFIRM_PASSED > PASS_RED_RIGHT > CONFIRM_PASSED > FOLLOW_STRAIGHT > ACQUIRE_PILLAR > PASS_RED_RIGHT > CONFIRM_PASSED > FOLLOW_STRAIGHT > APPROACH_CORNER > TURN_90 > POST_TURN_BACKUP > POST_TURN_SCAN_HOLD > RECENTER > FOLLOW_STRAIGHT > ACQUIRE_PILLAR > PASS_RED_RIGHT > CONFIRM_PASSED > PASS_RED_RIGHT > CONFIRM_PASSED > FOLLOW_STRAIGHT > HARD_STOP_RELEASE > REASSESS_FRONT > HARD_STOP_RELEASE > FOLLOW_STRAIGHT > REASSESS_FRONT > ACQUIRE_PILLAR > FOLLOW_STRAIGHT > ACQUIRE_PILLAR > FOLLOW_STRAIGHT > ACQUIRE_PILLAR > PASS_RED_RIGHT > EMERGENCY_ESCAPE > PASS_RED_RIGHT > CONFIRM_PASSED > FOLLOW_STRAIGHT > HARD_STOP_RELEASE > REASSESS_FRONT > EMERGENCY_ESCAPE > DEEP_REVERSE_RECOVERY > REASSESS_FRONT > ACQUIRE_PILLAR > PASS_RED_RIGHT > EMERGENCY_ESCAPE > PASS_RED_RIGHT > CONFIRM_PASSED > FOLLOW_STRAIGHT > ACQUIRE_PILLAR > PASS_RED_RIGHT > CONFIRM_PASSED > FOLLOW_STRAIGHT > ACQUIRE_PILLAR > PASS_RED_RIGHT > CONFIRM_PASSED > FOLLOW_STRAIGHT > HARD_STOP_RELEASE > REASSESS_FRONT > EMERGENCY_ESCAPE > DEEP_REVERSE_RECOVERY > REASSESS_FRONT > HARD_STOP_RELEASE > REASSESS_FRONT > HARD_STOP_RELEASE > REASSESS_FRONT > HARD_STOP_RELEASE > REASSESS_FRONT
round2_run_20260916_125902_617620.csv,20260916,125902,PARKING_EXIT_DIRECTION,FOLLOW_STRAIGHT,3.0,0.313,,127.703,15,,PARKING_EXIT_DIRECTION > PARKING_EXIT_ARC_1 > PARKING_EXIT_ARC_2 > PARKING_EXIT_ARC_3 > PARKING_EXIT_SCAN > PARKING_EXIT_TIMED_CURVE > PARKING_EXIT_RED_REVERSE > PARKING_EXIT_RED_FORWARD > PARKING_EXIT_SHARP_RETURN > FOLLOW_STRAIGHT > APPROACH_CORNER > TURN_90 > POST_TURN_BACKUP > POST_TURN_SCAN_HOLD > ACQUIRE_PILLAR > PASS_GREEN_LEFT > CONFIRM_PASSED > PASS_GREEN_LEFT > CONFIRM_PASSED > FOLLOW_STRAIGHT > ACQUIRE_PILLAR > PASS_RED_RIGHT > CONFIRM_PASSED > FOLLOW_STRAIGHT > ACQUIRE_PILLAR > FOLLOW_STRAIGHT > ACQUIRE_PILLAR > PASS_RED_RIGHT > CONFIRM_PASSED > FOLLOW_STRAIGHT > ACQUIRE_PILLAR > PASS_RED_RIGHT > CONFIRM_PASSED > FOLLOW_STRAIGHT > HARD_STOP_RELEASE > REASSESS_FRONT > EMERGENCY_ESCAPE > DEEP_REVERSE_RECOVERY > REASSESS_FRONT > HARD_STOP_RELEASE > REASSESS_FRONT > FOLLOW_STRAIGHT > ACQUIRE_PILLAR > EMERGENCY_ESCAPE > DEEP_REVERSE_RECOVERY > REASSESS_FRONT > HARD_STOP_RELEASE > FOLLOW_STRAIGHT > REASSESS_FRONT > FOLLOW_STRAIGHT > APPROACH_CORNER > HARD_STOP_RELEASE > REASSESS_FRONT > APPROACH_CORNER > TURN_90 > POST_TURN_BACKUP > POST_TURN_SCAN_HOLD > RECENTER > FOLLOW_STRAIGHT > ACQUIRE_PILLAR > PASS_RED_RIGHT > CONFIRM_PASSED > FOLLOW_STRAIGHT > ACQUIRE_PILLAR > PASS_RED_RIGHT > CONFIRM_PASSED > FOLLOW_STRAIGHT > ACQUIRE_PILLAR > FOLLOW_STRAIGHT > ACQUIRE_PILLAR > FOLLOW_STRAIGHT > ACQUIRE_PILLAR > PASS_RED_RIGHT > CONFIRM_PASSED > FOLLOW_STRAIGHT > ACQUIRE_PILLAR > PASS_RED_RIGHT > CONFIRM_PASSED > FOLLOW_STRAIGHT > ACQUIRE_PILLAR > FOLLOW_STRAIGHT > HARD_STOP_RELEASE > REASSESS_FRONT > EMERGENCY_ESCAPE > DEEP_REVERSE_RECOVERY > REASSESS_FRONT > HARD_STOP_RELEASE > REASSESS_FRONT > HARD_STOP_RELEASE > FOLLOW_STRAIGHT > REASSESS_FRONT > FOLLOW_STRAIGHT > HARD_STOP_RELEASE > REASSESS_FRONT > EMERGENCY_ESCAPE > DEEP_REVERSE_RECOVERY > REASSESS_FRONT > HARD_STOP_RELEASE > FOLLOW_STRAIGHT > REASSESS_FRONT > FOLLOW_STRAIGHT > APPROACH_CORNER > TURN_90 > POST_TURN_BACKUP > POST_TURN_SCAN_HOLD > RECENTER > FOLLOW_STRAIGHT > ACQUIRE_PILLAR > PASS_RED_RIGHT > CONFIRM_PASSED > EMERGENCY_ESCAPE > PASS_RED_RIGHT > CONFIRM_PASSED > FOLLOW_STRAIGHT > ACQUIRE_PILLAR > PASS_RED_RIGHT > CONFIRM_PASSED > FOLLOW_STRAIGHT > ACQUIRE_PILLAR > FOLLOW_STRAIGHT > ACQUIRE_PILLAR > PASS_RED_RIGHT > EMERGENCY_ESCAPE > DEEP_REVERSE_RECOVERY > HARD_STOP_RELEASE > DEEP_REVERSE_RECOVERY > HARD_STOP_RELEASE > DEEP_REVERSE_RECOVERY > PASS_RED_RIGHT > CONFIRM_PASSED > FOLLOW_STRAIGHT > HARD_STOP_RELEASE > REASSESS_FRONT > EMERGENCY_ESCAPE > DEEP_REVERSE_RECOVERY > REASSESS_FRONT > HARD_STOP_RELEASE > REASSESS_FRONT > HARD_STOP_RELEASE > REASSESS_FRONT > HARD_STOP_RELEASE > FOLLOW_STRAIGHT > REASSESS_FRONT > ACQUIRE_PILLAR > PASS_RED_RIGHT > CONFIRM_PASSED > FOLLOW_STRAIGHT > ACQUIRE_PILLAR > PASS_RED_RIGHT > CONFIRM_PASSED > FOLLOW_STRAIGHT > HARD_STOP_RELEASE > REASSESS_FRONT > EMERGENCY_ESCAPE > DEEP_REVERSE_RECOVERY > REASSESS_FRONT > HARD_STOP_RELEASE > FOLLOW_STRAIGHT > REASSESS_FRONT > FOLLOW_STRAIGHT > HARD_STOP_RELEASE > REASSESS_FRONT > EMERGENCY_ESCAPE > DEEP_REVERSE_RECOVERY > REASSESS_FRONT > HARD_STOP_RELEASE > REASSESS_FRONT > FOLLOW_STRAIGHT > HARD_STOP_RELEASE > REASSESS_FRONT > EMERGENCY_ESCAPE > DEEP_REVERSE_RECOVERY > REASSESS_FRONT > HARD_STOP_RELEASE > REASSESS_FRONT > FOLLOW_STRAIGHT
round2_run_20260916_131426_677051.csv,20260916,131426,PARKING_EXIT_DIRECTION,TURN_90,10.0,0.312,,205.859,17,,PARKING_EXIT_DIRECTION > PARKING_EXIT_ARC_1 > PARKING_EXIT_ARC_2 > PARKING_EXIT_ARC_3 > PARKING_EXIT_SCAN > PARKING_EXIT_TIMED_CURVE > PARKING_EXIT_RED_REVERSE > PARKING_EXIT_RED_FORWARD > PARKING_EXIT_SHARP_RETURN > FOLLOW_STRAIGHT > ACQUIRE_PILLAR > PASS_GREEN_LEFT > CONFIRM_PASSED > FOLLOW_STRAIGHT > APPROACH_CORNER > TURN_90 > POST_TURN_BACKUP > POST_TURN_SCAN_HOLD > ACQUIRE_PILLAR > PASS_GREEN_LEFT > CONFIRM_PASSED > FOLLOW_STRAIGHT > ACQUIRE_PILLAR > FOLLOW_STRAIGHT > ACQUIRE_PILLAR > FOLLOW_STRAIGHT > APPROACH_CORNER > TURN_90 > POST_TURN_BACKUP > POST_TURN_SCAN_HOLD > RECENTER > FOLLOW_STRAIGHT > ACQUIRE_PILLAR > FOLLOW_STRAIGHT > ACQUIRE_PILLAR > PASS_RED_RIGHT > CONFIRM_PASSED > FOLLOW_STRAIGHT > HARD_STOP_RELEASE > REASSESS_FRONT > HARD_STOP_RELEASE > FOLLOW_STRAIGHT > REASSESS_FRONT > FOLLOW_STRAIGHT > HARD_STOP_RELEASE > FOLLOW_STRAIGHT > REASSESS_FRONT > FOLLOW_STRAIGHT > APPROACH_CORNER > FOLLOW_STRAIGHT > ACQUIRE_PILLAR > PASS_RED_RIGHT > CONFIRM_PASSED > FOLLOW_STRAIGHT > APPROACH_CORNER > HARD_STOP_RELEASE > APPROACH_CORNER > REASSESS_FRONT > FOLLOW_STRAIGHT > APPROACH_CORNER > HARD_STOP_RELEASE > APPROACH_CORNER > REASSESS_FRONT > APPROACH_CORNER > HARD_STOP_RELEASE > APPROACH_CORNER > REASSESS_FRONT > APPROACH_CORNER > TURN_90 > POST_TURN_BACKUP > POST_TURN_SCAN_HOLD > RECENTER > FOLLOW_STRAIGHT > ACQUIRE_PILLAR > PASS_RED_RIGHT > CONFIRM_PASSED > FOLLOW_STRAIGHT > HARD_STOP_RELEASE > REASSESS_FRONT > EMERGENCY_ESCAPE > FOLLOW_STRAIGHT > APPROACH_CORNER > TURN_90 > POST_TURN_BACKUP > POST_TURN_SCAN_HOLD > RECENTER > FOLLOW_STRAIGHT > ACQUIRE_PILLAR > PASS_RED_RIGHT > CONFIRM_PASSED > FOLLOW_STRAIGHT > HARD_STOP_RELEASE > REASSESS_FRONT > HARD_STOP_RELEASE > REASSESS_FRONT > FOLLOW_STRAIGHT > ACQUIRE_PILLAR > PASS_RED_RIGHT > CONFIRM_PASSED > FOLLOW_STRAIGHT > APPROACH_CORNER > TURN_90 > POST_TURN_BACKUP > POST_TURN_SCAN_HOLD > RECENTER > FOLLOW_STRAIGHT > ACQUIRE_PILLAR > PASS_GREEN_LEFT > CONFIRM_PASSED > FOLLOW_STRAIGHT > ACQUIRE_PILLAR > FOLLOW_STRAIGHT > ACQUIRE_PILLAR > FOLLOW_STRAIGHT > APPROACH_CORNER > TURN_90 > POST_TURN_BACKUP > POST_TURN_SCAN_HOLD > RECENTER > FOLLOW_STRAIGHT > ACQUIRE_PILLAR > FOLLOW_STRAIGHT > ACQUIRE_PILLAR > PASS_RED_RIGHT > CONFIRM_PASSED > PASS_RED_RIGHT > CONFIRM_PASSED > FOLLOW_STRAIGHT > APPROACH_CORNER > FOLLOW_STRAIGHT > ACQUIRE_PILLAR > PASS_RED_RIGHT > CONFIRM_PASSED > FOLLOW_STRAIGHT > APPROACH_CORNER > TURN_90 > POST_TURN_BACKUP > POST_TURN_SCAN_HOLD > RECENTER > FOLLOW_STRAIGHT > ACQUIRE_PILLAR > PASS_RED_RIGHT > CONFIRM_PASSED > FOLLOW_STRAIGHT > APPROACH_CORNER > TURN_90 > POST_TURN_BACKUP > POST_TURN_SCAN_HOLD > RECENTER > FOLLOW_STRAIGHT > ACQUIRE_PILLAR > PASS_RED_RIGHT > CONFIRM_PASSED > FOLLOW_STRAIGHT > HARD_STOP_RELEASE > REASSESS_FRONT > EMERGENCY_ESCAPE > FOLLOW_STRAIGHT > APPROACH_CORNER > TURN_90 > POST_TURN_BACKUP > POST_TURN_SCAN_HOLD > ACQUIRE_PILLAR > PASS_GREEN_LEFT > CONFIRM_PASSED > FOLLOW_STRAIGHT > ACQUIRE_PILLAR > FOLLOW_STRAIGHT > APPROACH_CORNER > TURN_90 > POST_TURN_BACKUP > POST_TURN_SCAN_HOLD > RECENTER > FOLLOW_STRAIGHT > ACQUIRE_PILLAR > PASS_RED_RIGHT > CONFIRM_PASSED > FOLLOW_STRAIGHT > ACQUIRE_PILLAR > PASS_RED_RIGHT > CONFIRM_PASSED > PASS_RED_RIGHT > CONFIRM_PASSED > FOLLOW_STRAIGHT > APPROACH_CORNER > TURN_90
round2_run_20260916_132619_973141.csv,20260916,132619,PARKING_EXIT_DIRECTION,REASSESS_FRONT,3.0,0.313,,63.75,8,,PARKING_EXIT_DIRECTION > PARKING_EXIT_ARC_1 > PARKING_EXIT_ARC_2 > PARKING_EXIT_ARC_3 > PARKING_EXIT_SCAN > PARKING_EXIT_TIMED_CURVE > PARKING_EXIT_RED_REVERSE > PARKING_EXIT_RED_FORWARD > PARKING_EXIT_SHARP_RETURN > FOLLOW_STRAIGHT > ACQUIRE_PILLAR > PASS_GREEN_LEFT > CONFIRM_PASSED > FOLLOW_STRAIGHT > APPROACH_CORNER > TURN_90 > POST_TURN_BACKUP > POST_TURN_SCAN_HOLD > ACQUIRE_PILLAR > PASS_GREEN_LEFT > CONFIRM_PASSED > FOLLOW_STRAIGHT > ACQUIRE_PILLAR > PASS_RED_RIGHT > CONFIRM_PASSED > FOLLOW_STRAIGHT > ACQUIRE_PILLAR > PASS_RED_RIGHT > EMERGENCY_ESCAPE > PASS_RED_RIGHT > CONFIRM_PASSED > FOLLOW_STRAIGHT > APPROACH_CORNER > TURN_90 > POST_TURN_BACKUP > POST_TURN_SCAN_HOLD > RECENTER > FOLLOW_STRAIGHT > ACQUIRE_PILLAR > PASS_RED_RIGHT > CONFIRM_PASSED > PASS_RED_RIGHT > CONFIRM_PASSED > EMERGENCY_ESCAPE > PASS_RED_RIGHT > CONFIRM_PASSED > FOLLOW_STRAIGHT > APPROACH_CORNER > TURN_90 > POST_TURN_BACKUP > POST_TURN_SCAN_HOLD > ACQUIRE_PILLAR > PASS_RED_RIGHT > CONFIRM_PASSED > FOLLOW_STRAIGHT > HARD_STOP_RELEASE > REASSESS_FRONT > EMERGENCY_ESCAPE > DEEP_REVERSE_RECOVERY > REASSESS_FRONT > HARD_STOP_RELEASE > REASSESS_FRONT > HARD_STOP_RELEASE > FOLLOW_STRAIGHT > REASSESS_FRONT > FOLLOW_STRAIGHT > HARD_STOP_RELEASE > REASSESS_FRONT > EMERGENCY_ESCAPE > DEEP_REVERSE_RECOVERY > REASSESS_FRONT
round2_run_20260916_142330_946508.csv,20260916,142330,PARKING_EXIT_DIRECTION,PARKING_EXIT_ARC_1,0.0,0.313,,8.438,0,,PARKING_EXIT_DIRECTION > PARKING_EXIT_ARC_1
round2_run_20260916_142437_986233.csv,20260916,142437,PARKING_EXIT_DIRECTION,ACQUIRE_PILLAR,1.0,0.281,,21.875,1,,PARKING_EXIT_DIRECTION > PARKING_EXIT_ARC_1 > PARKING_EXIT_ARC_2 > PARKING_EXIT_ARC_3 > PARKING_EXIT_SCAN > PARKING_EXIT_TIMED_CURVE > PARKING_EXIT_RED_REVERSE > PARKING_EXIT_RED_FORWARD > PARKING_EXIT_SHARP_RETURN > FOLLOW_STRAIGHT > APPROACH_CORNER > TURN_90 > POST_TURN_BACKUP > POST_TURN_SCAN_HOLD > ACQUIRE_PILLAR > PASS_RED_RIGHT > EMERGENCY_ESCAPE > PASS_RED_RIGHT > CONFIRM_PASSED > FOLLOW_STRAIGHT > ACQUIRE_PILLAR > FOLLOW_STRAIGHT > ACQUIRE_PILLAR
round2_run_20260916_142907_013934.csv,20260916,142907,PARKING_EXIT_DIRECTION,TURN_90,8.0,0.282,,173.36,24,,PARKING_EXIT_DIRECTION > PARKING_EXIT_ARC_1 > PARKING_EXIT_ARC_2 > PARKING_EXIT_ARC_3 > PARKING_EXIT_SCAN > PARKING_EXIT_TIMED_CURVE > PARKING_EXIT_RED_REVERSE > PARKING_EXIT_RED_FORWARD > PARKING_EXIT_SHARP_RETURN > FOLLOW_STRAIGHT > ACQUIRE_PILLAR > PASS_GREEN_LEFT > CONFIRM_PASSED > FOLLOW_STRAIGHT > APPROACH_CORNER > TURN_90 > POST_TURN_BACKUP > POST_TURN_SCAN_HOLD > RECENTER > FOLLOW_STRAIGHT > ACQUIRE_PILLAR > PASS_GREEN_LEFT > CONFIRM_PASSED > PASS_GREEN_LEFT > CONFIRM_PASSED > FOLLOW_STRAIGHT > ACQUIRE_PILLAR > FOLLOW_STRAIGHT > ACQUIRE_PILLAR > PASS_RED_RIGHT > CONFIRM_PASSED > FOLLOW_STRAIGHT > HARD_STOP_RELEASE > REASSESS_FRONT > HARD_STOP_RELEASE > FOLLOW_STRAIGHT > REASSESS_FRONT > ACQUIRE_PILLAR > PASS_RED_RIGHT > CONFIRM_PASSED > FOLLOW_STRAIGHT > APPROACH_CORNER > TURN_90 > POST_TURN_BACKUP > POST_TURN_SCAN_HOLD > ACQUIRE_PILLAR > PASS_RED_RIGHT > EMERGENCY_ESCAPE > DEEP_REVERSE_RECOVERY > HARD_STOP_RELEASE > DEEP_REVERSE_RECOVERY > HARD_STOP_RELEASE > DEEP_REVERSE_RECOVERY > PASS_RED_RIGHT > CONFIRM_PASSED > FOLLOW_STRAIGHT > ACQUIRE_PILLAR > PASS_RED_RIGHT > CONFIRM_PASSED > FOLLOW_STRAIGHT > HARD_STOP_RELEASE > REASSESS_FRONT > HARD_STOP_RELEASE > FOLLOW_STRAIGHT > REASSESS_FRONT > ACQUIRE_PILLAR > FOLLOW_STRAIGHT > ACQUIRE_PILLAR > FOLLOW_STRAIGHT > HARD_STOP_RELEASE > REASSESS_FRONT > ACQUIRE_PILLAR > FOLLOW_STRAIGHT > ACQUIRE_PILLAR > PASS_RED_RIGHT > CONFIRM_PASSED > FOLLOW_STRAIGHT > ACQUIRE_PILLAR > FOLLOW_STRAIGHT > ACQUIRE_PILLAR > FOLLOW_STRAIGHT > APPROACH_CORNER > TURN_90 > POST_TURN_BACKUP > POST_TURN_SCAN_HOLD > ACQUIRE_PILLAR > PASS_RED_RIGHT > CONFIRM_PASSED > FOLLOW_STRAIGHT > HARD_STOP_RELEASE > REASSESS_FRONT > HARD_STOP_RELEASE > FOLLOW_STRAIGHT > REASSESS_FRONT > FOLLOW_STRAIGHT > HARD_STOP_RELEASE > REASSESS_FRONT > FOLLOW_STRAIGHT > ACQUIRE_PILLAR > FOLLOW_STRAIGHT > ACQUIRE_PILLAR > PASS_RED_RIGHT > CONFIRM_PASSED > FOLLOW_STRAIGHT > APPROACH_CORNER > TURN_90 > POST_TURN_BACKUP > POST_TURN_SCAN_HOLD > RECENTER > FOLLOW_STRAIGHT > APPROACH_CORNER > HARD_STOP_RELEASE > FOLLOW_STRAIGHT > REASSESS_FRONT > HARD_STOP_RELEASE > REASSESS_FRONT > HARD_STOP_RELEASE > FOLLOW_STRAIGHT > REASSESS_FRONT > ACQUIRE_PILLAR > PASS_RED_RIGHT > CONFIRM_PASSED > FOLLOW_STRAIGHT > APPROACH_CORNER > TURN_90 > POST_TURN_BACKUP > POST_TURN_SCAN_HOLD > ACQUIRE_PILLAR > PASS_GREEN_LEFT > CONFIRM_PASSED > PASS_GREEN_LEFT > CONFIRM_PASSED > FOLLOW_STRAIGHT > ACQUIRE_PILLAR > PASS_RED_RIGHT > CONFIRM_PASSED > FOLLOW_STRAIGHT > ACQUIRE_PILLAR > PASS_RED_RIGHT > CONFIRM_PASSED > FOLLOW_STRAIGHT > ACQUIRE_PILLAR > PASS_RED_RIGHT > EMERGENCY_ESCAPE > DEEP_REVERSE_RECOVERY > HARD_STOP_RELEASE > DEEP_REVERSE_RECOVERY > HARD_STOP_RELEASE > DEEP_REVERSE_RECOVERY > HARD_STOP_RELEASE > PASS_RED_RIGHT > CONFIRM_PASSED > FOLLOW_STRAIGHT > ACQUIRE_PILLAR > PASS_RED_RIGHT > CONFIRM_PASSED > FOLLOW_STRAIGHT > APPROACH_CORNER > HARD_STOP_RELEASE > REASSESS_FRONT > APPROACH_CORNER > HARD_STOP_RELEASE > REASSESS_FRONT > APPROACH_CORNER > TURN_90 > POST_TURN_BACKUP > POST_TURN_SCAN_HOLD > ACQUIRE_PILLAR > PASS_RED_RIGHT > CONFIRM_PASSED > FOLLOW_STRAIGHT > ACQUIRE_PILLAR > PASS_RED_RIGHT > CONFIRM_PASSED > FOLLOW_STRAIGHT > ACQUIRE_PILLAR > PASS_RED_RIGHT > CONFIRM_PASSED > FOLLOW_STRAIGHT > ACQUIRE_PILLAR > FOLLOW_STRAIGHT > ACQUIRE_PILLAR > FOLLOW_STRAIGHT > APPROACH_CORNER > TURN_90 > POST_TURN_BACKUP > POST_TURN_SCAN_HOLD > ACQUIRE_PILLAR > PASS_RED_RIGHT > CONFIRM_PASSED > FOLLOW_STRAIGHT > ACQUIRE_PILLAR > PASS_RED_RIGHT > CONFIRM_PASSED > FOLLOW_STRAIGHT > HARD_STOP_RELEASE > REASSESS_FRONT > EMERGENCY_ESCAPE > FOLLOW_STRAIGHT > ACQUIRE_PILLAR > PASS_RED_RIGHT > CONFIRM_PASSED > FOLLOW_STRAIGHT > APPROACH_CORNER > TURN_90 > POST_TURN_BACKUP > POST_TURN_SCAN_HOLD > RECENTER > FOLLOW_STRAIGHT > ACQUIRE_PILLAR > PASS_RED_RIGHT > CONFIRM_PASSED > FOLLOW_STRAIGHT > ACQUIRE_PILLAR > FOLLOW_STRAIGHT > APPROACH_CORNER > TURN_90
round2_run_20260916_144518_167409.csv,20260916,144518,PARKING_EXIT_DIRECTION,CONFIRM_PASSED,4.0,0.328,,66.281,10,,PARKING_EXIT_DIRECTION > PARKING_EXIT_ARC_1 > PARKING_EXIT_ARC_2 > PARKING_EXIT_ARC_3 > PARKING_EXIT_SCAN > PARKING_EXIT_TIMED_CURVE > PARKING_EXIT_RED_REVERSE > PARKING_EXIT_RED_FORWARD > PARKING_EXIT_SHARP_RETURN > FOLLOW_STRAIGHT > ACQUIRE_PILLAR > PASS_GREEN_LEFT > CONFIRM_PASSED > FOLLOW_STRAIGHT > APPROACH_CORNER > TURN_90 > POST_TURN_BACKUP > POST_TURN_SCAN_HOLD > RECENTER > FOLLOW_STRAIGHT > ACQUIRE_PILLAR > FOLLOW_STRAIGHT > ACQUIRE_PILLAR > PASS_GREEN_LEFT > EMERGENCY_ESCAPE > PASS_GREEN_LEFT > CONFIRM_PASSED > FOLLOW_STRAIGHT > ACQUIRE_PILLAR > PASS_GREEN_LEFT > CONFIRM_PASSED > FOLLOW_STRAIGHT > ACQUIRE_PILLAR > PASS_RED_RIGHT > CONFIRM_PASSED > FOLLOW_STRAIGHT > ACQUIRE_PILLAR > FOLLOW_STRAIGHT > ACQUIRE_PILLAR > PASS_RED_RIGHT > EMERGENCY_ESCAPE > PASS_RED_RIGHT > CONFIRM_PASSED > FOLLOW_STRAIGHT > ACQUIRE_PILLAR > PASS_RED_RIGHT > CONFIRM_PASSED > FOLLOW_STRAIGHT > ACQUIRE_PILLAR > FOLLOW_STRAIGHT > APPROACH_CORNER > TURN_90 > POST_TURN_BACKUP > POST_TURN_SCAN_HOLD > RECENTER > FOLLOW_STRAIGHT > ACQUIRE_PILLAR > PASS_RED_RIGHT > CONFIRM_PASSED > FOLLOW_STRAIGHT > ACQUIRE_PILLAR > FOLLOW_STRAIGHT > APPROACH_CORNER > TURN_90 > POST_TURN_BACKUP > POST_TURN_SCAN_HOLD > ACQUIRE_PILLAR > PASS_RED_RIGHT > EMERGENCY_ESCAPE > DEEP_REVERSE_RECOVERY > HARD_STOP_RELEASE > DEEP_REVERSE_RECOVERY > PASS_RED_RIGHT > CONFIRM_PASSED > FOLLOW_STRAIGHT > APPROACH_CORNER > TURN_90 > POST_TURN_BACKUP > POST_TURN_SCAN_HOLD > ACQUIRE_PILLAR > PASS_RED_RIGHT > CONFIRM_PASSED > PASS_RED_RIGHT > CONFIRM_PASSED
round2_run_20260916_145154_421538.csv,20260916,145154,PARKING_EXIT_DIRECTION,FAULT,0.0,0.312,,371.562,0,red approach exceeded 4s without reaching distance trigger,PARKING_EXIT_DIRECTION > PARKING_EXIT_ARC_1 > PARKING_EXIT_ARC_2 > PARKING_EXIT_ARC_3 > PARKING_EXIT_SCAN > PARKING_EXIT_TIMED_CURVE > FAULT
round2_run_20260916_145943_883065.csv,20260916,145943,PARKING_EXIT_DIRECTION,HARD_STOP_RELEASE,3.0,0.297,,56.234,9,,PARKING_EXIT_DIRECTION > PARKING_EXIT_ARC_1 > PARKING_EXIT_ARC_2 > PARKING_EXIT_ARC_3 > PARKING_EXIT_SCAN > PARKING_EXIT_TIMED_CURVE > PARKING_EXIT_RED_REVERSE > PARKING_EXIT_RED_FORWARD > PARKING_EXIT_SHARP_RETURN > FOLLOW_STRAIGHT > ACQUIRE_PILLAR > PASS_GREEN_LEFT > CONFIRM_PASSED > FOLLOW_STRAIGHT > APPROACH_CORNER > TURN_90 > POST_TURN_BACKUP > POST_TURN_SCAN_HOLD > RECENTER > FOLLOW_STRAIGHT > ACQUIRE_PILLAR > FOLLOW_STRAIGHT > ACQUIRE_PILLAR > PASS_GREEN_LEFT > EMERGENCY_ESCAPE > PASS_GREEN_LEFT > CONFIRM_PASSED > FOLLOW_STRAIGHT > ACQUIRE_PILLAR > PASS_GREEN_LEFT > CONFIRM_PASSED > FOLLOW_STRAIGHT > ACQUIRE_PILLAR > PASS_RED_RIGHT > CONFIRM_PASSED > FOLLOW_STRAIGHT > ACQUIRE_PILLAR > FOLLOW_STRAIGHT > APPROACH_CORNER > TURN_90 > POST_TURN_BACKUP > POST_TURN_SCAN_HOLD > ACQUIRE_PILLAR > PASS_RED_RIGHT > CONFIRM_PASSED > PASS_RED_RIGHT > CONFIRM_PASSED > FOLLOW_STRAIGHT > ACQUIRE_PILLAR > PASS_RED_RIGHT > CONFIRM_PASSED > FOLLOW_STRAIGHT > ACQUIRE_PILLAR > FOLLOW_STRAIGHT > APPROACH_CORNER > TURN_90 > POST_TURN_BACKUP > POST_TURN_SCAN_HOLD > ACQUIRE_PILLAR > PASS_RED_RIGHT > EMERGENCY_ESCAPE > PASS_RED_RIGHT > CONFIRM_PASSED > FOLLOW_STRAIGHT > ACQUIRE_PILLAR > PASS_RED_RIGHT > CONFIRM_PASSED > FOLLOW_STRAIGHT > ACQUIRE_PILLAR > FOLLOW_STRAIGHT > HARD_STOP_RELEASE
round2_run_20260916_150918_618082.csv,20260916,150918,PARKING_EXIT_DIRECTION,REASSESS_FRONT,2.0,1.797,,62.766,7,,PARKING_EXIT_DIRECTION > PARKING_EXIT_ARC_1 > PARKING_EXIT_ARC_2 > PARKING_EXIT_ARC_3 > PARKING_EXIT_SCAN > PARKING_EXIT_TIMED_CURVE > PARKING_EXIT_RED_REVERSE > PARKING_EXIT_RED_FORWARD > PARKING_EXIT_SHARP_RETURN > FOLLOW_STRAIGHT > ACQUIRE_PILLAR > PASS_GREEN_LEFT > CONFIRM_PASSED > FOLLOW_STRAIGHT > ACQUIRE_PILLAR > FOLLOW_STRAIGHT > APPROACH_CORNER > TURN_90 > POST_TURN_BACKUP > POST_TURN_SCAN_HOLD > RECENTER > FOLLOW_STRAIGHT > ACQUIRE_PILLAR > PASS_GREEN_LEFT > CONFIRM_PASSED > FOLLOW_STRAIGHT > ACQUIRE_PILLAR > FOLLOW_STRAIGHT > ACQUIRE_PILLAR > FOLLOW_STRAIGHT > ACQUIRE_PILLAR > PASS_RED_RIGHT > CONFIRM_PASSED > FOLLOW_STRAIGHT > ACQUIRE_PILLAR > EMERGENCY_ESCAPE > ACQUIRE_PILLAR > PASS_RED_RIGHT > CONFIRM_PASSED > FOLLOW_STRAIGHT > ACQUIRE_PILLAR > FOLLOW_STRAIGHT > APPROACH_CORNER > TURN_90 > POST_TURN_BACKUP > POST_TURN_SCAN_HOLD > RECENTER > FOLLOW_STRAIGHT > ACQUIRE_PILLAR > PASS_RED_RIGHT > CONFIRM_PASSED > PASS_RED_RIGHT > CONFIRM_PASSED > FOLLOW_STRAIGHT > APPROACH_CORNER > HARD_STOP_RELEASE > REASSESS_FRONT > HARD_STOP_RELEASE > APPROACH_CORNER > REASSESS_FRONT > ACQUIRE_PILLAR > PASS_GREEN_LEFT > CONFIRM_PASSED > FOLLOW_STRAIGHT > ACQUIRE_PILLAR > EMERGENCY_ESCAPE > ACQUIRE_PILLAR > FOLLOW_STRAIGHT > HARD_STOP_RELEASE > REASSESS_FRONT > EMERGENCY_ESCAPE > FOLLOW_STRAIGHT > HARD_STOP_RELEASE > REASSESS_FRONT > FOLLOW_STRAIGHT > HARD_STOP_RELEASE > REASSESS_FRONT > EMERGENCY_ESCAPE > DEEP_REVERSE_RECOVERY > REASSESS_FRONT > FOLLOW_STRAIGHT > HARD_STOP_RELEASE > REASSESS_FRONT > FOLLOW_STRAIGHT > HARD_STOP_RELEASE > REASSESS_FRONT
round2_run_20260916_151735_945903.csv,20260916,151735,PARKING_EXIT_DIRECTION,REASSESS_FRONT,0.0,0.297,,36.594,1,,PARKING_EXIT_DIRECTION > PARKING_EXIT_ARC_1 > PARKING_EXIT_ARC_2 > PARKING_EXIT_ARC_3 > PARKING_EXIT_SCAN > PARKING_EXIT_TIMED_CURVE > PARKING_EXIT_RED_REVERSE > PARKING_EXIT_RED_FORWARD > PARKING_EXIT_SHARP_RETURN > FOLLOW_STRAIGHT > ACQUIRE_PILLAR > PASS_GREEN_LEFT > CONFIRM_PASSED > FOLLOW_STRAIGHT > APPROACH_CORNER > HARD_STOP_RELEASE > REASSESS_FRONT > HARD_STOP_RELEASE > APPROACH_CORNER > REASSESS_FRONT > FOLLOW_STRAIGHT > HARD_STOP_RELEASE > REASSESS_FRONT > EMERGENCY_ESCAPE > DEEP_REVERSE_RECOVERY > REASSESS_FRONT > HARD_STOP_RELEASE > FOLLOW_STRAIGHT > REASSESS_FRONT > FOLLOW_STRAIGHT > ACQUIRE_PILLAR > EMERGENCY_ESCAPE > DEEP_REVERSE_RECOVERY > REASSESS_FRONT > HARD_STOP_RELEASE > FOLLOW_STRAIGHT > REASSESS_FRONT > FOLLOW_STRAIGHT > HARD_STOP_RELEASE > REASSESS_FRONT > HARD_STOP_RELEASE > REASSESS_FRONT
round2_run_20260916_151847_659343.csv,20260916,151847,PARKING_EXIT_DIRECTION,REASSESS_FRONT,0.0,0.312,,51.75,2,,PARKING_EXIT_DIRECTION > PARKING_EXIT_ARC_1 > PARKING_EXIT_ARC_2 > PARKING_EXIT_ARC_3 > PARKING_EXIT_SCAN > PARKING_EXIT_TIMED_CURVE > PARKING_EXIT_RED_REVERSE > PARKING_EXIT_RED_FORWARD > PARKING_EXIT_SHARP_RETURN > EMERGENCY_ESCAPE > DEEP_REVERSE_RECOVERY > REASSESS_FRONT > HARD_STOP_RELEASE > REASSESS_FRONT > HARD_STOP_RELEASE > REASSESS_FRONT > FOLLOW_STRAIGHT > ACQUIRE_PILLAR > PASS_GREEN_LEFT > CONFIRM_PASSED > FOLLOW_STRAIGHT > APPROACH_CORNER > HARD_STOP_RELEASE > REASSESS_FRONT > APPROACH_CORNER > HARD_STOP_RELEASE > REASSESS_FRONT > APPROACH_CORNER > HARD_STOP_RELEASE > REASSESS_FRONT > APPROACH_CORNER > DEEP_REVERSE_RECOVERY > REASSESS_FRONT > HARD_STOP_RELEASE > REASSESS_FRONT > HARD_STOP_RELEASE > REASSESS_FRONT > FOLLOW_STRAIGHT > HARD_STOP_RELEASE > REASSESS_FRONT > EMERGENCY_ESCAPE > DEEP_REVERSE_RECOVERY > REASSESS_FRONT > ACQUIRE_PILLAR > PASS_GREEN_LEFT > CONFIRM_PASSED > FOLLOW_STRAIGHT > HARD_STOP_RELEASE > REASSESS_FRONT > HARD_STOP_RELEASE > REASSESS_FRONT > FOLLOW_STRAIGHT > ACQUIRE_PILLAR > EMERGENCY_ESCAPE > DEEP_REVERSE_RECOVERY > REASSESS_FRONT > HARD_STOP_RELEASE > REASSESS_FRONT > FOLLOW_STRAIGHT > HARD_STOP_RELEASE > REASSESS_FRONT > HARD_STOP_RELEASE > REASSESS_FRONT
round2_run_20260916_152232_523515.csv,20260916,152232,PARKING_EXIT_DIRECTION,REASSESS_FRONT,3.0,0.297,,98.36,11,,PARKING_EXIT_DIRECTION > PARKING_EXIT_ARC_1 > PARKING_EXIT_ARC_2 > PARKING_EXIT_ARC_3 > PARKING_EXIT_SCAN > PARKING_EXIT_TIMED_CURVE > PARKING_EXIT_RED_REVERSE > PARKING_EXIT_RED_FORWARD > PARKING_EXIT_SHARP_RETURN > FOLLOW_STRAIGHT > APPROACH_CORNER > TURN_90 > POST_TURN_BACKUP > POST_TURN_SCAN_HOLD > RECENTER > FOLLOW_STRAIGHT > ACQUIRE_PILLAR > PASS_GREEN_LEFT > CONFIRM_PASSED > FOLLOW_STRAIGHT > ACQUIRE_PILLAR > FOLLOW_STRAIGHT > ACQUIRE_PILLAR > PASS_RED_RIGHT > CONFIRM_PASSED > FOLLOW_STRAIGHT > ACQUIRE_PILLAR > PASS_RED_RIGHT > CONFIRM_PASSED > FOLLOW_STRAIGHT > HARD_STOP_RELEASE > REASSESS_FRONT > EMERGENCY_ESCAPE > FOLLOW_STRAIGHT > ACQUIRE_PILLAR > PASS_RED_RIGHT > EMERGENCY_ESCAPE > PASS_RED_RIGHT > CONFIRM_PASSED > FOLLOW_STRAIGHT > ACQUIRE_PILLAR > FOLLOW_STRAIGHT > APPROACH_CORNER > TURN_90 > POST_TURN_BACKUP > POST_TURN_SCAN_HOLD > ACQUIRE_PILLAR > PASS_RED_RIGHT > EMERGENCY_ESCAPE > PASS_RED_RIGHT > CONFIRM_PASSED > FOLLOW_STRAIGHT > ACQUIRE_PILLAR > PASS_RED_RIGHT > CONFIRM_PASSED > FOLLOW_STRAIGHT > HARD_STOP_RELEASE > REASSESS_FRONT > HARD_STOP_RELEASE > REASSESS_FRONT > ACQUIRE_PILLAR > PASS_GREEN_LEFT > CONFIRM_PASSED > FOLLOW_STRAIGHT > ACQUIRE_PILLAR > PASS_RED_RIGHT > CONFIRM_PASSED > FOLLOW_STRAIGHT > ACQUIRE_PILLAR > PASS_RED_RIGHT > EMERGENCY_ESCAPE > PASS_RED_RIGHT > CONFIRM_PASSED > FOLLOW_STRAIGHT > ACQUIRE_PILLAR > PASS_RED_RIGHT > CONFIRM_PASSED > FOLLOW_STRAIGHT > ACQUIRE_PILLAR > FOLLOW_STRAIGHT > APPROACH_CORNER > HARD_STOP_RELEASE > REASSESS_FRONT > APPROACH_CORNER > TURN_90 > POST_TURN_BACKUP > POST_TURN_SCAN_HOLD > RECENTER > FOLLOW_STRAIGHT > ACQUIRE_PILLAR > PASS_RED_RIGHT > CONFIRM_PASSED > FOLLOW_STRAIGHT > ACQUIRE_PILLAR > FOLLOW_STRAIGHT > HARD_STOP_RELEASE > REASSESS_FRONT > HARD_STOP_RELEASE > REASSESS_FRONT > HARD_STOP_RELEASE > REASSESS_FRONT
round2_run_20260916_153236_375299.csv,20260916,153236,PARKING_EXIT_DIRECTION,FOLLOW_STRAIGHT,5.0,0.313,,132.5,20,,PARKING_EXIT_DIRECTION > PARKING_EXIT_ARC_1 > PARKING_EXIT_ARC_2 > PARKING_EXIT_ARC_3 > PARKING_EXIT_SCAN > PARKING_EXIT_TIMED_CURVE > PARKING_EXIT_RED_REVERSE > PARKING_EXIT_RED_FORWARD > PARKING_EXIT_SHARP_RETURN > FOLLOW_STRAIGHT > APPROACH_CORNER > TURN_90 > POST_TURN_BACKUP > POST_TURN_SCAN_HOLD > RECENTER > FOLLOW_STRAIGHT > ACQUIRE_PILLAR > FOLLOW_STRAIGHT > ACQUIRE_PILLAR > PASS_RED_RIGHT > CONFIRM_PASSED > PASS_RED_RIGHT > CONFIRM_PASSED > FOLLOW_STRAIGHT > ACQUIRE_PILLAR > PASS_RED_RIGHT > EMERGENCY_ESCAPE > PASS_RED_RIGHT > CONFIRM_PASSED > FOLLOW_STRAIGHT > ACQUIRE_PILLAR > PASS_RED_RIGHT > CONFIRM_PASSED > FOLLOW_STRAIGHT > APPROACH_CORNER > TURN_90 > POST_TURN_BACKUP > POST_TURN_SCAN_HOLD > ACQUIRE_PILLAR > PASS_RED_RIGHT > EMERGENCY_ESCAPE > PASS_RED_RIGHT > CONFIRM_PASSED > FOLLOW_STRAIGHT > ACQUIRE_PILLAR > PASS_RED_RIGHT > CONFIRM_PASSED > FOLLOW_STRAIGHT > ACQUIRE_PILLAR > PASS_RED_RIGHT > CONFIRM_PASSED > FOLLOW_STRAIGHT > APPROACH_CORNER > TURN_90 > POST_TURN_BACKUP > POST_TURN_SCAN_HOLD > RECENTER > FOLLOW_STRAIGHT > ACQUIRE_PILLAR > PASS_RED_RIGHT > CONFIRM_PASSED > FOLLOW_STRAIGHT > ACQUIRE_PILLAR > PASS_RED_RIGHT > CONFIRM_PASSED > FOLLOW_STRAIGHT > ACQUIRE_PILLAR > FOLLOW_STRAIGHT > ACQUIRE_PILLAR > FOLLOW_STRAIGHT > APPROACH_CORNER > TURN_90 > POST_TURN_BACKUP > POST_TURN_SCAN_HOLD > RECENTER > FOLLOW_STRAIGHT > ACQUIRE_PILLAR > PASS_RED_RIGHT > CONFIRM_PASSED > FOLLOW_STRAIGHT > ACQUIRE_PILLAR > FOLLOW_STRAIGHT > APPROACH_CORNER > TURN_90 > POST_TURN_BACKUP > POST_TURN_SCAN_HOLD > ACQUIRE_PILLAR > PASS_GREEN_LEFT > EMERGENCY_ESCAPE > PASS_GREEN_LEFT > CONFIRM_PASSED > FOLLOW_STRAIGHT > ACQUIRE_PILLAR > PASS_GREEN_LEFT > CONFIRM_PASSED > FOLLOW_STRAIGHT > ACQUIRE_PILLAR > FOLLOW_STRAIGHT > ACQUIRE_PILLAR > PASS_RED_RIGHT > CONFIRM_PASSED > FOLLOW_STRAIGHT > ACQUIRE_PILLAR > PASS_RED_RIGHT > CONFIRM_PASSED > EMERGENCY_ESCAPE > DEEP_REVERSE_RECOVERY > HARD_STOP_RELEASE > DEEP_REVERSE_RECOVERY > HARD_STOP_RELEASE > PASS_RED_RIGHT > CONFIRM_PASSED > FOLLOW_STRAIGHT > ACQUIRE_PILLAR > EMERGENCY_ESCAPE > ACQUIRE_PILLAR > PASS_RED_RIGHT > CONFIRM_PASSED > FOLLOW_STRAIGHT > ACQUIRE_PILLAR > PASS_RED_RIGHT > CONFIRM_PASSED > PASS_RED_RIGHT > CONFIRM_PASSED > FOLLOW_STRAIGHT > HARD_STOP_RELEASE > REASSESS_FRONT > EMERGENCY_ESCAPE > DEEP_REVERSE_RECOVERY > REASSESS_FRONT > HARD_STOP_RELEASE > REASSESS_FRONT > HARD_STOP_RELEASE > REASSESS_FRONT > HARD_STOP_RELEASE > REASSESS_FRONT > FOLLOW_STRAIGHT > ACQUIRE_PILLAR > PASS_RED_RIGHT > CONFIRM_PASSED > PASS_RED_RIGHT > CONFIRM_PASSED > FOLLOW_STRAIGHT > ACQUIRE_PILLAR > EMERGENCY_ESCAPE > DEEP_REVERSE_RECOVERY > REASSESS_FRONT > HARD_STOP_RELEASE > REASSESS_FRONT > HARD_STOP_RELEASE > REASSESS_FRONT > FOLLOW_STRAIGHT > HARD_STOP_RELEASE > REASSESS_FRONT > EMERGENCY_ESCAPE > DEEP_REVERSE_RECOVERY > REASSESS_FRONT > HARD_STOP_RELEASE > REASSESS_FRONT > HARD_STOP_RELEASE > REASSESS_FRONT > FOLLOW_STRAIGHT
round2_run_20260916_153603_656147.csv,20260916,153603,PARKING_EXIT_DIRECTION,APPROACH_CORNER,5.0,0.297,,90.593,11,,PARKING_EXIT_DIRECTION > PARKING_EXIT_ARC_1 > PARKING_EXIT_ARC_2 > PARKING_EXIT_ARC_3 > PARKING_EXIT_SCAN > PARKING_EXIT_TIMED_CURVE > PARKING_EXIT_RED_REVERSE > PARKING_EXIT_RED_FORWARD > PARKING_EXIT_SHARP_RETURN > FOLLOW_STRAIGHT > ACQUIRE_PILLAR > PASS_GREEN_LEFT > CONFIRM_PASSED > FOLLOW_STRAIGHT > APPROACH_CORNER > TURN_90 > POST_TURN_BACKUP > POST_TURN_SCAN_HOLD > RECENTER > FOLLOW_STRAIGHT > ACQUIRE_PILLAR > FOLLOW_STRAIGHT > ACQUIRE_PILLAR > PASS_RED_RIGHT > CONFIRM_PASSED > FOLLOW_STRAIGHT > ACQUIRE_PILLAR > PASS_RED_RIGHT > EMERGENCY_ESCAPE > PASS_RED_RIGHT > CONFIRM_PASSED > FOLLOW_STRAIGHT > ACQUIRE_PILLAR > PASS_RED_RIGHT > CONFIRM_PASSED > FOLLOW_STRAIGHT > APPROACH_CORNER > TURN_90 > POST_TURN_BACKUP > POST_TURN_SCAN_HOLD > RECENTER > FOLLOW_STRAIGHT > ACQUIRE_PILLAR > PASS_RED_RIGHT > CONFIRM_PASSED > FOLLOW_STRAIGHT > APPROACH_CORNER > TURN_90 > POST_TURN_BACKUP > POST_TURN_SCAN_HOLD > RECENTER > FOLLOW_STRAIGHT > ACQUIRE_PILLAR > PASS_RED_RIGHT > CONFIRM_PASSED > FOLLOW_STRAIGHT > ACQUIRE_PILLAR > FOLLOW_STRAIGHT > ACQUIRE_PILLAR > PASS_RED_RIGHT > CONFIRM_PASSED > FOLLOW_STRAIGHT > APPROACH_CORNER > TURN_90 > POST_TURN_BACKUP > POST_TURN_SCAN_HOLD > RECENTER > FOLLOW_STRAIGHT > ACQUIRE_PILLAR > FOLLOW_STRAIGHT > ACQUIRE_PILLAR > PASS_RED_RIGHT > CONFIRM_PASSED > PASS_RED_RIGHT > CONFIRM_PASSED > FOLLOW_STRAIGHT > ACQUIRE_PILLAR > FOLLOW_STRAIGHT > APPROACH_CORNER > TURN_90 > POST_TURN_BACKUP > POST_TURN_SCAN_HOLD > ACQUIRE_PILLAR > PASS_GREEN_LEFT > CONFIRM_PASSED > FOLLOW_STRAIGHT > ACQUIRE_PILLAR > PASS_RED_RIGHT > CONFIRM_PASSED > FOLLOW_STRAIGHT > APPROACH_CORNER
round2_run_20260916_155928_941103.csv,20260916,155928,PARKING_EXIT_DIRECTION,REASSESS_FRONT,6.0,0.406,,128.469,22,,PARKING_EXIT_DIRECTION > PARKING_EXIT_ARC_1 > PARKING_EXIT_ARC_2 > PARKING_EXIT_ARC_3 > PARKING_EXIT_SCAN > PARKING_EXIT_TIMED_CURVE > PARKING_EXIT_RED_REVERSE > PARKING_EXIT_RED_FORWARD > PARKING_EXIT_SHARP_RETURN > FOLLOW_STRAIGHT > ACQUIRE_PILLAR > FOLLOW_STRAIGHT > APPROACH_CORNER > TURN_90 > POST_TURN_BACKUP > POST_TURN_SCAN_HOLD > ACQUIRE_PILLAR > PASS_GREEN_LEFT > CONFIRM_PASSED > PASS_GREEN_LEFT > CONFIRM_PASSED > FOLLOW_STRAIGHT > ACQUIRE_PILLAR > FOLLOW_STRAIGHT > ACQUIRE_PILLAR > PASS_RED_RIGHT > EMERGENCY_ESCAPE > PASS_RED_RIGHT > CONFIRM_PASSED > FOLLOW_STRAIGHT > ACQUIRE_PILLAR > PASS_RED_RIGHT > CONFIRM_PASSED > FOLLOW_STRAIGHT > APPROACH_CORNER > TURN_90 > POST_TURN_BACKUP > POST_TURN_SCAN_HOLD > ACQUIRE_PILLAR > PASS_RED_RIGHT > CONFIRM_PASSED > PASS_RED_RIGHT > CONFIRM_PASSED > FOLLOW_STRAIGHT > ACQUIRE_PILLAR > FOLLOW_STRAIGHT > HARD_STOP_RELEASE > REASSESS_FRONT > EMERGENCY_ESCAPE > FOLLOW_STRAIGHT > ACQUIRE_PILLAR > PASS_RED_RIGHT > CONFIRM_PASSED > PASS_RED_RIGHT > CONFIRM_PASSED > FOLLOW_STRAIGHT > ACQUIRE_PILLAR > FOLLOW_STRAIGHT > HARD_STOP_RELEASE > REASSESS_FRONT > EMERGENCY_ESCAPE > FOLLOW_STRAIGHT > ACQUIRE_PILLAR > FOLLOW_STRAIGHT > ACQUIRE_PILLAR > PASS_GREEN_LEFT > CONFIRM_PASSED > FOLLOW_STRAIGHT > APPROACH_CORNER > TURN_90 > POST_TURN_BACKUP > POST_TURN_SCAN_HOLD > ACQUIRE_PILLAR > PASS_RED_RIGHT > CONFIRM_PASSED > FOLLOW_STRAIGHT > ACQUIRE_PILLAR > FOLLOW_STRAIGHT > ACQUIRE_PILLAR > PASS_RED_RIGHT > CONFIRM_PASSED > FOLLOW_STRAIGHT > APPROACH_CORNER > TURN_90 > POST_TURN_BACKUP > POST_TURN_SCAN_HOLD > RECENTER > FOLLOW_STRAIGHT > ACQUIRE_PILLAR > PASS_RED_RIGHT > CONFIRM_PASSED > PASS_RED_RIGHT > CONFIRM_PASSED > FOLLOW_STRAIGHT > ACQUIRE_PILLAR > PASS_GREEN_LEFT > CONFIRM_PASSED > FOLLOW_STRAIGHT > APPROACH_CORNER > HARD_STOP_RELEASE > REASSESS_FRONT > APPROACH_CORNER > TURN_90 > POST_TURN_BACKUP > POST_TURN_SCAN_HOLD > RECENTER > FOLLOW_STRAIGHT > ACQUIRE_PILLAR > PASS_GREEN_LEFT > CONFIRM_PASSED > FOLLOW_STRAIGHT > ACQUIRE_PILLAR > FOLLOW_STRAIGHT > ACQUIRE_PILLAR > PASS_RED_RIGHT > CONFIRM_PASSED > FOLLOW_STRAIGHT > ACQUIRE_PILLAR > PASS_RED_RIGHT > CONFIRM_PASSED > FOLLOW_STRAIGHT > ACQUIRE_PILLAR > FOLLOW_STRAIGHT > HARD_STOP_RELEASE > REASSESS_FRONT > EMERGENCY_ESCAPE > FOLLOW_STRAIGHT > ACQUIRE_PILLAR > PASS_RED_RIGHT > CONFIRM_PASSED > FOLLOW_STRAIGHT > ACQUIRE_PILLAR > FOLLOW_STRAIGHT > APPROACH_CORNER > TURN_90 > POST_TURN_BACKUP > POST_TURN_SCAN_HOLD > RECENTER > FOLLOW_STRAIGHT > ACQUIRE_PILLAR > PASS_RED_RIGHT > CONFIRM_PASSED > FOLLOW_STRAIGHT > ACQUIRE_PILLAR > PASS_RED_RIGHT > CONFIRM_PASSED > PASS_RED_RIGHT > CONFIRM_PASSED > FOLLOW_STRAIGHT > ACQUIRE_PILLAR > PASS_RED_RIGHT > CONFIRM_PASSED > FOLLOW_STRAIGHT > APPROACH_CORNER > HARD_STOP_RELEASE > REASSESS_FRONT > APPROACH_CORNER > HARD_STOP_RELEASE > REASSESS_FRONT > APPROACH_CORNER > HARD_STOP_RELEASE > REASSESS_FRONT > APPROACH_CORNER > DEEP_REVERSE_RECOVERY > REASSESS_FRONT > HARD_STOP_RELEASE > REASSESS_FRONT
round2_run_20260916_160359_544660.csv,20260916,160359,PARKING_EXIT_DIRECTION,EMERGENCY_ESCAPE,1.0,0.297,,31.828,4,,PARKING_EXIT_DIRECTION > PARKING_EXIT_ARC_1 > PARKING_EXIT_ARC_2 > PARKING_EXIT_ARC_3 > PARKING_EXIT_SCAN > PARKING_EXIT_CW_RETURN_1 > PARKING_EXIT_CW_RETURN_2 > PARKING_EXIT_COMPLETE > FOLLOW_STRAIGHT > APPROACH_CORNER > TURN_90 > POST_TURN_BACKUP > POST_TURN_SCAN_HOLD > RECENTER > FOLLOW_STRAIGHT > ACQUIRE_PILLAR > PASS_GREEN_LEFT > CONFIRM_PASSED > FOLLOW_STRAIGHT > ACQUIRE_PILLAR > FOLLOW_STRAIGHT > ACQUIRE_PILLAR > PASS_RED_RIGHT > CONFIRM_PASSED > PASS_RED_RIGHT > CONFIRM_PASSED > PASS_RED_RIGHT > EMERGENCY_ESCAPE > DEEP_REVERSE_RECOVERY > HARD_STOP_RELEASE > DEEP_REVERSE_RECOVERY > HARD_STOP_RELEASE > PASS_RED_RIGHT > CONFIRM_PASSED > FOLLOW_STRAIGHT > ACQUIRE_PILLAR > PASS_RED_RIGHT > EMERGENCY_ESCAPE
round2_run_20260916_160629_753427.csv,20260916,160629,PARKING_EXIT_DIRECTION,REASSESS_FRONT,2.0,0.329,,63.563,9,,PARKING_EXIT_DIRECTION > PARKING_EXIT_ARC_1 > PARKING_EXIT_ARC_2 > PARKING_EXIT_ARC_3 > PARKING_EXIT_SCAN > PARKING_EXIT_TIMED_CURVE > PARKING_EXIT_RED_REVERSE > PARKING_EXIT_RED_FORWARD > PARKING_EXIT_SHARP_RETURN > EMERGENCY_ESCAPE > PARKING_EXIT_SHARP_RETURN > FOLLOW_STRAIGHT > ACQUIRE_PILLAR > FOLLOW_STRAIGHT > APPROACH_CORNER > TURN_90 > POST_TURN_BACKUP > POST_TURN_SCAN_HOLD > ACQUIRE_PILLAR > PASS_GREEN_LEFT > CONFIRM_PASSED > PASS_GREEN_LEFT > CONFIRM_PASSED > FOLLOW_STRAIGHT > ACQUIRE_PILLAR > PASS_RED_RIGHT > CONFIRM_PASSED > FOLLOW_STRAIGHT > ACQUIRE_PILLAR > PASS_RED_RIGHT > CONFIRM_PASSED > FOLLOW_STRAIGHT > APPROACH_CORNER > HARD_STOP_RELEASE > REASSESS_FRONT > FOLLOW_STRAIGHT > ACQUIRE_PILLAR > PASS_RED_RIGHT > CONFIRM_PASSED > FOLLOW_STRAIGHT > APPROACH_CORNER > TURN_90 > POST_TURN_BACKUP > POST_TURN_SCAN_HOLD > ACQUIRE_PILLAR > PASS_RED_RIGHT > CONFIRM_PASSED > FOLLOW_STRAIGHT > ACQUIRE_PILLAR > PASS_RED_RIGHT > CONFIRM_PASSED > FOLLOW_STRAIGHT > ACQUIRE_PILLAR > PASS_RED_RIGHT > CONFIRM_PASSED > FOLLOW_STRAIGHT > ACQUIRE_PILLAR > PASS_RED_RIGHT > CONFIRM_PASSED > FOLLOW_STRAIGHT > HARD_STOP_RELEASE > REASSESS_FRONT > EMERGENCY_ESCAPE > DEEP_REVERSE_RECOVERY > REASSESS_FRONT > HARD_STOP_RELEASE > REASSESS_FRONT > FOLLOW_STRAIGHT > HARD_STOP_RELEASE > REASSESS_FRONT > HARD_STOP_RELEASE > REASSESS_FRONT
round2_run_20260916_161506_390684.csv,20260916,161506,PARKING_EXIT_DIRECTION,APPROACH_CORNER,4.0,0.328,,83.859,8,,PARKING_EXIT_DIRECTION > PARKING_EXIT_ARC_1 > PARKING_EXIT_ARC_2 > PARKING_EXIT_ARC_3 > PARKING_EXIT_SCAN > PARKING_EXIT_TIMED_CURVE > PARKING_EXIT_RED_REVERSE > PARKING_EXIT_RED_FORWARD > PARKING_EXIT_SHARP_RETURN > FOLLOW_STRAIGHT > APPROACH_CORNER > TURN_90 > POST_TURN_BACKUP > POST_TURN_SCAN_HOLD > RECENTER > FOLLOW_STRAIGHT > ACQUIRE_PILLAR > PASS_GREEN_LEFT > CONFIRM_PASSED > FOLLOW_STRAIGHT > ACQUIRE_PILLAR > FOLLOW_STRAIGHT > ACQUIRE_PILLAR > PASS_RED_RIGHT > CONFIRM_PASSED > FOLLOW_STRAIGHT > APPROACH_CORNER > TURN_90 > POST_TURN_BACKUP > POST_TURN_SCAN_HOLD > RECENTER > FOLLOW_STRAIGHT > ACQUIRE_PILLAR > PASS_RED_RIGHT > CONFIRM_PASSED > FOLLOW_STRAIGHT > ACQUIRE_PILLAR > PASS_RED_RIGHT > CONFIRM_PASSED > FOLLOW_STRAIGHT > ACQUIRE_PILLAR > FOLLOW_STRAIGHT > APPROACH_CORNER > TURN_90 > POST_TURN_BACKUP > POST_TURN_SCAN_HOLD > ACQUIRE_PILLAR > PASS_RED_RIGHT > EMERGENCY_ESCAPE > DEEP_REVERSE_RECOVERY > PASS_RED_RIGHT > CONFIRM_PASSED > EMERGENCY_ESCAPE > PASS_RED_RIGHT > CONFIRM_PASSED > FOLLOW_STRAIGHT > ACQUIRE_PILLAR > PASS_RED_RIGHT > CONFIRM_PASSED > FOLLOW_STRAIGHT > HARD_STOP_RELEASE > REASSESS_FRONT > FOLLOW_STRAIGHT > ACQUIRE_PILLAR > FOLLOW_STRAIGHT > ACQUIRE_PILLAR > PASS_RED_RIGHT > CONFIRM_PASSED > FOLLOW_STRAIGHT > APPROACH_CORNER > TURN_90 > POST_TURN_BACKUP > POST_TURN_SCAN_HOLD > RECENTER > FOLLOW_STRAIGHT > APPROACH_CORNER > FOLLOW_STRAIGHT > ACQUIRE_PILLAR > EMERGENCY_ESCAPE > ACQUIRE_PILLAR > FOLLOW_STRAIGHT > APPROACH_CORNER
round2_run_20260916_164037_561865.csv,20260916,164037,PARKING_EXIT_DIRECTION,POST_TURN_BACKUP,3.0,0.312,,49.641,7,,PARKING_EXIT_DIRECTION > PARKING_EXIT_ARC_1 > PARKING_EXIT_ARC_2 > PARKING_EXIT_ARC_3 > PARKING_EXIT_SCAN > PARKING_EXIT_TIMED_CURVE > PARKING_EXIT_RED_REVERSE > PARKING_EXIT_RED_FORWARD > PARKING_EXIT_SHARP_RETURN > FOLLOW_STRAIGHT > ACQUIRE_PILLAR > FOLLOW_STRAIGHT > ACQUIRE_PILLAR > PASS_GREEN_LEFT > CONFIRM_PASSED > FOLLOW_STRAIGHT > APPROACH_CORNER > TURN_90 > POST_TURN_BACKUP > POST_TURN_SCAN_HOLD > ACQUIRE_PILLAR > PASS_GREEN_LEFT > CONFIRM_PASSED > PASS_GREEN_LEFT > CONFIRM_PASSED > FOLLOW_STRAIGHT > ACQUIRE_PILLAR > PASS_RED_RIGHT > CONFIRM_PASSED > PASS_RED_RIGHT > CONFIRM_PASSED > FOLLOW_STRAIGHT > APPROACH_CORNER > TURN_90 > POST_TURN_BACKUP > POST_TURN_SCAN_HOLD > ACQUIRE_PILLAR > FOLLOW_STRAIGHT > ACQUIRE_PILLAR > FOLLOW_STRAIGHT > ACQUIRE_PILLAR > FOLLOW_STRAIGHT > ACQUIRE_PILLAR > FOLLOW_STRAIGHT > ACQUIRE_PILLAR > PASS_RED_RIGHT > CONFIRM_PASSED > FOLLOW_STRAIGHT > ACQUIRE_PILLAR > PASS_RED_RIGHT > CONFIRM_PASSED > FOLLOW_STRAIGHT > APPROACH_CORNER > TURN_90 > POST_TURN_BACKUP
round2_run_20260916_164752_066510.csv,20260916,164752,PARKING_EXIT_DIRECTION,TURN_90,8.0,0.297,,148.984,20,,PARKING_EXIT_DIRECTION > PARKING_EXIT_ARC_1 > PARKING_EXIT_ARC_2 > PARKING_EXIT_ARC_3 > PARKING_EXIT_SCAN > PARKING_EXIT_TIMED_CURVE > PARKING_EXIT_RED_REVERSE > PARKING_EXIT_RED_FORWARD > PARKING_EXIT_SHARP_RETURN > FOLLOW_STRAIGHT > APPROACH_CORNER > TURN_90 > POST_TURN_BACKUP > POST_TURN_SCAN_HOLD > ACQUIRE_PILLAR > PASS_GREEN_LEFT > CONFIRM_PASSED > PASS_GREEN_LEFT > CONFIRM_PASSED > FOLLOW_STRAIGHT > ACQUIRE_PILLAR > PASS_RED_RIGHT > CONFIRM_PASSED > FOLLOW_STRAIGHT > APPROACH_CORNER > TURN_90 > POST_TURN_BACKUP > POST_TURN_SCAN_HOLD > ACQUIRE_PILLAR > FOLLOW_STRAIGHT > ACQUIRE_PILLAR > FOLLOW_STRAIGHT > ACQUIRE_PILLAR > FOLLOW_STRAIGHT > ACQUIRE_PILLAR > PASS_RED_RIGHT > CONFIRM_PASSED > PASS_RED_RIGHT > CONFIRM_PASSED > FOLLOW_STRAIGHT > ACQUIRE_PILLAR > PASS_RED_RIGHT > CONFIRM_PASSED > PASS_RED_RIGHT > CONFIRM_PASSED > FOLLOW_STRAIGHT > APPROACH_CORNER > TURN_90 > POST_TURN_BACKUP > POST_TURN_SCAN_HOLD > ACQUIRE_PILLAR > PASS_RED_RIGHT > CONFIRM_PASSED > FOLLOW_STRAIGHT > ACQUIRE_PILLAR > PASS_RED_RIGHT > CONFIRM_PASSED > FOLLOW_STRAIGHT > APPROACH_CORNER > TURN_90 > POST_TURN_BACKUP > POST_TURN_SCAN_HOLD > RECENTER > FOLLOW_STRAIGHT > ACQUIRE_PILLAR > FOLLOW_STRAIGHT > ACQUIRE_PILLAR > FOLLOW_STRAIGHT > ACQUIRE_PILLAR > PASS_RED_RIGHT > CONFIRM_PASSED > PASS_RED_RIGHT > CONFIRM_PASSED > FOLLOW_STRAIGHT > ACQUIRE_PILLAR > PASS_GREEN_LEFT > CONFIRM_PASSED > FOLLOW_STRAIGHT > APPROACH_CORNER > TURN_90 > POST_TURN_BACKUP > POST_TURN_SCAN_HOLD > RECENTER > FOLLOW_STRAIGHT > ACQUIRE_PILLAR > PASS_GREEN_LEFT > CONFIRM_PASSED > FOLLOW_STRAIGHT > ACQUIRE_PILLAR > FOLLOW_STRAIGHT > ACQUIRE_PILLAR > PASS_RED_RIGHT > CONFIRM_PASSED > FOLLOW_STRAIGHT > APPROACH_CORNER > TURN_90 > POST_TURN_BACKUP > POST_TURN_SCAN_HOLD > ACQUIRE_PILLAR > PASS_RED_RIGHT > CONFIRM_PASSED > FOLLOW_STRAIGHT > ACQUIRE_PILLAR > PASS_RED_RIGHT > CONFIRM_PASSED > FOLLOW_STRAIGHT > APPROACH_CORNER > TURN_90 > POST_TURN_BACKUP > POST_TURN_SCAN_HOLD > ACQUIRE_PILLAR > PASS_RED_RIGHT > EMERGENCY_ESCAPE > DEEP_REVERSE_RECOVERY > PASS_RED_RIGHT > CONFIRM_PASSED > FOLLOW_STRAIGHT > ACQUIRE_PILLAR > PASS_RED_RIGHT > CONFIRM_PASSED > FOLLOW_STRAIGHT > HARD_STOP_RELEASE > REASSESS_FRONT > FOLLOW_STRAIGHT > HARD_STOP_RELEASE > FOLLOW_STRAIGHT > REASSESS_FRONT > FOLLOW_STRAIGHT > APPROACH_CORNER > TURN_90 > POST_TURN_BACKUP > POST_TURN_SCAN_HOLD > RECENTER > FOLLOW_STRAIGHT > ACQUIRE_PILLAR > FOLLOW_STRAIGHT > ACQUIRE_PILLAR > PASS_RED_RIGHT > CONFIRM_PASSED > FOLLOW_STRAIGHT > ACQUIRE_PILLAR > PASS_GREEN_LEFT > CONFIRM_PASSED > FOLLOW_STRAIGHT > APPROACH_CORNER > TURN_90
round2_run_20260916_165612_024536.csv,20260916,165612,PARKING_EXIT_DIRECTION,COMPLETE,12.0,0.312,201.3,219.359,27,,PARKING_EXIT_DIRECTION > PARKING_EXIT_ARC_1 > PARKING_EXIT_ARC_2 > PARKING_EXIT_ARC_3 > PARKING_EXIT_SCAN > PARKING_EXIT_TIMED_CURVE > PARKING_EXIT_RED_REVERSE > PARKING_EXIT_RED_FORWARD > PARKING_EXIT_SHARP_RETURN > EMERGENCY_ESCAPE > PARKING_EXIT_SHARP_RETURN > FOLLOW_STRAIGHT > APPROACH_CORNER > TURN_90 > POST_TURN_BACKUP > POST_TURN_SCAN_HOLD > RECENTER > FOLLOW_STRAIGHT > ACQUIRE_PILLAR > PASS_GREEN_LEFT > CONFIRM_PASSED > FOLLOW_STRAIGHT > ACQUIRE_PILLAR > FOLLOW_STRAIGHT > ACQUIRE_PILLAR > PASS_RED_RIGHT > CONFIRM_PASSED > FOLLOW_STRAIGHT > APPROACH_CORNER > TURN_90 > POST_TURN_BACKUP > POST_TURN_SCAN_HOLD > ACQUIRE_PILLAR > PASS_RED_RIGHT > CONFIRM_PASSED > FOLLOW_STRAIGHT > ACQUIRE_PILLAR > PASS_RED_RIGHT > CONFIRM_PASSED > FOLLOW_STRAIGHT > APPROACH_CORNER > TURN_90 > POST_TURN_BACKUP > POST_TURN_SCAN_HOLD > ACQUIRE_PILLAR > PASS_RED_RIGHT > CONFIRM_PASSED > FOLLOW_STRAIGHT > ACQUIRE_PILLAR > PASS_RED_RIGHT > CONFIRM_PASSED > PASS_RED_RIGHT > CONFIRM_PASSED > FOLLOW_STRAIGHT > APPROACH_CORNER > TURN_90 > POST_TURN_BACKUP > POST_TURN_SCAN_HOLD > RECENTER > FOLLOW_STRAIGHT > ACQUIRE_PILLAR > PASS_RED_RIGHT > CONFIRM_PASSED > FOLLOW_STRAIGHT > ACQUIRE_PILLAR > PASS_GREEN_LEFT > CONFIRM_PASSED > FOLLOW_STRAIGHT > APPROACH_CORNER > TURN_90 > POST_TURN_BACKUP > POST_TURN_SCAN_HOLD > ACQUIRE_PILLAR > FOLLOW_STRAIGHT > ACQUIRE_PILLAR > PASS_GREEN_LEFT > CONFIRM_PASSED > FOLLOW_STRAIGHT > ACQUIRE_PILLAR > FOLLOW_STRAIGHT > ACQUIRE_PILLAR > PASS_RED_RIGHT > CONFIRM_PASSED > FOLLOW_STRAIGHT > APPROACH_CORNER > TURN_90 > POST_TURN_BACKUP > POST_TURN_SCAN_HOLD > ACQUIRE_PILLAR > PASS_RED_RIGHT > CONFIRM_PASSED > PASS_RED_RIGHT > CONFIRM_PASSED > FOLLOW_STRAIGHT > ACQUIRE_PILLAR > PASS_RED_RIGHT > CONFIRM_PASSED > FOLLOW_STRAIGHT > APPROACH_CORNER > TURN_90 > POST_TURN_BACKUP > POST_TURN_SCAN_HOLD > ACQUIRE_PILLAR > PASS_GREEN_LEFT > CONFIRM_PASSED > FOLLOW_STRAIGHT > ACQUIRE_PILLAR > FOLLOW_STRAIGHT > ACQUIRE_PILLAR > PASS_RED_RIGHT > CONFIRM_PASSED > FOLLOW_STRAIGHT > APPROACH_CORNER > TURN_90 > POST_TURN_BACKUP > POST_TURN_SCAN_HOLD > ACQUIRE_PILLAR > PASS_GREEN_LEFT > CONFIRM_PASSED > FOLLOW_STRAIGHT > ACQUIRE_PILLAR > FOLLOW_STRAIGHT > ACQUIRE_PILLAR > PASS_RED_RIGHT > CONFIRM_PASSED > FOLLOW_STRAIGHT > APPROACH_CORNER > TURN_90 > POST_TURN_BACKUP > POST_TURN_SCAN_HOLD > RECENTER > FOLLOW_STRAIGHT > ACQUIRE_PILLAR > FOLLOW_STRAIGHT > ACQUIRE_PILLAR > PASS_RED_RIGHT > CONFIRM_PASSED > FOLLOW_STRAIGHT > ACQUIRE_PILLAR > PASS_RED_RIGHT > CONFIRM_PASSED > PASS_RED_RIGHT > CONFIRM_PASSED > FOLLOW_STRAIGHT > APPROACH_CORNER > TURN_90 > POST_TURN_BACKUP > POST_TURN_SCAN_HOLD > RECENTER > FOLLOW_STRAIGHT > ACQUIRE_PILLAR > FOLLOW_STRAIGHT > ACQUIRE_PILLAR > FOLLOW_STRAIGHT > ACQUIRE_PILLAR > FOLLOW_STRAIGHT > ACQUIRE_PILLAR > FOLLOW_STRAIGHT > ACQUIRE_PILLAR > PASS_GREEN_LEFT > CONFIRM_PASSED > PASS_GREEN_LEFT > CONFIRM_PASSED > FOLLOW_STRAIGHT > APPROACH_CORNER > TURN_90 > POST_TURN_BACKUP > POST_TURN_SCAN_HOLD > RECENTER > FOLLOW_STRAIGHT > HARD_STOP_RELEASE > REASSESS_FRONT > EMERGENCY_ESCAPE > FOLLOW_STRAIGHT > ACQUIRE_PILLAR > PASS_GREEN_LEFT > CONFIRM_PASSED > FOLLOW_STRAIGHT > APPROACH_CORNER > TURN_90 > PARKING_ENTRY_LAUNCH > PARKING_ENTRY_SEARCH > ACQUIRE_PILLAR > PASS_RED_RIGHT > CONFIRM_PASSED > PARKING_ENTRY_SEARCH > ACQUIRE_PILLAR > PARKING_ENTRY_SEARCH > ACQUIRE_PILLAR > PASS_RED_RIGHT > CONFIRM_PASSED > EMERGENCY_ESCAPE > DEEP_REVERSE_RECOVERY > HARD_STOP_RELEASE > DEEP_REVERSE_RECOVERY > PASS_RED_RIGHT > CONFIRM_PASSED > PARKING_ENTRY_SEARCH > ACQUIRE_PILLAR > EMERGENCY_ESCAPE > ACQUIRE_PILLAR > PARKING_ENTRY_SEARCH > ACQUIRE_PILLAR > PARKING_ENTRY_SEARCH > PARKING_IN_CLOCK_ARC > PARKING_IN_CLOCK_STRAIGHT > COMPLETE
round2_run_20260916_171912_257285.csv,20260916,171912,PARKING_EXIT_DIRECTION,REASSESS_FRONT,7.0,0.281,,155.563,17,,PARKING_EXIT_DIRECTION > PARKING_EXIT_ARC_1 > PARKING_EXIT_ARC_2 > PARKING_EXIT_ARC_3 > PARKING_EXIT_SCAN > PARKING_EXIT_TIMED_CURVE > PARKING_EXIT_RED_REVERSE > PARKING_EXIT_RED_FORWARD > PARKING_EXIT_SHARP_RETURN > FOLLOW_STRAIGHT > ACQUIRE_PILLAR > FOLLOW_STRAIGHT > ACQUIRE_PILLAR > PASS_GREEN_LEFT > CONFIRM_PASSED > PILLAR_RECENTER > FOLLOW_STRAIGHT > APPROACH_CORNER > TURN_90 > POST_TURN_BACKUP > POST_TURN_SCAN_HOLD > RECENTER > FOLLOW_STRAIGHT > ACQUIRE_PILLAR > PASS_GREEN_LEFT > CONFIRM_PASSED > PILLAR_RECENTER > FOLLOW_STRAIGHT > ACQUIRE_PILLAR > FOLLOW_STRAIGHT > ACQUIRE_PILLAR > PASS_RED_RIGHT > CONFIRM_PASSED > PASS_RED_RIGHT > CONFIRM_PASSED > PILLAR_RECENTER > FOLLOW_STRAIGHT > APPROACH_CORNER > TURN_90 > POST_TURN_BACKUP > POST_TURN_SCAN_HOLD > RECENTER > FOLLOW_STRAIGHT > ACQUIRE_PILLAR > FOLLOW_STRAIGHT > ACQUIRE_PILLAR > FOLLOW_STRAIGHT > ACQUIRE_PILLAR > PASS_RED_RIGHT > CONFIRM_PASSED > PILLAR_RECENTER > FOLLOW_STRAIGHT > ACQUIRE_PILLAR > FOLLOW_STRAIGHT > APPROACH_CORNER > TURN_90 > POST_TURN_BACKUP > POST_TURN_SCAN_HOLD > RECENTER > FOLLOW_STRAIGHT > APPROACH_CORNER > FOLLOW_STRAIGHT > ACQUIRE_PILLAR > PASS_GREEN_LEFT > CONFIRM_PASSED > PASS_GREEN_LEFT > CONFIRM_PASSED > PILLAR_RECENTER > FOLLOW_STRAIGHT > ACQUIRE_PILLAR > FOLLOW_STRAIGHT > ACQUIRE_PILLAR > FOLLOW_STRAIGHT > ACQUIRE_PILLAR > FOLLOW_STRAIGHT > ACQUIRE_PILLAR > PASS_GREEN_LEFT > CONFIRM_PASSED > PILLAR_RECENTER > FOLLOW_STRAIGHT > APPROACH_CORNER > TURN_90 > POST_TURN_BACKUP > POST_TURN_SCAN_HOLD > ACQUIRE_PILLAR > PASS_RED_RIGHT > CONFIRM_PASSED > PASS_RED_RIGHT > CONFIRM_PASSED > PILLAR_RECENTER > FOLLOW_STRAIGHT > ACQUIRE_PILLAR > PASS_RED_RIGHT > CONFIRM_PASSED > PILLAR_RECENTER > FOLLOW_STRAIGHT > APPROACH_CORNER > TURN_90 > POST_TURN_BACKUP > POST_TURN_SCAN_HOLD > ACQUIRE_PILLAR > PASS_GREEN_LEFT > CONFIRM_PASSED > PILLAR_RECENTER > FOLLOW_STRAIGHT > ACQUIRE_PILLAR > FOLLOW_STRAIGHT > ACQUIRE_PILLAR > PASS_RED_RIGHT > CONFIRM_PASSED > PILLAR_RECENTER > FOLLOW_STRAIGHT > APPROACH_CORNER > TURN_90 > POST_TURN_BACKUP > POST_TURN_SCAN_HOLD > RECENTER > FOLLOW_STRAIGHT > ACQUIRE_PILLAR > FOLLOW_STRAIGHT > ACQUIRE_PILLAR > PASS_GREEN_LEFT > CONFIRM_PASSED > PILLAR_RECENTER > FOLLOW_STRAIGHT > APPROACH_CORNER > TURN_90 > POST_TURN_BACKUP > POST_TURN_SCAN_HOLD > RECENTER > FOLLOW_STRAIGHT > ACQUIRE_PILLAR > PASS_GREEN_LEFT > CONFIRM_PASSED > PILLAR_RECENTER > FOLLOW_STRAIGHT > ACQUIRE_PILLAR > FOLLOW_STRAIGHT > ACQUIRE_PILLAR > PASS_RED_RIGHT > CONFIRM_PASSED > PASS_RED_RIGHT > CONFIRM_PASSED > PILLAR_RECENTER > FOLLOW_STRAIGHT > HARD_STOP_RELEASE > REASSESS_FRONT > EMERGENCY_ESCAPE > DEEP_REVERSE_RECOVERY > REASSESS_FRONT > HARD_STOP_RELEASE > REASSESS_FRONT > HARD_STOP_RELEASE > REASSESS_FRONT > FOLLOW_STRAIGHT > APPROACH_CORNER > HARD_STOP_RELEASE > REASSESS_FRONT > APPROACH_CORNER > DEEP_REVERSE_RECOVERY > REASSESS_FRONT
round2_run_20260916_172522_539060.csv,20260916,172522,PARKING_EXIT_DIRECTION,FOLLOW_STRAIGHT,1.0,0.313,,25.828,1,,PARKING_EXIT_DIRECTION > PARKING_EXIT_ARC_1 > PARKING_EXIT_ARC_2 > PARKING_EXIT_ARC_3 > PARKING_EXIT_SCAN > PARKING_EXIT_TIMED_CURVE > PARKING_EXIT_RED_REVERSE > PARKING_EXIT_RED_FORWARD > PARKING_EXIT_SHARP_RETURN > FOLLOW_STRAIGHT > APPROACH_CORNER > TURN_90 > POST_TURN_BACKUP > POST_TURN_SCAN_HOLD > ACQUIRE_PILLAR > PASS_RED_RIGHT > CONFIRM_PASSED > PILLAR_RECENTER > FOLLOW_STRAIGHT > ACQUIRE_PILLAR > FOLLOW_STRAIGHT > HARD_STOP_RELEASE > REASSESS_FRONT > EMERGENCY_ESCAPE > DEEP_REVERSE_RECOVERY > REASSESS_FRONT > HARD_STOP_RELEASE > REASSESS_FRONT > FOLLOW_STRAIGHT
round2_run_20260916_174158_248615.csv,20260916,174158,PARKING_EXIT_DIRECTION,REASSESS_FRONT,1.0,0.313,,53.719,3,,PARKING_EXIT_DIRECTION > PARKING_EXIT_ARC_1 > PARKING_EXIT_ARC_2 > PARKING_EXIT_ARC_3 > PARKING_EXIT_SCAN > PARKING_EXIT_TIMED_CURVE > PARKING_EXIT_RED_REVERSE > PARKING_EXIT_RED_FORWARD > PARKING_EXIT_SHARP_RETURN > EMERGENCY_ESCAPE > DEEP_REVERSE_RECOVERY > REASSESS_FRONT > HARD_STOP_RELEASE > REASSESS_FRONT > HARD_STOP_RELEASE > REASSESS_FRONT > HARD_STOP_RELEASE > REASSESS_FRONT > HARD_STOP_RELEASE > REASSESS_FRONT > HARD_STOP_RELEASE > REASSESS_FRONT > HARD_STOP_RELEASE > REASSESS_FRONT > FOLLOW_STRAIGHT > ACQUIRE_PILLAR > FOLLOW_STRAIGHT > ACQUIRE_PILLAR > PASS_GREEN_LEFT > CONFIRM_PASSED > PILLAR_RECENTER > HARD_STOP_RELEASE > REASSESS_FRONT > FOLLOW_STRAIGHT > HARD_STOP_RELEASE > REASSESS_FRONT > FOLLOW_STRAIGHT > HARD_STOP_RELEASE > REASSESS_FRONT > FOLLOW_STRAIGHT > DEEP_REVERSE_RECOVERY > REASSESS_FRONT > FOLLOW_STRAIGHT > HARD_STOP_RELEASE > REASSESS_FRONT > FOLLOW_STRAIGHT > HARD_STOP_RELEASE > REASSESS_FRONT > FOLLOW_STRAIGHT > HARD_STOP_RELEASE > REASSESS_FRONT > FOLLOW_STRAIGHT > DEEP_REVERSE_RECOVERY > REASSESS_FRONT > FOLLOW_STRAIGHT > HARD_STOP_RELEASE > REASSESS_FRONT > FOLLOW_STRAIGHT > HARD_STOP_RELEASE > REASSESS_FRONT > FOLLOW_STRAIGHT > HARD_STOP_RELEASE > REASSESS_FRONT > FOLLOW_STRAIGHT > DEEP_REVERSE_RECOVERY > REASSESS_FRONT > FOLLOW_STRAIGHT > HARD_STOP_RELEASE > REASSESS_FRONT > FOLLOW_STRAIGHT > HARD_STOP_RELEASE > REASSESS_FRONT > FOLLOW_STRAIGHT > HARD_STOP_RELEASE > REASSESS_FRONT > FOLLOW_STRAIGHT > DEEP_REVERSE_RECOVERY > REASSESS_FRONT > FOLLOW_STRAIGHT > HARD_STOP_RELEASE > REASSESS_FRONT > FOLLOW_STRAIGHT > HARD_STOP_RELEASE > REASSESS_FRONT > FOLLOW_STRAIGHT > HARD_STOP_RELEASE > REASSESS_FRONT > FOLLOW_STRAIGHT > DEEP_REVERSE_RECOVERY > REASSESS_FRONT > FOLLOW_STRAIGHT > HARD_STOP_RELEASE > REASSESS_FRONT > FOLLOW_STRAIGHT > HARD_STOP_RELEASE > REASSESS_FRONT > FOLLOW_STRAIGHT > HARD_STOP_RELEASE > REASSESS_FRONT > FOLLOW_STRAIGHT > DEEP_REVERSE_RECOVERY > REASSESS_FRONT > FOLLOW_STRAIGHT > HARD_STOP_RELEASE > REASSESS_FRONT > FOLLOW_STRAIGHT > HARD_STOP_RELEASE > REASSESS_FRONT > FOLLOW_STRAIGHT > HARD_STOP_RELEASE > REASSESS_FRONT > FOLLOW_STRAIGHT > DEEP_REVERSE_RECOVERY > REASSESS_FRONT > FOLLOW_STRAIGHT > HARD_STOP_RELEASE > REASSESS_FRONT > FOLLOW_STRAIGHT > HARD_STOP_RELEASE > REASSESS_FRONT > FOLLOW_STRAIGHT > HARD_STOP_RELEASE > REASSESS_FRONT > FOLLOW_STRAIGHT > DEEP_REVERSE_RECOVERY > REASSESS_FRONT > FOLLOW_STRAIGHT > HARD_STOP_RELEASE > REASSESS_FRONT > FOLLOW_STRAIGHT > HARD_STOP_RELEASE > REASSESS_FRONT > FOLLOW_STRAIGHT > HARD_STOP_RELEASE > REASSESS_FRONT > FOLLOW_STRAIGHT > DEEP_REVERSE_RECOVERY > REASSESS_FRONT > FOLLOW_STRAIGHT > HARD_STOP_RELEASE > REASSESS_FRONT > FOLLOW_STRAIGHT > HARD_STOP_RELEASE > REASSESS_FRONT > FOLLOW_STRAIGHT > HARD_STOP_RELEASE > REASSESS_FRONT > FOLLOW_STRAIGHT > DEEP_REVERSE_RECOVERY > REASSESS_FRONT > FOLLOW_STRAIGHT > HARD_STOP_RELEASE > REASSESS_FRONT > FOLLOW_STRAIGHT > HARD_STOP_RELEASE > REASSESS_FRONT > FOLLOW_STRAIGHT > HARD_STOP_RELEASE > REASSESS_FRONT > FOLLOW_STRAIGHT > DEEP_REVERSE_RECOVERY > REASSESS_FRONT > FOLLOW_STRAIGHT > HARD_STOP_RELEASE > REASSESS_FRONT > FOLLOW_STRAIGHT > APPROACH_CORNER > TURN_90 > POST_TURN_BACKUP > POST_TURN_SCAN_HOLD > RECENTER > FOLLOW_STRAIGHT > ACQUIRE_PILLAR > PASS_GREEN_LEFT > CONFIRM_PASSED > EMERGENCY_ESCAPE > DEEP_REVERSE_RECOVERY > HARD_STOP_RELEASE > DEEP_REVERSE_RECOVERY > HARD_STOP_RELEASE > PASS_GREEN_LEFT > CONFIRM_PASSED > PILLAR_RECENTER > HARD_STOP_RELEASE > REASSESS_FRONT > HARD_STOP_RELEASE > REASSESS_FRONT > HARD_STOP_RELEASE > REASSESS_FRONT
round2_run_20260916_183514_769600.csv,20260916,183514,PARKING_EXIT_DIRECTION,PARKING_EXIT_ARC_1,0.0,0.422,,5.422,0,,PARKING_EXIT_DIRECTION > PARKING_EXIT_ARC_1
round2_run_20260916_183645_971800.csv,20260916,183645,PARKING_EXIT_DIRECTION,PASS_RED_RIGHT,1.0,0.375,,34.281,1,,PARKING_EXIT_DIRECTION > PARKING_EXIT_ARC_1 > PARKING_EXIT_ARC_2 > PARKING_EXIT_ARC_3 > PARKING_EXIT_SCAN > PARKING_EXIT_TIMED_CURVE > PARKING_EXIT_RED_REVERSE > PARKING_EXIT_RED_FORWARD > PARKING_EXIT_SHARP_RETURN > EMERGENCY_ESCAPE > DEEP_REVERSE_RECOVERY > REASSESS_FRONT > HARD_STOP_RELEASE > REASSESS_FRONT > HARD_STOP_RELEASE > REASSESS_FRONT > ACQUIRE_PILLAR > PASS_RED_RIGHT > CONFIRM_PASSED > PILLAR_RECENTER > FOLLOW_STRAIGHT > ACQUIRE_PILLAR > FOLLOW_STRAIGHT > APPROACH_CORNER > TURN_90 > POST_TURN_BACKUP > POST_TURN_SCAN_HOLD > RECENTER > FOLLOW_STRAIGHT > ACQUIRE_PILLAR > PASS_RED_RIGHT
round2_run_20260916_184353_226764.csv,20260916,184353,PARKING_EXIT_DIRECTION,PARKING_EXIT_ARC_1,0.0,0.39,,9.375,0,,PARKING_EXIT_DIRECTION > PARKING_EXIT_ARC_1
round2_run_20260916_184528_692171.csv,20260916,184528,PARKING_EXIT_DIRECTION,POST_TURN_BACKUP,1.0,0.328,,16.812,0,,PARKING_EXIT_DIRECTION > PARKING_EXIT_ARC_1 > PARKING_EXIT_ARC_2 > PARKING_EXIT_ARC_3 > PARKING_EXIT_SCAN > PARKING_EXIT_TIMED_CURVE > PARKING_EXIT_RED_REVERSE > PARKING_EXIT_RED_FORWARD > PARKING_EXIT_SHARP_RETURN > FOLLOW_STRAIGHT > APPROACH_CORNER > TURN_90 > POST_TURN_BACKUP
round2_run_20260916_184730_870169.csv,20260916,184730,PARKING_EXIT_DIRECTION,FAULT,0.0,0.391,,28.032,0,unknown Round 2 state STRAIGHT,PARKING_EXIT_DIRECTION > PARKING_EXIT_ARC_1 > PARKING_EXIT_ARC_2 > PARKING_EXIT_ARC_3 > PARKING_EXIT_SCAN > PARKING_EXIT_TIMED_CURVE > PARKING_EXIT_RED_REVERSE > PARKING_EXIT_RED_FORWARD > PARKING_EXIT_SHARP_RETURN > EMERGENCY_ESCAPE > DEEP_REVERSE_RECOVERY > REASSESS_FRONT > HARD_STOP_RELEASE > REASSESS_FRONT > HARD_STOP_RELEASE > REASSESS_FRONT > HARD_STOP_RELEASE > REASSESS_FRONT > HARD_STOP_RELEASE > REASSESS_FRONT > HARD_STOP_RELEASE > REASSESS_FRONT > HARD_STOP_RELEASE > STRAIGHT > FAULT
round2_run_20260916_184840_468551.csv,20260916,184840,PARKING_EXIT_DIRECTION,CONFIRM_PASSED,0.0,0.391,,16.36,1,,PARKING_EXIT_DIRECTION > PARKING_EXIT_ARC_1 > PARKING_EXIT_ARC_2 > PARKING_EXIT_ARC_3 > PARKING_EXIT_SCAN > PARKING_EXIT_TIMED_CURVE > PARKING_EXIT_RED_REVERSE > PARKING_EXIT_RED_FORWARD > PARKING_EXIT_SHARP_RETURN > EMERGENCY_ESCAPE > DEEP_REVERSE_RECOVERY > REASSESS_FRONT > HARD_STOP_RELEASE > REASSESS_FRONT > HARD_STOP_RELEASE > REASSESS_FRONT > HARD_STOP_RELEASE > REASSESS_FRONT > HARD_STOP_RELEASE > REASSESS_FRONT > ACQUIRE_PILLAR > PASS_RED_RIGHT > CONFIRM_PASSED
round2_run_20260916_184937_138689.csv,20260916,184937,PARKING_EXIT_DIRECTION,REASSESS_FRONT,0.0,0.391,,21.234,0,,PARKING_EXIT_DIRECTION > PARKING_EXIT_ARC_1 > PARKING_EXIT_ARC_2 > PARKING_EXIT_ARC_3 > PARKING_EXIT_SCAN > PARKING_EXIT_TIMED_CURVE > PARKING_EXIT_RED_REVERSE > PARKING_EXIT_RED_FORWARD > PARKING_EXIT_SHARP_RETURN > EMERGENCY_ESCAPE > DEEP_REVERSE_RECOVERY > REASSESS_FRONT > HARD_STOP_RELEASE > REASSESS_FRONT > HARD_STOP_RELEASE > REASSESS_FRONT > HARD_STOP_RELEASE > REASSESS_FRONT > HARD_STOP_RELEASE > REASSESS_FRONT > HARD_STOP_RELEASE > REASSESS_FRONT > HARD_STOP_RELEASE > REASSESS_FRONT > HARD_STOP_RELEASE > REASSESS_FRONT > HARD_STOP_RELEASE > REASSESS_FRONT
round2_run_20260916_185533_834208.csv,20260916,185533,PARKING_EXIT_DIRECTION,FAULT,0.0,0.313,,25.922,0,unknown Round 2 state STRAIGHT,PARKING_EXIT_DIRECTION > PARKING_EXIT_ARC_1 > PARKING_EXIT_ARC_2 > PARKING_EXIT_ARC_3 > PARKING_EXIT_SCAN > PARKING_EXIT_TIMED_CURVE > PARKING_EXIT_RED_REVERSE > PARKING_EXIT_RED_FORWARD > PARKING_EXIT_SHARP_RETURN > EMERGENCY_ESCAPE > DEEP_REVERSE_RECOVERY > REASSESS_FRONT > HARD_STOP_RELEASE > REASSESS_FRONT > HARD_STOP_RELEASE > REASSESS_FRONT > HARD_STOP_RELEASE > REASSESS_FRONT > HARD_STOP_RELEASE > STRAIGHT > FAULT
round2_run_20260916_185815_408771.csv,20260916,185815,PARKING_EXIT_DIRECTION,PASS_RED_RIGHT,6.0,0.328,,117.343,12,,PARKING_EXIT_DIRECTION > PARKING_EXIT_ARC_1 > PARKING_EXIT_ARC_2 > PARKING_EXIT_ARC_3 > PARKING_EXIT_SCAN > PARKING_EXIT_TIMED_CURVE > PARKING_EXIT_RED_REVERSE > PARKING_EXIT_RED_FORWARD > PARKING_EXIT_SHARP_RETURN > EMERGENCY_ESCAPE > PARKING_EXIT_SHARP_RETURN > FOLLOW_STRAIGHT > ACQUIRE_PILLAR > PASS_RED_RIGHT > EMERGENCY_ESCAPE > DEEP_REVERSE_RECOVERY > PASS_RED_RIGHT > CONFIRM_PASSED > FOLLOW_STRAIGHT > ACQUIRE_PILLAR > EMERGENCY_ESCAPE > ACQUIRE_PILLAR > FOLLOW_STRAIGHT > ACQUIRE_PILLAR > EMERGENCY_ESCAPE > ACQUIRE_PILLAR > FOLLOW_STRAIGHT > ACQUIRE_PILLAR > FOLLOW_STRAIGHT > HARD_STOP_RELEASE > REASSESS_FRONT > HARD_STOP_RELEASE > REASSESS_FRONT > HARD_STOP_RELEASE > FOLLOW_STRAIGHT > REASSESS_FRONT > FOLLOW_STRAIGHT > APPROACH_CORNER > TURN_90 > POST_TURN_BACKUP > POST_TURN_SCAN_HOLD > RECENTER > FOLLOW_STRAIGHT > ACQUIRE_PILLAR > PASS_RED_RIGHT > CONFIRM_PASSED > PASS_RED_RIGHT > CONFIRM_PASSED > FOLLOW_STRAIGHT > ACQUIRE_PILLAR > EMERGENCY_ESCAPE > ACQUIRE_PILLAR > PASS_RED_RIGHT > CONFIRM_PASSED > FOLLOW_STRAIGHT > APPROACH_CORNER > TURN_90 > POST_TURN_BACKUP > POST_TURN_SCAN_HOLD > ACQUIRE_PILLAR > PASS_RED_RIGHT > CONFIRM_PASSED > FOLLOW_STRAIGHT > ACQUIRE_PILLAR > PASS_RED_RIGHT > CONFIRM_PASSED > FOLLOW_STRAIGHT > APPROACH_CORNER > TURN_90 > POST_TURN_BACKUP > POST_TURN_SCAN_HOLD > ACQUIRE_PILLAR > PASS_RED_RIGHT > CONFIRM_PASSED > FOLLOW_STRAIGHT > ACQUIRE_PILLAR > PASS_GREEN_LEFT > CONFIRM_PASSED > FOLLOW_STRAIGHT > APPROACH_CORNER > TURN_90 > POST_TURN_BACKUP > POST_TURN_SCAN_HOLD > RECENTER > FOLLOW_STRAIGHT > ACQUIRE_PILLAR > PASS_RED_RIGHT > CONFIRM_PASSED > FOLLOW_STRAIGHT > ACQUIRE_PILLAR > PASS_RED_RIGHT > CONFIRM_PASSED > FOLLOW_STRAIGHT > APPROACH_CORNER > TURN_90 > POST_TURN_BACKUP > POST_TURN_SCAN_HOLD > RECENTER > FOLLOW_STRAIGHT > ACQUIRE_PILLAR > FOLLOW_STRAIGHT > ACQUIRE_PILLAR > PASS_RED_RIGHT > CONFIRM_PASSED > FOLLOW_STRAIGHT > ACQUIRE_PILLAR > PASS_RED_RIGHT > CONFIRM_PASSED > FOLLOW_STRAIGHT > APPROACH_CORNER > TURN_90 > POST_TURN_BACKUP > POST_TURN_SCAN_HOLD > RECENTER > FOLLOW_STRAIGHT > ACQUIRE_PILLAR > PASS_RED_RIGHT
round2_run_20260916_191959_023721.csv,20260916,191959,PARKING_EXIT_DIRECTION,REASSESS_FRONT,2.0,0.281,,39.89,5,,PARKING_EXIT_DIRECTION > PARKING_EXIT_ARC_1 > PARKING_EXIT_ARC_2 > PARKING_EXIT_ARC_3 > PARKING_EXIT_SCAN > PARKING_EXIT_CW_RETURN_1 > PARKING_EXIT_CW_RETURN_2 > PARKING_EXIT_COMPLETE > FOLLOW_STRAIGHT > APPROACH_CORNER > TURN_90 > POST_TURN_BACKUP > POST_TURN_SCAN_HOLD > ACQUIRE_PILLAR > FOLLOW_STRAIGHT > ACQUIRE_PILLAR > PASS_GREEN_LEFT > CONFIRM_PASSED > FOLLOW_STRAIGHT > ACQUIRE_PILLAR > PASS_GREEN_LEFT > CONFIRM_PASSED > FOLLOW_STRAIGHT > APPROACH_CORNER > TURN_90 > POST_TURN_BACKUP > POST_TURN_SCAN_HOLD > RECENTER > FOLLOW_STRAIGHT > ACQUIRE_PILLAR > PASS_RED_RIGHT > CONFIRM_PASSED > PASS_RED_RIGHT > CONFIRM_PASSED > FOLLOW_STRAIGHT > ACQUIRE_PILLAR > PASS_GREEN_LEFT > CONFIRM_PASSED > FOLLOW_STRAIGHT > HARD_STOP_RELEASE > REASSESS_FRONT > EMERGENCY_ESCAPE > DEEP_REVERSE_RECOVERY > REASSESS_FRONT > FOLLOW_STRAIGHT > HARD_STOP_RELEASE > REASSESS_FRONT
round2_run_20260916_192140_123964.csv,20260916,192140,PARKING_EXIT_DIRECTION,PARKING_EXIT_DIRECTION,0.0,,,8.61,0,,PARKING_EXIT_DIRECTION
round2_run_20260916_192224_792057.csv,20260916,192224,PARKING_EXIT_DIRECTION,PARKING_EXIT_DIRECTION,0.0,,,16.266,0,,PARKING_EXIT_DIRECTION
round2_run_20260916_192323_512678.csv,20260916,192323,PARKING_EXIT_DIRECTION,APPROACH_CORNER,11.0,0.281,,246.141,27,,PARKING_EXIT_DIRECTION > PARKING_EXIT_ARC_1 > PARKING_EXIT_ARC_2 > PARKING_EXIT_ARC_3 > PARKING_EXIT_SCAN > PARKING_EXIT_CW_RETURN_1 > PARKING_EXIT_CW_RETURN_2 > PARKING_EXIT_COMPLETE > FOLLOW_STRAIGHT > APPROACH_CORNER > TURN_90 > POST_TURN_BACKUP > POST_TURN_SCAN_HOLD > ACQUIRE_PILLAR > FOLLOW_STRAIGHT > ACQUIRE_PILLAR > FOLLOW_STRAIGHT > ACQUIRE_PILLAR > PASS_GREEN_LEFT > CONFIRM_PASSED > FOLLOW_STRAIGHT > ACQUIRE_PILLAR > PASS_RED_RIGHT > CONFIRM_PASSED > FOLLOW_STRAIGHT > APPROACH_CORNER > TURN_90 > POST_TURN_BACKUP > POST_TURN_SCAN_HOLD > ACQUIRE_PILLAR > PASS_RED_RIGHT > CONFIRM_PASSED > FOLLOW_STRAIGHT > ACQUIRE_PILLAR > FOLLOW_STRAIGHT > ACQUIRE_PILLAR > FOLLOW_STRAIGHT > ACQUIRE_PILLAR > FOLLOW_STRAIGHT > ACQUIRE_PILLAR > FOLLOW_STRAIGHT > ACQUIRE_PILLAR > PASS_GREEN_LEFT > CONFIRM_PASSED > FOLLOW_STRAIGHT > APPROACH_CORNER > TURN_90 > POST_TURN_BACKUP > POST_TURN_SCAN_HOLD > RECENTER > FOLLOW_STRAIGHT > ACQUIRE_PILLAR > PASS_GREEN_LEFT > CONFIRM_PASSED > PASS_GREEN_LEFT > CONFIRM_PASSED > FOLLOW_STRAIGHT > ACQUIRE_PILLAR > FOLLOW_STRAIGHT > ACQUIRE_PILLAR > PASS_RED_RIGHT > CONFIRM_PASSED > FOLLOW_STRAIGHT > APPROACH_CORNER > TURN_90 > POST_TURN_BACKUP > POST_TURN_SCAN_HOLD > RECENTER > FOLLOW_STRAIGHT > ACQUIRE_PILLAR > PASS_GREEN_LEFT > CONFIRM_PASSED > FOLLOW_STRAIGHT > ACQUIRE_PILLAR > PASS_GREEN_LEFT > CONFIRM_PASSED > FOLLOW_STRAIGHT > APPROACH_CORNER > TURN_90 > POST_TURN_BACKUP > POST_TURN_SCAN_HOLD > RECENTER > FOLLOW_STRAIGHT > ACQUIRE_PILLAR > FOLLOW_STRAIGHT > ACQUIRE_PILLAR > FOLLOW_STRAIGHT > ACQUIRE_PILLAR > PASS_GREEN_LEFT > EMERGENCY_ESCAPE > PASS_GREEN_LEFT > CONFIRM_PASSED > FOLLOW_STRAIGHT > ACQUIRE_PILLAR > PASS_GREEN_LEFT > CONFIRM_PASSED > FOLLOW_STRAIGHT > APPROACH_CORNER > TURN_90 > POST_TURN_BACKUP > POST_TURN_SCAN_HOLD > ACQUIRE_PILLAR > FOLLOW_STRAIGHT > ACQUIRE_PILLAR > PASS_RED_RIGHT > CONFIRM_PASSED > PASS_RED_RIGHT > CONFIRM_PASSED > FOLLOW_STRAIGHT > ACQUIRE_PILLAR > FOLLOW_STRAIGHT > APPROACH_CORNER > TURN_90 > POST_TURN_BACKUP > POST_TURN_SCAN_HOLD > RECENTER > FOLLOW_STRAIGHT > ACQUIRE_PILLAR > FOLLOW_STRAIGHT > ACQUIRE_PILLAR > FOLLOW_STRAIGHT > ACQUIRE_PILLAR > PASS_RED_RIGHT > CONFIRM_PASSED > PASS_RED_RIGHT > CONFIRM_PASSED > FOLLOW_STRAIGHT > ACQUIRE_PILLAR > FOLLOW_STRAIGHT > APPROACH_CORNER > TURN_90 > POST_TURN_BACKUP > POST_TURN_SCAN_HOLD > ACQUIRE_PILLAR > PASS_GREEN_LEFT > CONFIRM_PASSED > PASS_GREEN_LEFT > CONFIRM_PASSED > FOLLOW_STRAIGHT > ACQUIRE_PILLAR > PASS_RED_RIGHT > CONFIRM_PASSED > FOLLOW_STRAIGHT > HARD_STOP_RELEASE > REASSESS_FRONT > HARD_STOP_RELEASE > REASSESS_FRONT > HARD_STOP_RELEASE > REASSESS_FRONT > FOLLOW_STRAIGHT > DEEP_REVERSE_RECOVERY > REASSESS_FRONT > EMERGENCY_ESCAPE > FOLLOW_STRAIGHT > HARD_STOP_RELEASE > REASSESS_FRONT > EMERGENCY_ESCAPE > FOLLOW_STRAIGHT > HARD_STOP_RELEASE > REASSESS_FRONT > FOLLOW_STRAIGHT > HARD_STOP_RELEASE > FOLLOW_STRAIGHT > REASSESS_FRONT > FOLLOW_STRAIGHT > DEEP_REVERSE_RECOVERY > REASSESS_FRONT > HARD_STOP_RELEASE > FOLLOW_STRAIGHT > REASSESS_FRONT > FOLLOW_STRAIGHT > HARD_STOP_RELEASE > REASSESS_FRONT > EMERGENCY_ESCAPE > DEEP_REVERSE_RECOVERY > REASSESS_FRONT > HARD_STOP_RELEASE > REASSESS_FRONT > HARD_STOP_RELEASE > REASSESS_FRONT > HARD_STOP_RELEASE > REASSESS_FRONT > FOLLOW_STRAIGHT > APPROACH_CORNER > TURN_90 > POST_TURN_BACKUP > POST_TURN_SCAN_HOLD > ACQUIRE_PILLAR > PASS_GREEN_LEFT > CONFIRM_PASSED > PASS_GREEN_LEFT > CONFIRM_PASSED > PASS_GREEN_LEFT > CONFIRM_PASSED > FOLLOW_STRAIGHT > ACQUIRE_PILLAR > PASS_GREEN_LEFT > CONFIRM_PASSED > PASS_GREEN_LEFT > CONFIRM_PASSED > FOLLOW_STRAIGHT > APPROACH_CORNER > TURN_90 > POST_TURN_BACKUP > POST_TURN_SCAN_HOLD > ACQUIRE_PILLAR > FOLLOW_STRAIGHT > ACQUIRE_PILLAR > FOLLOW_STRAIGHT > ACQUIRE_PILLAR > PASS_RED_RIGHT > CONFIRM_PASSED > PASS_RED_RIGHT > CONFIRM_PASSED > FOLLOW_STRAIGHT > ACQUIRE_PILLAR > FOLLOW_STRAIGHT > APPROACH_CORNER > TURN_90 > POST_TURN_BACKUP > POST_TURN_SCAN_HOLD > RECENTER > FOLLOW_STRAIGHT > ACQUIRE_PILLAR > PASS_GREEN_LEFT > CONFIRM_PASSED > FOLLOW_STRAIGHT > ACQUIRE_PILLAR > FOLLOW_STRAIGHT > ACQUIRE_PILLAR > PASS_RED_RIGHT > CONFIRM_PASSED > FOLLOW_STRAIGHT > APPROACH_CORNER
round2_run_20260916_192925_549485.csv,20260916,192925,PARKING_EXIT_DIRECTION,REASSESS_FRONT,2.0,0.313,,123.422,6,,PARKING_EXIT_DIRECTION > PARKING_EXIT_ARC_1 > PARKING_EXIT_ARC_2 > PARKING_EXIT_ARC_3 > PARKING_EXIT_SCAN > PARKING_EXIT_CW_RETURN_1 > PARKING_EXIT_CW_RETURN_2 > PARKING_EXIT_COMPLETE > FOLLOW_STRAIGHT > APPROACH_CORNER > TURN_90 > POST_TURN_BACKUP > POST_TURN_SCAN_HOLD > ACQUIRE_PILLAR > PASS_GREEN_LEFT > CONFIRM_PASSED > PASS_GREEN_LEFT > CONFIRM_PASSED > FOLLOW_STRAIGHT > ACQUIRE_PILLAR > PASS_GREEN_LEFT > CONFIRM_PASSED > FOLLOW_STRAIGHT > APPROACH_CORNER > TURN_90 > POST_TURN_BACKUP > POST_TURN_SCAN_HOLD > RECENTER > FOLLOW_STRAIGHT > ACQUIRE_PILLAR > FOLLOW_STRAIGHT > ACQUIRE_PILLAR > FOLLOW_STRAIGHT > ACQUIRE_PILLAR > PASS_RED_RIGHT > CONFIRM_PASSED > PASS_RED_RIGHT > CONFIRM_PASSED > FOLLOW_STRAIGHT > ACQUIRE_PILLAR > PASS_GREEN_LEFT > CONFIRM_PASSED > FOLLOW_STRAIGHT > APPROACH_CORNER > HARD_STOP_RELEASE > REASSESS_FRONT > HARD_STOP_RELEASE > APPROACH_CORNER > REASSESS_FRONT > FOLLOW_STRAIGHT > HARD_STOP_RELEASE > REASSESS_FRONT > EMERGENCY_ESCAPE > DEEP_REVERSE_RECOVERY > REASSESS_FRONT > FOLLOW_STRAIGHT > HARD_STOP_RELEASE > REASSESS_FRONT > EMERGENCY_ESCAPE > DEEP_REVERSE_RECOVERY > REASSESS_FRONT > FOLLOW_STRAIGHT > HARD_STOP_RELEASE > REASSESS_FRONT > HARD_STOP_RELEASE > REASSESS_FRONT > HARD_STOP_RELEASE > REASSESS_FRONT > FOLLOW_STRAIGHT > DEEP_REVERSE_RECOVERY > REASSESS_FRONT > HARD_STOP_RELEASE > REASSESS_FRONT > EMERGENCY_ESCAPE > DEEP_REVERSE_RECOVERY > REASSESS_FRONT > EMERGENCY_ESCAPE > DEEP_REVERSE_RECOVERY > REASSESS_FRONT > FOLLOW_STRAIGHT > HARD_STOP_RELEASE > REASSESS_FRONT > EMERGENCY_ESCAPE > DEEP_REVERSE_RECOVERY > REASSESS_FRONT > EMERGENCY_ESCAPE > FOLLOW_STRAIGHT > HARD_STOP_RELEASE > REASSESS_FRONT > HARD_STOP_RELEASE > REASSESS_FRONT > HARD_STOP_RELEASE > REASSESS_FRONT
round2_run_20260916_193218_612007.csv,20260916,193218,PARKING_EXIT_DIRECTION,REASSESS_FRONT,3.0,0.328,,54.781,4,,PARKING_EXIT_DIRECTION > PARKING_EXIT_ARC_1 > PARKING_EXIT_ARC_2 > PARKING_EXIT_ARC_3 > PARKING_EXIT_SCAN > PARKING_EXIT_CW_RETURN_1 > PARKING_EXIT_CW_RETURN_2 > PARKING_EXIT_COMPLETE > FOLLOW_STRAIGHT > APPROACH_CORNER > TURN_90 > POST_TURN_BACKUP > POST_TURN_SCAN_HOLD > RECENTER > FOLLOW_STRAIGHT > ACQUIRE_PILLAR > PASS_GREEN_LEFT > CONFIRM_PASSED > FOLLOW_STRAIGHT > ACQUIRE_PILLAR > PASS_GREEN_LEFT > CONFIRM_PASSED > FOLLOW_STRAIGHT > APPROACH_CORNER > TURN_90 > POST_TURN_BACKUP > POST_TURN_SCAN_HOLD > ACQUIRE_PILLAR > PASS_RED_RIGHT > EMERGENCY_ESCAPE > PASS_RED_RIGHT > CONFIRM_PASSED > FOLLOW_STRAIGHT > ACQUIRE_PILLAR > PASS_RED_RIGHT > CONFIRM_PASSED > FOLLOW_STRAIGHT > APPROACH_CORNER > TURN_90 > POST_TURN_BACKUP > POST_TURN_SCAN_HOLD > RECENTER > FOLLOW_STRAIGHT > HARD_STOP_RELEASE > REASSESS_FRONT > HARD_STOP_RELEASE > REASSESS_FRONT > HARD_STOP_RELEASE > REASSESS_FRONT
round2_run_20260917_113026_854195.csv,20260917,113026,PARKING_EXIT_DIRECTION,REASSESS_FRONT,2.0,0.406,,86.328,6,,PARKING_EXIT_DIRECTION > PARKING_EXIT_ARC_1 > PARKING_EXIT_ARC_2 > PARKING_EXIT_ARC_3 > PARKING_EXIT_SCAN > PARKING_EXIT_CW_RETURN_1 > PARKING_EXIT_CW_RETURN_2 > PARKING_EXIT_COMPLETE > FOLLOW_STRAIGHT > APPROACH_CORNER > TURN_90 > POST_TURN_BACKUP > POST_TURN_SCAN_HOLD > RECENTER > FOLLOW_STRAIGHT > ACQUIRE_PILLAR > PASS_RED_RIGHT > CONFIRM_PASSED > PASS_RED_RIGHT > CONFIRM_PASSED > PILLAR_RECENTER > FOLLOW_STRAIGHT > ACQUIRE_PILLAR > PASS_RED_RIGHT > CONFIRM_PASSED > PASS_RED_RIGHT > CONFIRM_PASSED > PILLAR_RECENTER > FOLLOW_STRAIGHT > APPROACH_CORNER > TURN_90 > POST_TURN_BACKUP > POST_TURN_SCAN_HOLD > ACQUIRE_PILLAR > PASS_RED_RIGHT > CONFIRM_PASSED > PILLAR_RECENTER > FOLLOW_STRAIGHT > ACQUIRE_PILLAR > PASS_GREEN_LEFT > CONFIRM_PASSED > PILLAR_RECENTER > FOLLOW_STRAIGHT > APPROACH_CORNER > HARD_STOP_RELEASE > REASSESS_FRONT
round2_run_20260917_114243_957723.csv,20260917,114243,PARKING_EXIT_DIRECTION,REASSESS_FRONT,2.0,0.328,,55.343,4,,PARKING_EXIT_DIRECTION > PARKING_EXIT_ARC_1 > PARKING_EXIT_ARC_2 > PARKING_EXIT_ARC_3 > PARKING_EXIT_SCAN > PARKING_EXIT_CW_RETURN_1 > PARKING_EXIT_CW_RETURN_2 > PARKING_EXIT_COMPLETE > FOLLOW_STRAIGHT > APPROACH_CORNER > TURN_90 > POST_TURN_BACKUP > POST_TURN_SCAN_HOLD > RECENTER > FOLLOW_STRAIGHT > ACQUIRE_PILLAR > PASS_RED_RIGHT > CONFIRM_PASSED > PILLAR_RECENTER > FOLLOW_STRAIGHT > ACQUIRE_PILLAR > PASS_GREEN_LEFT > CONFIRM_PASSED > PILLAR_RECENTER > FOLLOW_STRAIGHT > APPROACH_CORNER > TURN_90 > POST_TURN_BACKUP > POST_TURN_SCAN_HOLD > ACQUIRE_PILLAR > PASS_RED_RIGHT > CONFIRM_PASSED > PILLAR_RECENTER > FOLLOW_STRAIGHT > ACQUIRE_PILLAR > PASS_GREEN_LEFT > CONFIRM_PASSED > PILLAR_RECENTER > HARD_STOP_RELEASE > REASSESS_FRONT > FOLLOW_STRAIGHT > HARD_STOP_RELEASE > REASSESS_FRONT > HARD_STOP_RELEASE > REASSESS_FRONT > HARD_STOP_RELEASE > REASSESS_FRONT > FOLLOW_STRAIGHT > APPROACH_CORNER > DEEP_REVERSE_RECOVERY > REASSESS_FRONT > HARD_STOP_RELEASE > REASSESS_FRONT > FOLLOW_STRAIGHT > HARD_STOP_RELEASE > REASSESS_FRONT > EMERGENCY_ESCAPE > DEEP_REVERSE_RECOVERY > REASSESS_FRONT > HARD_STOP_RELEASE > REASSESS_FRONT > HARD_STOP_RELEASE > REASSESS_FRONT > HARD_STOP_RELEASE > REASSESS_FRONT
round2_run_20260917_114447_345676.csv,20260917,114447,PARKING_EXIT_DIRECTION,REASSESS_FRONT,2.0,0.297,,47.188,3,,PARKING_EXIT_DIRECTION > PARKING_EXIT_ARC_1 > PARKING_EXIT_ARC_2 > PARKING_EXIT_ARC_3 > PARKING_EXIT_SCAN > PARKING_EXIT_CW_RETURN_1 > PARKING_EXIT_CW_RETURN_2 > PARKING_EXIT_COMPLETE > FOLLOW_STRAIGHT > APPROACH_CORNER > TURN_90 > POST_TURN_BACKUP > POST_TURN_SCAN_HOLD > RECENTER > FOLLOW_STRAIGHT > ACQUIRE_PILLAR > FOLLOW_STRAIGHT > ACQUIRE_PILLAR > FOLLOW_STRAIGHT > ACQUIRE_PILLAR > FOLLOW_STRAIGHT > ACQUIRE_PILLAR > PASS_RED_RIGHT > CONFIRM_PASSED > PILLAR_RECENTER > FOLLOW_STRAIGHT > APPROACH_CORNER > TURN_90 > POST_TURN_BACKUP > POST_TURN_SCAN_HOLD > ACQUIRE_PILLAR > PASS_RED_RIGHT > CONFIRM_PASSED > PILLAR_RECENTER > FOLLOW_STRAIGHT > ACQUIRE_PILLAR > PASS_GREEN_LEFT > CONFIRM_PASSED > PILLAR_RECENTER > HARD_STOP_RELEASE > REASSESS_FRONT > EMERGENCY_ESCAPE > DEEP_REVERSE_RECOVERY > REASSESS_FRONT > HARD_STOP_RELEASE > REASSESS_FRONT > HARD_STOP_RELEASE > REASSESS_FRONT > HARD_STOP_RELEASE > REASSESS_FRONT > HARD_STOP_RELEASE > REASSESS_FRONT > HARD_STOP_RELEASE > REASSESS_FRONT
round2_run_20260917_114621_460336.csv,20260917,114621,PARKING_EXIT_DIRECTION,REASSESS_FRONT,1.0,0.313,,30.735,5,,PARKING_EXIT_DIRECTION > PARKING_EXIT_ARC_1 > PARKING_EXIT_ARC_2 > PARKING_EXIT_ARC_3 > PARKING_EXIT_SCAN > PARKING_EXIT_CW_RETURN_1 > PARKING_EXIT_CW_RETURN_2 > PARKING_EXIT_COMPLETE > FOLLOW_STRAIGHT > APPROACH_CORNER > TURN_90 > POST_TURN_BACKUP > POST_TURN_SCAN_HOLD > RECENTER > FOLLOW_STRAIGHT > ACQUIRE_PILLAR > FOLLOW_STRAIGHT > ACQUIRE_PILLAR > PASS_RED_RIGHT > CONFIRM_PASSED > PASS_RED_RIGHT > CONFIRM_PASSED > PILLAR_RECENTER > FOLLOW_STRAIGHT > ACQUIRE_PILLAR > PASS_RED_RIGHT > CONFIRM_PASSED > PASS_RED_RIGHT > CONFIRM_PASSED > PASS_RED_RIGHT > EMERGENCY_ESCAPE > DEEP_REVERSE_RECOVERY > HARD_STOP_RELEASE > PASS_RED_RIGHT > CONFIRM_PASSED > PILLAR_RECENTER > FOLLOW_STRAIGHT > HARD_STOP_RELEASE > REASSESS_FRONT > EMERGENCY_ESCAPE > DEEP_REVERSE_RECOVERY > REASSESS_FRONT
round2_run_20260917_114823_840552.csv,20260917,114823,PARKING_EXIT_DIRECTION,REASSESS_FRONT,2.0,0.313,,57.172,3,,PARKING_EXIT_DIRECTION > PARKING_EXIT_ARC_1 > PARKING_EXIT_ARC_2 > PARKING_EXIT_ARC_3 > PARKING_EXIT_SCAN > PARKING_EXIT_CW_RETURN_1 > PARKING_EXIT_CW_RETURN_2 > PARKING_EXIT_COMPLETE > FOLLOW_STRAIGHT > APPROACH_CORNER > TURN_90 > POST_TURN_BACKUP > POST_TURN_SCAN_HOLD > RECENTER > FOLLOW_STRAIGHT > APPROACH_CORNER > TURN_90 > POST_TURN_BACKUP > POST_TURN_SCAN_HOLD > ACQUIRE_PILLAR > PASS_RED_RIGHT > CONFIRM_PASSED > PASS_RED_RIGHT > CONFIRM_PASSED > PILLAR_RECENTER > FOLLOW_STRAIGHT > HARD_STOP_RELEASE > REASSESS_FRONT > FOLLOW_STRAIGHT > ACQUIRE_PILLAR > FOLLOW_STRAIGHT > HARD_STOP_RELEASE > REASSESS_FRONT > HARD_STOP_RELEASE > REASSESS_FRONT > FOLLOW_STRAIGHT > ACQUIRE_PILLAR > PASS_GREEN_LEFT > CONFIRM_PASSED > PILLAR_RECENTER > FOLLOW_STRAIGHT > APPROACH_CORNER > HARD_STOP_RELEASE > REASSESS_FRONT > APPROACH_CORNER > HARD_STOP_RELEASE > REASSESS_FRONT > APPROACH_CORNER > HARD_STOP_RELEASE > REASSESS_FRONT > APPROACH_CORNER > DEEP_REVERSE_RECOVERY > REASSESS_FRONT > HARD_STOP_RELEASE > REASSESS_FRONT > HARD_STOP_RELEASE > REASSESS_FRONT > HARD_STOP_RELEASE > REASSESS_FRONT
round2_run_20260917_123127_718979.csv,20260917,123127,PARKING_EXIT_DIRECTION,REASSESS_FRONT,7.0,0.391,,163.188,17,,PARKING_EXIT_DIRECTION > PARKING_EXIT_ARC_1 > PARKING_EXIT_ARC_2 > PARKING_EXIT_ARC_3 > PARKING_EXIT_SCAN > PARKING_EXIT_TIMED_CURVE > PARKING_EXIT_RED_REVERSE > PARKING_EXIT_RED_FORWARD > PARKING_EXIT_SHARP_RETURN > FOLLOW_STRAIGHT > ACQUIRE_PILLAR > FOLLOW_STRAIGHT > ACQUIRE_PILLAR > PASS_GREEN_LEFT > CONFIRM_PASSED > PILLAR_RECENTER > HARD_STOP_RELEASE > REASSESS_FRONT > EMERGENCY_ESCAPE > DEEP_REVERSE_RECOVERY > REASSESS_FRONT > HARD_STOP_RELEASE > REASSESS_FRONT > HARD_STOP_RELEASE > REASSESS_FRONT > HARD_STOP_RELEASE > REASSESS_FRONT > HARD_STOP_RELEASE > REASSESS_FRONT > HARD_STOP_RELEASE > REASSESS_FRONT > HARD_STOP_RELEASE > REASSESS_FRONT > HARD_STOP_RELEASE > REASSESS_FRONT > HARD_STOP_RELEASE > REASSESS_FRONT > HARD_STOP_RELEASE > REASSESS_FRONT > HARD_STOP_RELEASE > REASSESS_FRONT > HARD_STOP_RELEASE > REASSESS_FRONT > FOLLOW_STRAIGHT > APPROACH_CORNER > TURN_90 > POST_TURN_BACKUP > POST_TURN_SCAN_HOLD > ACQUIRE_PILLAR > PASS_GREEN_LEFT > EMERGENCY_ESCAPE > PASS_GREEN_LEFT > CONFIRM_PASSED > PILLAR_RECENTER > FOLLOW_STRAIGHT > ACQUIRE_PILLAR > PASS_GREEN_LEFT > CONFIRM_PASSED > PILLAR_RECENTER > FOLLOW_STRAIGHT > ACQUIRE_PILLAR > PASS_RED_RIGHT > CONFIRM_PASSED > PILLAR_RECENTER > FOLLOW_STRAIGHT > APPROACH_CORNER > TURN_90 > POST_TURN_BACKUP > POST_TURN_SCAN_HOLD > RECENTER > FOLLOW_STRAIGHT > ACQUIRE_PILLAR > FOLLOW_STRAIGHT > ACQUIRE_PILLAR > PASS_RED_RIGHT > CONFIRM_PASSED > PILLAR_RECENTER > FOLLOW_STRAIGHT > APPROACH_CORNER > TURN_90 > POST_TURN_BACKUP > POST_TURN_SCAN_HOLD > ACQUIRE_PILLAR > PASS_GREEN_LEFT > CONFIRM_PASSED > PASS_GREEN_LEFT > CONFIRM_PASSED > PILLAR_RECENTER > FOLLOW_STRAIGHT > ACQUIRE_PILLAR > FOLLOW_STRAIGHT > APPROACH_CORNER > TURN_90 > POST_TURN_BACKUP > POST_TURN_SCAN_HOLD > RECENTER > FOLLOW_STRAIGHT > ACQUIRE_PILLAR > PASS_GREEN_LEFT > CONFIRM_PASSED > PILLAR_RECENTER > FOLLOW_STRAIGHT > ACQUIRE_PILLAR > PASS_RED_RIGHT > CONFIRM_PASSED > PILLAR_RECENTER > FOLLOW_STRAIGHT > APPROACH_CORNER > TURN_90 > POST_TURN_BACKUP > POST_TURN_SCAN_HOLD > RECENTER > FOLLOW_STRAIGHT > ACQUIRE_PILLAR > PASS_RED_RIGHT > CONFIRM_PASSED > PASS_RED_RIGHT > CONFIRM_PASSED > PILLAR_RECENTER > FOLLOW_STRAIGHT > ACQUIRE_PILLAR > FOLLOW_STRAIGHT > ACQUIRE_PILLAR > FOLLOW_STRAIGHT > ACQUIRE_PILLAR > FOLLOW_STRAIGHT > ACQUIRE_PILLAR > PASS_GREEN_LEFT > CONFIRM_PASSED > PILLAR_RECENTER > FOLLOW_STRAIGHT > HARD_STOP_RELEASE > REASSESS_FRONT > EMERGENCY_ESCAPE > DEEP_REVERSE_RECOVERY > REASSESS_FRONT > HARD_STOP_RELEASE > FOLLOW_STRAIGHT > REASSESS_FRONT > FOLLOW_STRAIGHT > APPROACH_CORNER > TURN_90 > POST_TURN_BACKUP > POST_TURN_SCAN_HOLD > ACQUIRE_PILLAR > PASS_GREEN_LEFT > CONFIRM_PASSED > PILLAR_RECENTER > FOLLOW_STRAIGHT > ACQUIRE_PILLAR > PASS_RED_RIGHT > CONFIRM_PASSED > PILLAR_RECENTER > FOLLOW_STRAIGHT > APPROACH_CORNER > TURN_90 > POST_TURN_BACKUP > POST_TURN_SCAN_HOLD > RECENTER > FOLLOW_STRAIGHT > ACQUIRE_PILLAR > PASS_GREEN_LEFT > CONFIRM_PASSED > PASS_GREEN_LEFT > CONFIRM_PASSED > PASS_GREEN_LEFT > CONFIRM_PASSED > PILLAR_RECENTER > FOLLOW_STRAIGHT > HARD_STOP_RELEASE > REASSESS_FRONT > HARD_STOP_RELEASE > REASSESS_FRONT > HARD_STOP_RELEASE > REASSESS_FRONT
round2_run_20260917_130657_080404.csv,20260917,130657,PARKING_EXIT_DIRECTION,PARKING_EXIT_ARC_1,0.0,0.39,,12.968,0,,PARKING_EXIT_DIRECTION > PARKING_EXIT_ARC_1
round2_run_20260917_130724_459984.csv,20260917,130724,PARKING_EXIT_DIRECTION,PARKING_EXIT_ARC_2,0.0,0.281,,20.297,0,,PARKING_EXIT_DIRECTION > PARKING_EXIT_ARC_1 > PARKING_EXIT_ARC_2
round2_run_20260917_130810_139516.csv,20260917,130810,PARKING_EXIT_DIRECTION,COMPLETE,12.0,0.313,203.9,220.016,23,,PARKING_EXIT_DIRECTION > PARKING_EXIT_ARC_1 > PARKING_EXIT_ARC_2 > PARKING_EXIT_ARC_3 > PARKING_EXIT_SCAN > PARKING_EXIT_CW_RETURN_1 > PARKING_EXIT_CW_RETURN_2 > PARKING_EXIT_COMPLETE > FOLLOW_STRAIGHT > APPROACH_CORNER > TURN_90 > POST_TURN_BACKUP > POST_TURN_SCAN_HOLD > ACQUIRE_PILLAR > PASS_GREEN_LEFT > CONFIRM_PASSED > PASS_GREEN_LEFT > CONFIRM_PASSED > PASS_GREEN_LEFT > CONFIRM_PASSED > PILLAR_RECENTER > FOLLOW_STRAIGHT > ACQUIRE_PILLAR > PASS_RED_RIGHT > CONFIRM_PASSED > PILLAR_RECENTER > APPROACH_CORNER > TURN_90 > POST_TURN_BACKUP > POST_TURN_SCAN_HOLD > ACQUIRE_PILLAR > FOLLOW_STRAIGHT > ACQUIRE_PILLAR > FOLLOW_STRAIGHT > ACQUIRE_PILLAR > PASS_GREEN_LEFT > CONFIRM_PASSED > PILLAR_RECENTER > FOLLOW_STRAIGHT > APPROACH_CORNER > TURN_90 > POST_TURN_BACKUP > POST_TURN_SCAN_HOLD > RECENTER > FOLLOW_STRAIGHT > ACQUIRE_PILLAR > PASS_RED_RIGHT > CONFIRM_PASSED > PILLAR_RECENTER > FOLLOW_STRAIGHT > ACQUIRE_PILLAR > FOLLOW_STRAIGHT > ACQUIRE_PILLAR > PASS_GREEN_LEFT > CONFIRM_PASSED > PILLAR_RECENTER > APPROACH_CORNER > TURN_90 > POST_TURN_BACKUP > POST_TURN_SCAN_HOLD > RECENTER > FOLLOW_STRAIGHT > ACQUIRE_PILLAR > PASS_RED_RIGHT > CONFIRM_PASSED > PILLAR_RECENTER > FOLLOW_STRAIGHT > ACQUIRE_PILLAR > PASS_GREEN_LEFT > CONFIRM_PASSED > PILLAR_RECENTER > APPROACH_CORNER > TURN_90 > POST_TURN_BACKUP > POST_TURN_SCAN_HOLD > RECENTER > FOLLOW_STRAIGHT > ACQUIRE_PILLAR > PASS_GREEN_LEFT > CONFIRM_PASSED > PASS_GREEN_LEFT > CONFIRM_PASSED > PILLAR_RECENTER > FOLLOW_STRAIGHT > ACQUIRE_PILLAR > PASS_RED_RIGHT > CONFIRM_PASSED > PILLAR_RECENTER > FOLLOW_STRAIGHT > APPROACH_CORNER > TURN_90 > POST_TURN_BACKUP > POST_TURN_SCAN_HOLD > RECENTER > FOLLOW_STRAIGHT > ACQUIRE_PILLAR > PASS_GREEN_LEFT > CONFIRM_PASSED > PILLAR_RECENTER > FOLLOW_STRAIGHT > APPROACH_CORNER > TURN_90 > POST_TURN_BACKUP > POST_TURN_SCAN_HOLD > RECENTER > FOLLOW_STRAIGHT > ACQUIRE_PILLAR > PASS_RED_RIGHT > CONFIRM_PASSED > PILLAR_RECENTER > FOLLOW_STRAIGHT > ACQUIRE_PILLAR > FOLLOW_STRAIGHT > ACQUIRE_PILLAR > PASS_GREEN_LEFT > CONFIRM_PASSED > PILLAR_RECENTER > APPROACH_CORNER > TURN_90 > POST_TURN_BACKUP > POST_TURN_SCAN_HOLD > RECENTER > FOLLOW_STRAIGHT > ACQUIRE_PILLAR > PASS_RED_RIGHT > CONFIRM_PASSED > PILLAR_RECENTER > FOLLOW_STRAIGHT > ACQUIRE_PILLAR > PASS_GREEN_LEFT > CONFIRM_PASSED > PILLAR_RECENTER > APPROACH_CORNER > TURN_90 > POST_TURN_BACKUP > POST_TURN_SCAN_HOLD > RECENTER > FOLLOW_STRAIGHT > ACQUIRE_PILLAR > PASS_GREEN_LEFT > CONFIRM_PASSED > PILLAR_RECENTER > FOLLOW_STRAIGHT > ACQUIRE_PILLAR > PASS_RED_RIGHT > CONFIRM_PASSED > PILLAR_RECENTER > FOLLOW_STRAIGHT > APPROACH_CORNER > TURN_90 > POST_TURN_BACKUP > POST_TURN_SCAN_HOLD > RECENTER > FOLLOW_STRAIGHT > ACQUIRE_PILLAR > PASS_GREEN_LEFT > CONFIRM_PASSED > PILLAR_RECENTER > FOLLOW_STRAIGHT > APPROACH_CORNER > TURN_90 > POST_TURN_BACKUP > POST_TURN_SCAN_HOLD > RECENTER > FOLLOW_STRAIGHT > ACQUIRE_PILLAR > PASS_RED_RIGHT > CONFIRM_PASSED > PILLAR_RECENTER > FOLLOW_STRAIGHT > ACQUIRE_PILLAR > FOLLOW_STRAIGHT > ACQUIRE_PILLAR > PASS_GREEN_LEFT > CONFIRM_PASSED > PILLAR_RECENTER > APPROACH_CORNER > TURN_90 > PARKING_ENTRY_LAUNCH > PARKING_ENTRY_SEARCH > ACQUIRE_PILLAR > PASS_RED_RIGHT > CONFIRM_PASSED > PILLAR_RECENTER > PARKING_ENTRY_SEARCH > PARKING_IN_CLOCK_ARC > PARKING_IN_CLOCK_STRAIGHT > COMPLETE
round2_run_20260917_133307_497611.csv,20260917,133307,PARKING_EXIT_DIRECTION,FAULT,4.0,0.266,,97.266,7,parking approach timed out before center reached 105 cm,PARKING_EXIT_DIRECTION > PARKING_EXIT_ARC_1 > PARKING_EXIT_ARC_2 > PARKING_EXIT_ARC_3 > PARKING_EXIT_SCAN > PARKING_EXIT_CW_RETURN_1 > PARKING_EXIT_CW_RETURN_2 > PARKING_EXIT_COMPLETE > FOLLOW_STRAIGHT > APPROACH_CORNER > TURN_90 > POST_TURN_BACKUP > POST_TURN_SCAN_HOLD > ACQUIRE_PILLAR > PASS_GREEN_LEFT > CONFIRM_PASSED > PILLAR_RECENTER > FOLLOW_STRAIGHT > ACQUIRE_PILLAR > PASS_GREEN_LEFT > CONFIRM_PASSED > PILLAR_RECENTER > FOLLOW_STRAIGHT > ACQUIRE_PILLAR > PASS_GREEN_LEFT > EMERGENCY_ESCAPE > PASS_GREEN_LEFT > CONFIRM_PASSED > PILLAR_RECENTER > FOLLOW_STRAIGHT > HARD_STOP_RELEASE > REASSESS_FRONT > EMERGENCY_ESCAPE > FOLLOW_STRAIGHT > HARD_STOP_RELEASE > REASSESS_FRONT > EMERGENCY_ESCAPE > DEEP_REVERSE_RECOVERY > REASSESS_FRONT > HARD_STOP_RELEASE > REASSESS_FRONT > FOLLOW_STRAIGHT > HARD_STOP_RELEASE > REASSESS_FRONT > EMERGENCY_ESCAPE > DEEP_REVERSE_RECOVERY > REASSESS_FRONT > FOLLOW_STRAIGHT > APPROACH_CORNER > TURN_90 > POST_TURN_BACKUP > POST_TURN_SCAN_HOLD > RECENTER > FOLLOW_STRAIGHT > ACQUIRE_PILLAR > PASS_GREEN_LEFT > CONFIRM_PASSED > PILLAR_RECENTER > FOLLOW_STRAIGHT > APPROACH_CORNER > TURN_90 > POST_TURN_BACKUP > POST_TURN_SCAN_HOLD > RECENTER > FOLLOW_STRAIGHT > ACQUIRE_PILLAR > PASS_RED_RIGHT > CONFIRM_PASSED > PILLAR_RECENTER > FOLLOW_STRAIGHT > ACQUIRE_PILLAR > FOLLOW_STRAIGHT > ACQUIRE_PILLAR > PASS_GREEN_LEFT > CONFIRM_PASSED > PILLAR_RECENTER > FOLLOW_STRAIGHT > APPROACH_CORNER > TURN_90 > PARKING_ENTRY_LAUNCH > PARKING_ENTRY_SEARCH > ACQUIRE_PILLAR > PASS_RED_RIGHT > CONFIRM_PASSED > PILLAR_RECENTER > PARKING_ENTRY_SEARCH > PARKING_IN_APPROACH > FAULT
round2_run_20260917_141834_368843.csv,20260917,141834,PARKING_EXIT_DIRECTION,FAULT,4.0,0.25,,88.407,4,center reached 105 cm without confirmed parking block,PARKING_EXIT_DIRECTION > PARKING_EXIT_ARC_1 > PARKING_EXIT_ARC_2 > PARKING_EXIT_ARC_3 > PARKING_EXIT_SCAN > PARKING_EXIT_CW_RETURN_1 > PARKING_EXIT_CW_RETURN_2 > PARKING_EXIT_COMPLETE > FOLLOW_STRAIGHT > APPROACH_CORNER > TURN_90 > POST_TURN_BACKUP > POST_TURN_SCAN_HOLD > ACQUIRE_PILLAR > FOLLOW_STRAIGHT > ACQUIRE_PILLAR > PASS_GREEN_LEFT > CONFIRM_PASSED > PILLAR_RECENTER > FOLLOW_STRAIGHT > ACQUIRE_PILLAR > PASS_GREEN_LEFT > EMERGENCY_ESCAPE > PASS_GREEN_LEFT > CONFIRM_PASSED > PILLAR_RECENTER > FOLLOW_STRAIGHT > HARD_STOP_RELEASE > REASSESS_FRONT > HARD_STOP_RELEASE > REASSESS_FRONT > HARD_STOP_RELEASE > FOLLOW_STRAIGHT > REASSESS_FRONT > FOLLOW_STRAIGHT > DEEP_REVERSE_RECOVERY > REASSESS_FRONT > HARD_STOP_RELEASE > REASSESS_FRONT > HARD_STOP_RELEASE > FOLLOW_STRAIGHT > REASSESS_FRONT > FOLLOW_STRAIGHT > HARD_STOP_RELEASE > REASSESS_FRONT > FOLLOW_STRAIGHT > APPROACH_CORNER > TURN_90 > POST_TURN_BACKUP > POST_TURN_SCAN_HOLD > RECENTER > FOLLOW_STRAIGHT > ACQUIRE_PILLAR > FOLLOW_STRAIGHT > ACQUIRE_PILLAR > PASS_GREEN_LEFT > CONFIRM_PASSED > PILLAR_RECENTER > FOLLOW_STRAIGHT > APPROACH_CORNER > TURN_90 > POST_TURN_BACKUP > POST_TURN_SCAN_HOLD > RECENTER > FOLLOW_STRAIGHT > ACQUIRE_PILLAR > PASS_RED_RIGHT > CONFIRM_PASSED > PILLAR_RECENTER > FOLLOW_STRAIGHT > APPROACH_CORNER > TURN_90 > PARKING_ENTRY_LAUNCH > PARKING_ENTRY_SEARCH > FAULT
round2_run_20260917_165006_114892.csv,20260917,165006,PARKING_EXIT_DIRECTION,COMPLETE,12.0,0.359,208.1,226.422,24,,PARKING_EXIT_DIRECTION > PARKING_EXIT_ARC_1 > PARKING_EXIT_ARC_2 > PARKING_EXIT_ARC_3 > PARKING_EXIT_SCAN > PARKING_EXIT_CW_RETURN_1 > PARKING_EXIT_CW_RETURN_2 > PARKING_EXIT_COMPLETE > FOLLOW_STRAIGHT > APPROACH_CORNER > TURN_90 > POST_TURN_BACKUP > POST_TURN_SCAN_HOLD > RECENTER > FOLLOW_STRAIGHT > ACQUIRE_PILLAR > PASS_GREEN_LEFT > CONFIRM_PASSED > PILLAR_RECENTER > FOLLOW_STRAIGHT > ACQUIRE_PILLAR > PASS_RED_RIGHT > CONFIRM_PASSED > PILLAR_RECENTER > FOLLOW_STRAIGHT > APPROACH_CORNER > TURN_90 > POST_TURN_BACKUP > POST_TURN_SCAN_HOLD > ACQUIRE_PILLAR > FOLLOW_STRAIGHT > ACQUIRE_PILLAR > PASS_RED_RIGHT > CONFIRM_PASSED > PILLAR_RECENTER > FOLLOW_STRAIGHT > ACQUIRE_PILLAR > PASS_RED_RIGHT > CONFIRM_PASSED > PILLAR_RECENTER > FOLLOW_STRAIGHT > APPROACH_CORNER > TURN_90 > POST_TURN_BACKUP > POST_TURN_SCAN_HOLD > ACQUIRE_PILLAR > PASS_GREEN_LEFT > CONFIRM_PASSED > PILLAR_RECENTER > FOLLOW_STRAIGHT > ACQUIRE_PILLAR > FOLLOW_STRAIGHT > ACQUIRE_PILLAR > PASS_RED_RIGHT > CONFIRM_PASSED > PASS_RED_RIGHT > CONFIRM_PASSED > PILLAR_RECENTER > APPROACH_CORNER > TURN_90 > POST_TURN_BACKUP > POST_TURN_SCAN_HOLD > RECENTER > FOLLOW_STRAIGHT > ACQUIRE_PILLAR > FOLLOW_STRAIGHT > ACQUIRE_PILLAR > PASS_GREEN_LEFT > CONFIRM_PASSED > PILLAR_RECENTER > APPROACH_CORNER > TURN_90 > POST_TURN_BACKUP > POST_TURN_SCAN_HOLD > RECENTER > FOLLOW_STRAIGHT > ACQUIRE_PILLAR > PASS_GREEN_LEFT > CONFIRM_PASSED > PILLAR_RECENTER > FOLLOW_STRAIGHT > ACQUIRE_PILLAR > PASS_RED_RIGHT > CONFIRM_PASSED > PILLAR_RECENTER > FOLLOW_STRAIGHT > APPROACH_CORNER > TURN_90 > POST_TURN_BACKUP > POST_TURN_SCAN_HOLD > RECENTER > FOLLOW_STRAIGHT > ACQUIRE_PILLAR > PASS_RED_RIGHT > CONFIRM_PASSED > PILLAR_RECENTER > FOLLOW_STRAIGHT > ACQUIRE_PILLAR > PASS_GREEN_LEFT > CONFIRM_PASSED > PILLAR_RECENTER > APPROACH_CORNER > TURN_90 > POST_TURN_BACKUP > POST_TURN_SCAN_HOLD > ACQUIRE_PILLAR > PASS_GREEN_LEFT > CONFIRM_PASSED > PILLAR_RECENTER > FOLLOW_STRAIGHT > ACQUIRE_PILLAR > FOLLOW_STRAIGHT > ACQUIRE_PILLAR > PASS_RED_RIGHT > CONFIRM_PASSED > PASS_RED_RIGHT > CONFIRM_PASSED > PILLAR_RECENTER > APPROACH_CORNER > TURN_90 > POST_TURN_BACKUP > POST_TURN_SCAN_HOLD > RECENTER > FOLLOW_STRAIGHT > ACQUIRE_PILLAR > FOLLOW_STRAIGHT > ACQUIRE_PILLAR > PASS_GREEN_LEFT > CONFIRM_PASSED > PILLAR_RECENTER > APPROACH_CORNER > TURN_90 > POST_TURN_BACKUP > POST_TURN_SCAN_HOLD > RECENTER > FOLLOW_STRAIGHT > ACQUIRE_PILLAR > PASS_GREEN_LEFT > CONFIRM_PASSED > PASS_GREEN_LEFT > CONFIRM_PASSED > PILLAR_RECENTER > FOLLOW_STRAIGHT > ACQUIRE_PILLAR > PASS_RED_RIGHT > CONFIRM_PASSED > PILLAR_RECENTER > FOLLOW_STRAIGHT > APPROACH_CORNER > TURN_90 > POST_TURN_BACKUP > POST_TURN_SCAN_HOLD > RECENTER > FOLLOW_STRAIGHT > ACQUIRE_PILLAR > PASS_RED_RIGHT > CONFIRM_PASSED > PASS_RED_RIGHT > CONFIRM_PASSED > PILLAR_RECENTER > FOLLOW_STRAIGHT > ACQUIRE_PILLAR > PASS_GREEN_LEFT > CONFIRM_PASSED > PILLAR_RECENTER > APPROACH_CORNER > TURN_90 > POST_TURN_BACKUP > POST_TURN_SCAN_HOLD > ACQUIRE_PILLAR > PASS_GREEN_LEFT > CONFIRM_PASSED > PILLAR_RECENTER > FOLLOW_STRAIGHT > ACQUIRE_PILLAR > FOLLOW_STRAIGHT > ACQUIRE_PILLAR > FOLLOW_STRAIGHT > ACQUIRE_PILLAR > PASS_RED_RIGHT > CONFIRM_PASSED > PILLAR_RECENTER > APPROACH_CORNER > TURN_90 > PARKING_ENTRY_LAUNCH > PARKING_ENTRY_SEARCH > ACQUIRE_PILLAR > PARKING_ENTRY_SEARCH > PARKING_IN_CLOCK_ARC > PARKING_IN_CLOCK_STRAIGHT > COMPLETE
round2_run_20260917_171925_730840.csv,20260917,171925,PARKING_EXIT_DIRECTION,PARKING_ENTRY_SEARCH,4.0,0.297,,129.344,16,,PARKING_EXIT_DIRECTION > PARKING_EXIT_ARC_1 > PARKING_EXIT_ARC_2 > PARKING_EXIT_ARC_3 > PARKING_EXIT_SCAN > PARKING_EXIT_CW_RETURN_1 > PARKING_EXIT_CW_RETURN_2 > PARKING_EXIT_COMPLETE > FOLLOW_STRAIGHT > APPROACH_CORNER > TURN_90 > POST_TURN_BACKUP > POST_TURN_SCAN_HOLD > ACQUIRE_PILLAR > FOLLOW_STRAIGHT > ACQUIRE_PILLAR > FOLLOW_STRAIGHT > ACQUIRE_PILLAR > PASS_GREEN_LEFT > CONFIRM_PASSED > PILLAR_RECENTER > FOLLOW_STRAIGHT > ACQUIRE_PILLAR > PASS_RED_RIGHT > CONFIRM_PASSED > PASS_RED_RIGHT > CONFIRM_PASSED > PASS_RED_RIGHT > CONFIRM_PASSED > PASS_RED_RIGHT > CONFIRM_PASSED > PILLAR_RECENTER > FOLLOW_STRAIGHT > APPROACH_CORNER > TURN_90 > POST_TURN_BACKUP > POST_TURN_SCAN_HOLD > ACQUIRE_PILLAR > PASS_RED_RIGHT > CONFIRM_PASSED > PASS_RED_RIGHT > CONFIRM_PASSED > PILLAR_RECENTER > FOLLOW_STRAIGHT > ACQUIRE_PILLAR > PASS_GREEN_LEFT > CONFIRM_PASSED > PILLAR_RECENTER > APPROACH_CORNER > TURN_90 > POST_TURN_BACKUP > POST_TURN_SCAN_HOLD > ACQUIRE_PILLAR > PASS_GREEN_LEFT > CONFIRM_PASSED > PILLAR_RECENTER > FOLLOW_STRAIGHT > ACQUIRE_PILLAR > FOLLOW_STRAIGHT > APPROACH_CORNER > TURN_90 > PARKING_ENTRY_LAUNCH > PARKING_ENTRY_SEARCH > ACQUIRE_PILLAR > PARKING_ENTRY_SEARCH > ACQUIRE_PILLAR > PASS_GREEN_LEFT > CONFIRM_PASSED > PILLAR_RECENTER > PARKING_ENTRY_SEARCH > HARD_STOP_RELEASE > REASSESS_FRONT > HARD_STOP_RELEASE > REASSESS_FRONT > PARKING_ENTRY_SEARCH > ACQUIRE_PILLAR > PARKING_ENTRY_SEARCH > HARD_STOP_RELEASE > REASSESS_FRONT > HARD_STOP_RELEASE > REASSESS_FRONT > HARD_STOP_RELEASE > REASSESS_FRONT > PARKING_ENTRY_SEARCH > HARD_STOP_RELEASE > REASSESS_FRONT > HARD_STOP_RELEASE > REASSESS_FRONT > PARKING_ENTRY_SEARCH > ACQUIRE_PILLAR > PASS_RED_RIGHT > CONFIRM_PASSED > PILLAR_RECENTER > PARKING_ENTRY_SEARCH > HARD_STOP_RELEASE > REASSESS_FRONT > HARD_STOP_RELEASE > PARKING_ENTRY_SEARCH > HARD_STOP_RELEASE > REASSESS_FRONT > HARD_STOP_RELEASE > REASSESS_FRONT > PARKING_ENTRY_SEARCH > ACQUIRE_PILLAR > PASS_RED_RIGHT > CONFIRM_PASSED > PASS_RED_RIGHT > CONFIRM_PASSED > PASS_RED_RIGHT > CONFIRM_PASSED > PILLAR_RECENTER > PARKING_ENTRY_SEARCH > ACQUIRE_PILLAR > PASS_RED_RIGHT > EMERGENCY_ESCAPE > DEEP_REVERSE_RECOVERY > HARD_STOP_RELEASE > DEEP_REVERSE_RECOVERY > PASS_RED_RIGHT > CONFIRM_PASSED > PILLAR_RECENTER > HARD_STOP_RELEASE > REASSESS_FRONT > EMERGENCY_ESCAPE > DEEP_REVERSE_RECOVERY > REASSESS_FRONT > ACQUIRE_PILLAR > PASS_RED_RIGHT > EMERGENCY_ESCAPE > PASS_RED_RIGHT > CONFIRM_PASSED > PILLAR_RECENTER > PARKING_ENTRY_SEARCH
round2_run_20260917_172629_401771.csv,20260917,172629,PARKING_EXIT_DIRECTION,PARKING_ENTRY_SEARCH,4.0,0.313,,84.469,6,,PARKING_EXIT_DIRECTION > PARKING_EXIT_ARC_1 > PARKING_EXIT_ARC_2 > PARKING_EXIT_ARC_3 > PARKING_EXIT_SCAN > PARKING_EXIT_CW_RETURN_1 > PARKING_EXIT_CW_RETURN_2 > PARKING_EXIT_COMPLETE > FOLLOW_STRAIGHT > APPROACH_CORNER > TURN_90 > POST_TURN_BACKUP > POST_TURN_SCAN_HOLD > ACQUIRE_PILLAR > PASS_GREEN_LEFT > CONFIRM_PASSED > PILLAR_RECENTER > FOLLOW_STRAIGHT > ACQUIRE_PILLAR > PASS_GREEN_LEFT > EMERGENCY_ESCAPE > PASS_GREEN_LEFT > CONFIRM_PASSED > PILLAR_RECENTER > FOLLOW_STRAIGHT > APPROACH_CORNER > TURN_90 > POST_TURN_BACKUP > POST_TURN_SCAN_HOLD > RECENTER > FOLLOW_STRAIGHT > ACQUIRE_PILLAR > PASS_RED_RIGHT > CONFIRM_PASSED > PILLAR_RECENTER > FOLLOW_STRAIGHT > ACQUIRE_PILLAR > PASS_GREEN_LEFT > CONFIRM_PASSED > PILLAR_RECENTER > APPROACH_CORNER > TURN_90 > POST_TURN_BACKUP > POST_TURN_SCAN_HOLD > ACQUIRE_PILLAR > PASS_GREEN_LEFT > CONFIRM_PASSED > PILLAR_RECENTER > FOLLOW_STRAIGHT > ACQUIRE_PILLAR > FOLLOW_STRAIGHT > APPROACH_CORNER > TURN_90 > PARKING_ENTRY_LAUNCH > PARKING_ENTRY_SEARCH > ACQUIRE_PILLAR > PASS_GREEN_LEFT > CONFIRM_PASSED > PILLAR_RECENTER > PARKING_ENTRY_SEARCH > HARD_STOP_RELEASE > REASSESS_FRONT > HARD_STOP_RELEASE > PARKING_ENTRY_SEARCH > ACQUIRE_PILLAR > EMERGENCY_ESCAPE > DEEP_REVERSE_RECOVERY > REASSESS_FRONT > PARKING_ENTRY_SEARCH
round2_run_20260917_181113_396142.csv,20260917,181113,PARKING_EXIT_DIRECTION,COMPLETE,4.0,0.313,,71.985,10,,PARKING_EXIT_DIRECTION > PARKING_EXIT_ARC_1 > PARKING_EXIT_ARC_2 > PARKING_EXIT_ARC_3 > PARKING_EXIT_SCAN > PARKING_EXIT_CW_RETURN_1 > PARKING_EXIT_CW_RETURN_2 > PARKING_EXIT_COMPLETE > FOLLOW_STRAIGHT > APPROACH_CORNER > TURN_90 > POST_TURN_BACKUP > POST_TURN_SCAN_HOLD > ACQUIRE_PILLAR > PASS_GREEN_LEFT > CONFIRM_PASSED > PILLAR_RECENTER > FOLLOW_STRAIGHT > ACQUIRE_PILLAR > PASS_RED_RIGHT > CONFIRM_PASSED > PILLAR_RECENTER > FOLLOW_STRAIGHT > APPROACH_CORNER > TURN_90 > POST_TURN_BACKUP > POST_TURN_SCAN_HOLD > ACQUIRE_PILLAR > PASS_RED_RIGHT > CONFIRM_PASSED > PASS_RED_RIGHT > CONFIRM_PASSED > PILLAR_RECENTER > FOLLOW_STRAIGHT > ACQUIRE_PILLAR > PASS_GREEN_LEFT > CONFIRM_PASSED > PILLAR_RECENTER > APPROACH_CORNER > TURN_90 > POST_TURN_BACKUP > POST_TURN_SCAN_HOLD > ACQUIRE_PILLAR > PASS_GREEN_LEFT > CONFIRM_PASSED > PILLAR_RECENTER > FOLLOW_STRAIGHT > ACQUIRE_PILLAR > FOLLOW_STRAIGHT > ACQUIRE_PILLAR > PASS_RED_RIGHT > CONFIRM_PASSED > PASS_RED_RIGHT > CONFIRM_PASSED > PASS_RED_RIGHT > CONFIRM_PASSED > PILLAR_RECENTER > APPROACH_CORNER > TURN_90 > PARKING_ENTRY_LAUNCH > PARKING_ENTRY_SEARCH > ACQUIRE_PILLAR > PASS_GREEN_LEFT > CONFIRM_PASSED > PILLAR_RECENTER > PARKING_ENTRY_SEARCH > PARKING_IN_STOP_HOLD > PARKING_IN_REVERSE_LEFT > PARKING_IN_REVERSE_RIGHT > COMPLETE
round2_run_20260917_182303_862086.csv,20260917,182303,PARKING_ENTRY_LAUNCH,COMPLETE,12.0,0.547,-0.1,7.391,0,,PARKING_ENTRY_LAUNCH > PARKING_ENTRY_SEARCH > PARKING_IN_STOP_HOLD > PARKING_IN_REVERSE_LEFT > PARKING_IN_REVERSE_RIGHT > COMPLETE
round2_run_20260917_182409_080860.csv,20260917,182409,PARKING_ENTRY_LAUNCH,COMPLETE,12.0,0.515,-0.1,15.281,1,,PARKING_ENTRY_LAUNCH > PARKING_ENTRY_SEARCH > ACQUIRE_PILLAR > PASS_GREEN_LEFT > CONFIRM_PASSED > PILLAR_RECENTER > PARKING_ENTRY_SEARCH > PARKING_IN_STOP_HOLD > PARKING_IN_REVERSE_LEFT > PARKING_IN_REVERSE_RIGHT > COMPLETE
round2_run_20260917_182729_370871.csv,20260917,182729,PARKING_ENTRY_LAUNCH,COMPLETE,12.0,0.563,-0.1,4.969,0,,PARKING_ENTRY_LAUNCH > PARKING_ENTRY_SEARCH > PARKING_IN_STOP_HOLD > PARKING_IN_REVERSE_LEFT > PARKING_IN_REVERSE_RIGHT > COMPLETE
round2_run_20260917_183110_234627.csv,20260917,183110,PARKING_ENTRY_LAUNCH,COMPLETE,12.0,0.531,-0.1,12.484,1,,PARKING_ENTRY_LAUNCH > PARKING_ENTRY_SEARCH > ACQUIRE_PILLAR > PASS_GREEN_LEFT > CONFIRM_PASSED > PILLAR_RECENTER > PARKING_ENTRY_SEARCH > PARKING_IN_STOP_HOLD > PARKING_IN_REVERSE_LEFT > PARKING_IN_REVERSE_RIGHT > COMPLETE
round2_run_20260917_183825_327891.csv,20260917,183825,PARKING_ENTRY_LAUNCH,COMPLETE,12.0,0.672,-0.2,12.937,3,,PARKING_ENTRY_LAUNCH > PARKING_ENTRY_SEARCH > ACQUIRE_PILLAR > PASS_GREEN_LEFT > CONFIRM_PASSED > PILLAR_RECENTER > PARKING_ENTRY_SEARCH > ACQUIRE_PILLAR > PASS_RED_RIGHT > CONFIRM_PASSED > PASS_RED_RIGHT > CONFIRM_PASSED > PILLAR_RECENTER > PARKING_ENTRY_SEARCH > PARKING_IN_STOP_HOLD > PARKING_IN_REVERSE_LEFT > PARKING_IN_REVERSE_RIGHT > COMPLETE
round2_run_20260917_184140_916906.csv,20260917,184140,PARKING_ENTRY_LAUNCH,COMPLETE,12.0,0.547,-0.1,15.422,3,,PARKING_ENTRY_LAUNCH > PARKING_ENTRY_SEARCH > ACQUIRE_PILLAR > PASS_RED_RIGHT > CONFIRM_PASSED > PASS_RED_RIGHT > CONFIRM_PASSED > PILLAR_RECENTER > PARKING_ENTRY_SEARCH > ACQUIRE_PILLAR > PASS_GREEN_LEFT > CONFIRM_PASSED > PILLAR_RECENTER > PARKING_ENTRY_SEARCH > PARKING_IN_STOP_HOLD > PARKING_IN_REVERSE_LEFT > PARKING_IN_REVERSE_RIGHT > COMPLETE
round2_run_20260917_184250_922907.csv,20260917,184250,PARKING_ENTRY_LAUNCH,COMPLETE,12.0,0.671,-0.2,16.078,3,,PARKING_ENTRY_LAUNCH > PARKING_ENTRY_SEARCH > ACQUIRE_PILLAR > PASS_GREEN_LEFT > CONFIRM_PASSED > PILLAR_RECENTER > PARKING_ENTRY_SEARCH > ACQUIRE_PILLAR > PASS_RED_RIGHT > CONFIRM_PASSED > PASS_RED_RIGHT > CONFIRM_PASSED > PILLAR_RECENTER > PARKING_ENTRY_SEARCH > PARKING_IN_STOP_HOLD > PARKING_IN_REVERSE_LEFT > PARKING_IN_REVERSE_RIGHT > COMPLETE
round2_run_20260917_193703_704821.csv,20260917,193703,PARKING_ENTRY_LAUNCH,COMPLETE,12.0,0.437,-0.1,21.375,1,,PARKING_ENTRY_LAUNCH > PARKING_ENTRY_SEARCH > ACQUIRE_PILLAR > PASS_RED_RIGHT > CONFIRM_PASSED > PILLAR_RECENTER > PARKING_ENTRY_SEARCH > PARKING_IN_STOP_HOLD > PARKING_IN_REVERSE_LEFT > PARKING_IN_REVERSE_RIGHT > COMPLETE
round2_run_20260917_193810_003884.csv,20260917,193810,PARKING_ENTRY_LAUNCH,PARKING_IN_REVERSE_RIGHT,12.0,0.406,-0.1,63.406,2,,PARKING_ENTRY_LAUNCH > PARKING_ENTRY_SEARCH > ACQUIRE_PILLAR > PASS_RED_RIGHT > CONFIRM_PASSED > PILLAR_RECENTER > PARKING_ENTRY_SEARCH > ACQUIRE_PILLAR > PASS_RED_RIGHT > EMERGENCY_ESCAPE > PASS_RED_RIGHT > CONFIRM_PASSED > PILLAR_RECENTER > PARKING_ENTRY_SEARCH > PARKING_IN_STOP_HOLD > PARKING_IN_REVERSE_LEFT > PARKING_IN_REVERSE_RIGHT
round2_run_20260917_193930_820205.csv,20260917,193930,PARKING_ENTRY_LAUNCH,COMPLETE,12.0,0.36,-0.1,20.938,2,,PARKING_ENTRY_LAUNCH > PARKING_ENTRY_SEARCH > ACQUIRE_PILLAR > PASS_RED_RIGHT > CONFIRM_PASSED > PILLAR_RECENTER > PARKING_ENTRY_SEARCH > ACQUIRE_PILLAR > PASS_RED_RIGHT > CONFIRM_PASSED > PILLAR_RECENTER > PARKING_ENTRY_SEARCH > PARKING_IN_STOP_HOLD > PARKING_IN_REVERSE_LEFT > PARKING_IN_REVERSE_RIGHT > COMPLETE
round2_run_20260917_195155_682129.csv,20260917,195155,PARKING_ENTRY_LAUNCH,PARKING_ENTRY_SEARCH,12.0,0.375,-0.1,35.796,3,,PARKING_ENTRY_LAUNCH > PARKING_ENTRY_SEARCH > ACQUIRE_PILLAR > PASS_RED_RIGHT > CONFIRM_PASSED > PILLAR_RECENTER > PARKING_ENTRY_SEARCH > ACQUIRE_PILLAR > PARKING_ENTRY_SEARCH > ACQUIRE_PILLAR > PASS_RED_RIGHT > CONFIRM_PASSED > PILLAR_RECENTER > PARKING_ENTRY_SEARCH > ACQUIRE_PILLAR > PASS_GREEN_LEFT > CONFIRM_PASSED > PILLAR_RECENTER > PARKING_ENTRY_SEARCH
round2_run_20260917_200319_184557.csv,20260917,200319,PARKING_ENTRY_LAUNCH,FAULT,12.0,0.672,-0.2,31.438,2,U-turn side clearance only 10 cm,PARKING_ENTRY_LAUNCH > PARKING_ENTRY_SEARCH > ACQUIRE_PILLAR > PASS_RED_RIGHT > CONFIRM_PASSED > PILLAR_RECENTER > PARKING_ENTRY_SEARCH > ACQUIRE_PILLAR > PASS_RED_RIGHT > CONFIRM_PASSED > PILLAR_RECENTER > PARKING_ENTRY_SEARCH > PARKING_U_TURN_FIRST > PARKING_U_TURN_SECOND > FAULT
round2_run_20260917_201330_241886.csv,20260917,201330,PARKING_ENTRY_LAUNCH,FAULT,12.0,0.547,-0.1,174.938,1,U-turn heading did not complete; progress=105.0,PARKING_ENTRY_LAUNCH > PARKING_ENTRY_SEARCH > ACQUIRE_PILLAR > PASS_RED_RIGHT > CONFIRM_PASSED > PILLAR_RECENTER > PARKING_ENTRY_SEARCH > PARKING_U_TURN_FIRST > PARKING_U_TURN_SECOND > FAULT
round2_run_20260917_201941_078853.csv,20260917,201941,PARKING_ENTRY_LAUNCH,FAULT,13.0,0.578,-0.1,44.562,2,unknown Round 2 state STRAIGHT,PARKING_ENTRY_LAUNCH > PARKING_ENTRY_SEARCH > ACQUIRE_PILLAR > PASS_RED_RIGHT > CONFIRM_PASSED > PILLAR_RECENTER > PARKING_ENTRY_SEARCH > ACQUIRE_PILLAR > PASS_RED_RIGHT > CONFIRM_PASSED > PILLAR_RECENTER > PARKING_ENTRY_SEARCH > PARKING_U_TURN_FIRST_FORWARD > PARKING_U_TURN_FIRST_REVERSE > PARKING_U_TURN_SECOND_FORWARD > PARKING_U_TURN_SECOND_REVERSE > PARKING_ENTRY_SEARCH > ACQUIRE_PILLAR > EMERGENCY_ESCAPE > DEEP_REVERSE_RECOVERY > REASSESS_FRONT > HARD_STOP_RELEASE > STRAIGHT > FAULT
round2_run_20260917_202952_902054.csv,20260917,202952,PARKING_ENTRY_LAUNCH,PARKING_BLOCK_SIDE_STOP,13.0,0.563,-0.1,15.11,1,,PARKING_ENTRY_LAUNCH > PARKING_ENTRY_SEARCH > ACQUIRE_PILLAR > PARKING_ENTRY_SEARCH > ACQUIRE_PILLAR > PASS_RED_RIGHT > CONFIRM_PASSED > PILLAR_RECENTER > PARKING_ENTRY_SEARCH > PARKING_U_TURN_FIRST_FORWARD > PARKING_U_TURN_FIRST_REVERSE > PARKING_U_TURN_SECOND_FORWARD > PARKING_U_TURN_SECOND_REVERSE > PARKING_ENTRY_SEARCH > PARKING_BLOCK_SIDE_STOP
round2_run_20260917_203411_019943.csv,20260917,203411,PARKING_ENTRY_LAUNCH,PARKING_BLOCK_SIDE_STOP,13.0,0.532,-0.1,13.875,3,,PARKING_ENTRY_LAUNCH > PARKING_ENTRY_SEARCH > ACQUIRE_PILLAR > PASS_RED_RIGHT > CONFIRM_PASSED > PASS_RED_RIGHT > CONFIRM_PASSED > PILLAR_RECENTER > PARKING_ENTRY_SEARCH > ACQUIRE_PILLAR > PASS_RED_RIGHT > CONFIRM_PASSED > PILLAR_RECENTER > PARKING_ENTRY_SEARCH > PARKING_U_TURN_FIRST_FORWARD > PARKING_U_TURN_FIRST_REVERSE > PARKING_U_TURN_SECOND_FORWARD > PARKING_U_TURN_SECOND_REVERSE > PARKING_ENTRY_SEARCH > PARKING_BLOCK_SIDE_STOP
round2_run_20260917_203958_269991.csv,20260917,203958,PARKING_ENTRY_LAUNCH,PARKING_BLOCK_SIDE_STOP,13.0,0.578,-0.1,15.985,1,,PARKING_ENTRY_LAUNCH > PARKING_ENTRY_SEARCH > ACQUIRE_PILLAR > PASS_RED_RIGHT > CONFIRM_PASSED > PILLAR_RECENTER > PARKING_ENTRY_SEARCH > PARKING_U_TURN_FIRST_FORWARD > PARKING_U_TURN_FIRST_REVERSE > PARKING_U_TURN_SECOND_FORWARD > PARKING_U_TURN_SECOND_REVERSE > PARKING_ENTRY_SEARCH > PARKING_BLOCK_SIDE_STOP
round2_run_20260917_204050_318574.csv,20260917,204050,PARKING_ENTRY_LAUNCH,PARKING_BLOCK_SIDE_STOP,13.0,0.656,-0.2,20.547,1,,PARKING_ENTRY_LAUNCH > PARKING_ENTRY_SEARCH > ACQUIRE_PILLAR > PASS_GREEN_LEFT > CONFIRM_PASSED > PILLAR_RECENTER > PARKING_ENTRY_SEARCH > PARKING_U_TURN_FIRST_FORWARD > PARKING_U_TURN_FIRST_REVERSE > PARKING_U_TURN_SECOND_FORWARD > PARKING_U_TURN_SECOND_REVERSE > PARKING_ENTRY_SEARCH > PARKING_BLOCK_SIDE_STOP
round2_run_20260917_204151_283808.csv,20260917,204151,PARKING_ENTRY_LAUNCH,FAULT,12.0,0.531,-0.1,30.109,2,U-turn forward clearance only 32 cm,PARKING_ENTRY_LAUNCH > PARKING_ENTRY_SEARCH > ACQUIRE_PILLAR > PASS_RED_RIGHT > CONFIRM_PASSED > PILLAR_RECENTER > PARKING_ENTRY_SEARCH > ACQUIRE_PILLAR > PASS_RED_RIGHT > CONFIRM_PASSED > PILLAR_RECENTER > PARKING_ENTRY_SEARCH > PARKING_U_TURN_FIRST_FORWARD > PARKING_U_TURN_FIRST_REVERSE > PARKING_U_TURN_SECOND_FORWARD > FAULT
round2_run_20260917_204839_627486.csv,20260917,204839,PARKING_ENTRY_LAUNCH,FAULT,12.0,0.593,-0.1,23.093,1,U-turn forward clearance only 34 cm,PARKING_ENTRY_LAUNCH > PARKING_ENTRY_SEARCH > ACQUIRE_PILLAR > PARKING_ENTRY_SEARCH > ACQUIRE_PILLAR > PARKING_ENTRY_SEARCH > ACQUIRE_PILLAR > PASS_RED_RIGHT > CONFIRM_PASSED > PILLAR_RECENTER > PARKING_ENTRY_SEARCH > PARKING_U_TURN_FIRST_FORWARD > FAULT
round2_run_20260917_204923_042134.csv,20260917,204923,PARKING_ENTRY_LAUNCH,FAULT,12.0,0.547,-0.1,21.766,1,U-turn side clearance only 10 cm,PARKING_ENTRY_LAUNCH > PARKING_ENTRY_SEARCH > ACQUIRE_PILLAR > PASS_RED_RIGHT > CONFIRM_PASSED > PILLAR_RECENTER > PARKING_ENTRY_SEARCH > PARKING_U_TURN_FIRST_FORWARD > PARKING_U_TURN_FIRST_REVERSE > PARKING_U_TURN_SECOND_FORWARD > PARKING_U_TURN_SECOND_REVERSE > FAULT
round2_run_20260917_205030_635828.csv,20260917,205030,PARKING_ENTRY_LAUNCH,FAULT,13.0,0.609,-0.1,25.718,1,parking block approach clearance: L=88 C=15 R=8,PARKING_ENTRY_LAUNCH > PARKING_ENTRY_SEARCH > ACQUIRE_PILLAR > PASS_RED_RIGHT > CONFIRM_PASSED > PILLAR_RECENTER > PARKING_ENTRY_SEARCH > PARKING_U_TURN_FIRST_FORWARD > PARKING_U_TURN_FIRST_REVERSE > PARKING_U_TURN_SECOND_FORWARD > PARKING_U_TURN_SECOND_REVERSE > PARKING_BLOCK_ALIGN > PARKING_BLOCK_APPROACH > FAULT
round2_run_20260917_210852_260915.csv,20260917,210852,PARKING_ENTRY_LAUNCH,FAULT,13.0,0.375,-0.1,40.812,1,parking gap not safely found: L=51 C=175 R=41,PARKING_ENTRY_LAUNCH > PARKING_ENTRY_SEARCH > ACQUIRE_PILLAR > PASS_RED_RIGHT > CONFIRM_PASSED > PILLAR_RECENTER > PARKING_ENTRY_SEARCH > PARKING_U_TURN_FIRST_FORWARD > PARKING_U_TURN_FIRST_REVERSE > PARKING_U_TURN_SECOND_FORWARD > PARKING_U_TURN_SECOND_REVERSE > PARKING_BLOCK_ALIGN > PARKING_GAP_SEARCH > FAULT
round2_run_20260917_211630_467495.csv,20260917,211630,PARKING_ENTRY_LAUNCH,FAULT,13.0,0.438,-0.1,199.079,3,near parking block could not be cleared: L=175 C=201 R=16,PARKING_ENTRY_LAUNCH > PARKING_ENTRY_SEARCH > ACQUIRE_PILLAR > PASS_RED_RIGHT > CONFIRM_PASSED > PASS_RED_RIGHT > CONFIRM_PASSED > PILLAR_RECENTER > PARKING_ENTRY_SEARCH > ACQUIRE_PILLAR > PASS_RED_RIGHT > CONFIRM_PASSED > PILLAR_RECENTER > PARKING_ENTRY_SEARCH > PARKING_U_TURN_FIRST_FORWARD > PARKING_U_TURN_FIRST_REVERSE > PARKING_U_TURN_SECOND_FORWARD > PARKING_U_TURN_SECOND_REVERSE > PARKING_BLOCK_ALIGN > FAULT
round2_run_20260917_212057_272515.csv,20260917,212057,PARKING_ENTRY_LAUNCH,FAULT,12.0,0.282,-0.1,227.11,0,U-turn forward clearance only 32 cm,PARKING_ENTRY_LAUNCH > PARKING_ENTRY_SEARCH > PARKING_U_TURN_FIRST_FORWARD > FAULT
round2_run_20260917_212510_609906.csv,20260917,212510,PARKING_ENTRY_LAUNCH,FAULT,12.0,0.578,-0.1,117.844,2,U-turn forward clearance only 35 cm,PARKING_ENTRY_LAUNCH > PARKING_ENTRY_SEARCH > ACQUIRE_PILLAR > PASS_RED_RIGHT > CONFIRM_PASSED > PILLAR_RECENTER > PARKING_ENTRY_SEARCH > ACQUIRE_PILLAR > PASS_RED_RIGHT > CONFIRM_PASSED > PILLAR_RECENTER > PARKING_ENTRY_SEARCH > PARKING_U_TURN_FIRST_FORWARD > PARKING_U_TURN_FIRST_REVERSE > PARKING_U_TURN_SECOND_FORWARD > FAULT
round2_run_20260917_212757_373702.csv,20260917,212757,PARKING_ENTRY_LAUNCH,FAULT,12.0,0.531,-0.1,33.265,0,U-turn forward clearance only 35 cm,PARKING_ENTRY_LAUNCH > PARKING_ENTRY_SEARCH > ACQUIRE_PILLAR > PARKING_ENTRY_SEARCH > ACQUIRE_PILLAR > PARKING_ENTRY_SEARCH > ACQUIRE_PILLAR > PARKING_ENTRY_SEARCH > PARKING_U_TURN_FIRST_FORWARD > PARKING_U_TURN_FIRST_REVERSE > PARKING_U_TURN_SECOND_FORWARD > FAULT
round2_run_20260917_212857_175290.csv,20260917,212857,PARKING_ENTRY_LAUNCH,FAULT,12.0,0.671,-0.1,28.312,2,U-turn side clearance only 8 cm,PARKING_ENTRY_LAUNCH > PARKING_ENTRY_SEARCH > ACQUIRE_PILLAR > PASS_RED_RIGHT > CONFIRM_PASSED > PASS_RED_RIGHT > CONFIRM_PASSED > PILLAR_RECENTER > PARKING_ENTRY_SEARCH > PARKING_U_TURN_FIRST_FORWARD > PARKING_U_TURN_FIRST_REVERSE > FAULT
round2_run_20260917_213826_928861.csv,20260917,213826,PARKING_ENTRY_LAUNCH,PARKING_BLOCK_STOP,13.0,1.078,-0.1,38.734,1,,PARKING_ENTRY_LAUNCH > PARKING_ENTRY_SEARCH > ACQUIRE_PILLAR > PARKING_ENTRY_SEARCH > ACQUIRE_PILLAR > PASS_RED_RIGHT > CONFIRM_PASSED > PILLAR_RECENTER > PARKING_ENTRY_SEARCH > PARKING_U_TURN_FIRST_FORWARD > PARKING_U_TURN_FIRST_REVERSE > PARKING_U_TURN_SECOND_FORWARD > PARKING_U_TURN_SECOND_REVERSE > PARKING_BLOCK_REVERSE_CLEAR > PARKING_BLOCK_ALIGN > PARKING_GAP_SEARCH > PARKING_SIDE_MARK_SEARCH > PARKING_SIDE_MARK_REVERSE > PARKING_SIDE_MARK_SEARCH > PARKING_SIDE_MARK_REVERSE > PARKING_SIDE_MARK_SEARCH > PARKING_SIDE_MARK_REVERSE > PARKING_SIDE_MARK_SEARCH > PARKING_SIDE_MARK_REVERSE > PARKING_SIDE_MARK_SEARCH > PARKING_SIDE_MARK_REVERSE > PARKING_SIDE_MARK_SEARCH > PARKING_SIDE_MARK_REVERSE > PARKING_SIDE_MARK_SEARCH > PARKING_SIDE_MARK_REVERSE > PARKING_SIDE_MARK_SEARCH > PARKING_SIDE_MARK_REVERSE > PARKING_SIDE_MARK_SEARCH > PARKING_GAP_REVERSE > PARKING_BLOCK_APPROACH > PARKING_BLOCK_STOP
round2_run_20260917_214055_070265.csv,20260917,214055,PARKING_ENTRY_LAUNCH,PARKING_U_TURN_SECOND_FORWARD,12.0,20.953,-20.7,26.25,0,,PARKING_ENTRY_LAUNCH > PARKING_ENTRY_SEARCH > PARKING_U_TURN_FIRST_FORWARD > PARKING_U_TURN_FIRST_REVERSE > PARKING_U_TURN_SECOND_FORWARD
round2_run_20260917_214407_941701.csv,20260917,214407,PARKING_ENTRY_LAUNCH,PARKING_BLOCK_STOP,13.0,0.391,-0.1,24.0,2,,PARKING_ENTRY_LAUNCH > PARKING_ENTRY_SEARCH > ACQUIRE_PILLAR > PASS_RED_RIGHT > CONFIRM_PASSED > PASS_RED_RIGHT > CONFIRM_PASSED > PILLAR_RECENTER > PARKING_ENTRY_SEARCH > PARKING_U_TURN_FIRST_FORWARD > PARKING_U_TURN_FIRST_REVERSE > PARKING_U_TURN_SECOND_FORWARD > PARKING_U_TURN_SECOND_REVERSE > PARKING_BLOCK_ALIGN > PARKING_GAP_SEARCH > PARKING_SIDE_MARK_SEARCH > PARKING_GAP_REVERSE > PARKING_BLOCK_APPROACH > PARKING_BLOCK_STOP
round2_run_20260917_214559_712121.csv,20260917,214559,PARKING_ENTRY_LAUNCH,PARKING_SIDE_MARK_SEARCH,13.0,0.359,-0.1,43.203,1,,PARKING_ENTRY_LAUNCH > PARKING_ENTRY_SEARCH > ACQUIRE_PILLAR > PASS_RED_RIGHT > CONFIRM_PASSED > PILLAR_RECENTER > PARKING_ENTRY_SEARCH > PARKING_U_TURN_FIRST_FORWARD > PARKING_U_TURN_FIRST_REVERSE > PARKING_U_TURN_SECOND_FORWARD > PARKING_U_TURN_SECOND_REVERSE > PARKING_BLOCK_ALIGN > PARKING_GAP_SEARCH > PARKING_SIDE_MARK_SEARCH > PARKING_SIDE_MARK_REVERSE > PARKING_SIDE_MARK_SEARCH > PARKING_SIDE_MARK_REVERSE > PARKING_SIDE_MARK_SEARCH > PARKING_SIDE_MARK_REVERSE > PARKING_SIDE_MARK_SEARCH > PARKING_SIDE_MARK_REVERSE > PARKING_SIDE_MARK_SEARCH > PARKING_SIDE_MARK_REVERSE > PARKING_SIDE_MARK_SEARCH > PARKING_SIDE_MARK_REVERSE > PARKING_SIDE_MARK_SEARCH > PARKING_SIDE_MARK_REVERSE > PARKING_SIDE_MARK_SEARCH > PARKING_SIDE_MARK_REVERSE > PARKING_SIDE_MARK_SEARCH > PARKING_SIDE_MARK_REVERSE > PARKING_SIDE_MARK_SEARCH > PARKING_SIDE_MARK_REVERSE > PARKING_SIDE_MARK_SEARCH > PARKING_SIDE_MARK_REVERSE > PARKING_SIDE_MARK_SEARCH > PARKING_SIDE_MARK_REVERSE > PARKING_SIDE_MARK_SEARCH > PARKING_SIDE_MARK_REVERSE > PARKING_SIDE_MARK_SEARCH > PARKING_SIDE_MARK_REVERSE > PARKING_SIDE_MARK_SEARCH > PARKING_SIDE_MARK_REVERSE > PARKING_SIDE_MARK_SEARCH
round2_run_20260917_214941_215605.csv,20260917,214941,PARKING_ENTRY_LAUNCH,PARKING_BLOCK_STOP,13.0,0.532,-0.1,41.532,2,,PARKING_ENTRY_LAUNCH > PARKING_ENTRY_SEARCH > ACQUIRE_PILLAR > PASS_RED_RIGHT > CONFIRM_PASSED > PASS_RED_RIGHT > CONFIRM_PASSED > PILLAR_RECENTER > PARKING_ENTRY_SEARCH > PARKING_U_TURN_FIRST_FORWARD > PARKING_U_TURN_FIRST_REVERSE > PARKING_U_TURN_SECOND_FORWARD > PARKING_U_TURN_SECOND_REVERSE > PARKING_BLOCK_REVERSE_CLEAR > PARKING_BLOCK_ALIGN > PARKING_GAP_SEARCH > PARKING_SIDE_MARK_SEARCH > PARKING_SIDE_MARK_REVERSE > PARKING_SIDE_MARK_SEARCH > PARKING_SIDE_MARK_REVERSE > PARKING_SIDE_MARK_SEARCH > PARKING_SIDE_MARK_REVERSE > PARKING_SIDE_MARK_SEARCH > PARKING_SIDE_MARK_REVERSE > PARKING_SIDE_MARK_SEARCH > PARKING_SIDE_MARK_REVERSE > PARKING_SIDE_MARK_SEARCH > PARKING_SIDE_MARK_REVERSE > PARKING_SIDE_MARK_SEARCH > PARKING_SIDE_MARK_REVERSE > PARKING_SIDE_MARK_SEARCH > PARKING_GAP_REVERSE > PARKING_BLOCK_APPROACH > PARKING_BLOCK_STOP
round2_run_20260917_215108_833179.csv,20260917,215108,PARKING_ENTRY_LAUNCH,PARKING_BLOCK_STOP,13.0,0.562,-0.1,30.828,4,,PARKING_ENTRY_LAUNCH > PARKING_ENTRY_SEARCH > ACQUIRE_PILLAR > PASS_RED_RIGHT > CONFIRM_PASSED > PASS_RED_RIGHT > CONFIRM_PASSED > PILLAR_RECENTER > PARKING_ENTRY_SEARCH > ACQUIRE_PILLAR > PASS_RED_RIGHT > CONFIRM_PASSED > PASS_RED_RIGHT > CONFIRM_PASSED > PILLAR_RECENTER > PARKING_ENTRY_SEARCH > PARKING_U_TURN_FIRST_FORWARD > PARKING_U_TURN_FIRST_REVERSE > PARKING_U_TURN_SECOND_FORWARD > PARKING_U_TURN_SECOND_REVERSE > PARKING_BLOCK_ALIGN > PARKING_GAP_SEARCH > PARKING_SIDE_MARK_SEARCH > PARKING_SIDE_MARK_REVERSE > PARKING_SIDE_MARK_SEARCH > PARKING_SIDE_MARK_REVERSE > PARKING_SIDE_MARK_SEARCH > PARKING_SIDE_MARK_REVERSE > PARKING_SIDE_MARK_SEARCH > PARKING_SIDE_MARK_REVERSE > PARKING_SIDE_MARK_SEARCH > PARKING_SIDE_MARK_REVERSE > PARKING_SIDE_MARK_SEARCH > PARKING_SIDE_MARK_REVERSE > PARKING_SIDE_MARK_SEARCH > PARKING_SIDE_MARK_REVERSE > PARKING_SIDE_MARK_SEARCH > PARKING_SIDE_MARK_REVERSE > PARKING_SIDE_MARK_SEARCH > PARKING_GAP_REVERSE > PARKING_BLOCK_APPROACH > PARKING_BLOCK_STOP
round2_run_20260917_215617_847283.csv,20260917,215617,PARKING_ENTRY_LAUNCH,PARKING_BLOCK_STOP,13.0,0.516,-0.1,36.563,5,,PARKING_ENTRY_LAUNCH > PARKING_ENTRY_SEARCH > ACQUIRE_PILLAR > PASS_RED_RIGHT > CONFIRM_PASSED > PILLAR_RECENTER > PARKING_ENTRY_SEARCH > ACQUIRE_PILLAR > PASS_RED_RIGHT > CONFIRM_PASSED > PASS_RED_RIGHT > CONFIRM_PASSED > PASS_RED_RIGHT > CONFIRM_PASSED > PASS_RED_RIGHT > CONFIRM_PASSED > PILLAR_RECENTER > PARKING_ENTRY_SEARCH > PARKING_U_TURN_FIRST_FORWARD > PARKING_U_TURN_FIRST_REVERSE > PARKING_U_TURN_SECOND_FORWARD > PARKING_U_TURN_SECOND_REVERSE > PARKING_BLOCK_REVERSE_CLEAR > PARKING_BLOCK_ALIGN > PARKING_GAP_SEARCH > PARKING_SIDE_MARK_SEARCH > PARKING_SIDE_MARK_REVERSE > PARKING_SIDE_MARK_SEARCH > PARKING_SIDE_MARK_REVERSE > PARKING_SIDE_MARK_SEARCH > PARKING_SIDE_MARK_REVERSE > PARKING_SIDE_MARK_SEARCH > PARKING_SIDE_MARK_REVERSE > PARKING_SIDE_MARK_SEARCH > PARKING_SIDE_MARK_REVERSE > PARKING_SIDE_MARK_SEARCH > PARKING_SIDE_MARK_REVERSE > PARKING_SIDE_MARK_SEARCH > PARKING_SIDE_MARK_REVERSE > PARKING_SIDE_MARK_SEARCH > PARKING_SIDE_MARK_REVERSE > PARKING_SIDE_MARK_SEARCH > PARKING_SIDE_MARK_REVERSE > PARKING_SIDE_MARK_SEARCH > PARKING_SIDE_MARK_REVERSE > PARKING_SIDE_MARK_SEARCH > PARKING_GAP_REVERSE > PARKING_BLOCK_APPROACH > PARKING_BLOCK_COUNTER_STEER > PARKING_BLOCK_STOP
round2_run_20260918_103552_551447.csv,20260918,103552,PARKING_EXIT_DIRECTION,EMERGENCY_ESCAPE,3.0,0.359,,72.812,7,,PARKING_EXIT_DIRECTION > PARKING_EXIT_ARC_1 > PARKING_EXIT_ARC_2 > PARKING_EXIT_ARC_3 > PARKING_EXIT_SCAN > PARKING_EXIT_CW_RETURN_1 > PARKING_EXIT_CW_RETURN_2 > PARKING_EXIT_COMPLETE > FOLLOW_STRAIGHT > APPROACH_CORNER > TURN_90 > POST_TURN_BACKUP > POST_TURN_SCAN_HOLD > RECENTER > FOLLOW_STRAIGHT > ACQUIRE_PILLAR > PASS_GREEN_LEFT > CONFIRM_PASSED > PILLAR_RECENTER > FOLLOW_STRAIGHT > ACQUIRE_PILLAR > PASS_RED_RIGHT > CONFIRM_PASSED > PILLAR_RECENTER > FOLLOW_STRAIGHT > APPROACH_CORNER > TURN_90 > POST_TURN_BACKUP > POST_TURN_SCAN_HOLD > ACQUIRE_PILLAR > PASS_RED_RIGHT > CONFIRM_PASSED > PASS_RED_RIGHT > CONFIRM_PASSED > PILLAR_RECENTER > FOLLOW_STRAIGHT > ACQUIRE_PILLAR > PASS_GREEN_LEFT > CONFIRM_PASSED > PILLAR_RECENTER > APPROACH_CORNER > TURN_90 > POST_TURN_BACKUP > POST_TURN_SCAN_HOLD > ACQUIRE_PILLAR > PASS_GREEN_LEFT > CONFIRM_PASSED > PILLAR_RECENTER > FOLLOW_STRAIGHT > ACQUIRE_PILLAR > PASS_RED_RIGHT > CONFIRM_PASSED > PILLAR_RECENTER > APPROACH_CORNER > HARD_STOP_RELEASE > REASSESS_FRONT > EMERGENCY_ESCAPE > DEEP_REVERSE_RECOVERY > REASSESS_FRONT > CORNER_CLEARANCE_RECOVERY > REASSESS_FRONT > FOLLOW_STRAIGHT > HARD_STOP_RELEASE > REASSESS_FRONT > EMERGENCY_ESCAPE > DEEP_REVERSE_RECOVERY > REASSESS_FRONT > FOLLOW_STRAIGHT > HARD_STOP_RELEASE > REASSESS_FRONT > HARD_STOP_RELEASE > REASSESS_FRONT > CORNER_CLEARANCE_RECOVERY > REASSESS_FRONT > CORNER_CLEARANCE_RECOVERY > REASSESS_FRONT > FOLLOW_STRAIGHT > HARD_STOP_RELEASE > REASSESS_FRONT > EMERGENCY_ESCAPE
round2_run_20260918_103730_248752.csv,20260918,103730,PARKING_EXIT_DIRECTION,PASS_RED_RIGHT,4.0,0.312,,125.531,11,,PARKING_EXIT_DIRECTION > PARKING_EXIT_ARC_1 > PARKING_EXIT_ARC_2 > PARKING_EXIT_ARC_3 > PARKING_EXIT_SCAN > PARKING_EXIT_CW_RETURN_1 > PARKING_EXIT_CW_RETURN_2 > PARKING_EXIT_COMPLETE > FOLLOW_STRAIGHT > APPROACH_CORNER > TURN_90 > POST_TURN_BACKUP > POST_TURN_SCAN_HOLD > RECENTER > FOLLOW_STRAIGHT > ACQUIRE_PILLAR > PASS_RED_RIGHT > CONFIRM_PASSED > PASS_RED_RIGHT > CONFIRM_PASSED > PILLAR_RECENTER > FOLLOW_STRAIGHT > ACQUIRE_PILLAR > PASS_RED_RIGHT > CONFIRM_PASSED > PILLAR_RECENTER > FOLLOW_STRAIGHT > APPROACH_CORNER > TURN_90 > POST_TURN_BACKUP > POST_TURN_SCAN_HOLD > RECENTER > FOLLOW_STRAIGHT > ACQUIRE_PILLAR > PASS_GREEN_LEFT > CONFIRM_PASSED > PILLAR_RECENTER > FOLLOW_STRAIGHT > HARD_STOP_RELEASE > REASSESS_FRONT > HARD_STOP_RELEASE > REASSESS_FRONT > HARD_STOP_RELEASE > REASSESS_FRONT > FOLLOW_STRAIGHT > DEEP_REVERSE_RECOVERY > REASSESS_FRONT > HARD_STOP_RELEASE > FOLLOW_STRAIGHT > REASSESS_FRONT > FOLLOW_STRAIGHT > HARD_STOP_RELEASE > REASSESS_FRONT > EMERGENCY_ESCAPE > DEEP_REVERSE_RECOVERY > REASSESS_FRONT > HARD_STOP_RELEASE > REASSESS_FRONT > FOLLOW_STRAIGHT > HARD_STOP_RELEASE > REASSESS_FRONT > EMERGENCY_ESCAPE > DEEP_REVERSE_RECOVERY > REASSESS_FRONT > HARD_STOP_RELEASE > REASSESS_FRONT > FOLLOW_STRAIGHT > ACQUIRE_PILLAR > EMERGENCY_ESCAPE > DEEP_REVERSE_RECOVERY > REASSESS_FRONT > HARD_STOP_RELEASE > REASSESS_FRONT > HARD_STOP_RELEASE > REASSESS_FRONT > FOLLOW_STRAIGHT > ACQUIRE_PILLAR > FOLLOW_STRAIGHT > ACQUIRE_PILLAR > FOLLOW_STRAIGHT > ACQUIRE_PILLAR > PASS_RED_RIGHT > CONFIRM_PASSED > PASS_RED_RIGHT > CONFIRM_PASSED > PASS_RED_RIGHT > CONFIRM_PASSED > PILLAR_RECENTER > HARD_STOP_RELEASE > REASSESS_FRONT > EMERGENCY_ESCAPE > DEEP_REVERSE_RECOVERY > REASSESS_FRONT > FOLLOW_STRAIGHT > APPROACH_CORNER > TURN_90 > POST_TURN_BACKUP > POST_TURN_SCAN_HOLD > ACQUIRE_PILLAR > PASS_GREEN_LEFT > CONFIRM_PASSED > PILLAR_RECENTER > FOLLOW_STRAIGHT > ACQUIRE_PILLAR > PASS_RED_RIGHT > CONFIRM_PASSED > PILLAR_RECENTER > FOLLOW_STRAIGHT > ACQUIRE_PILLAR > PASS_RED_RIGHT > CONFIRM_PASSED > PILLAR_RECENTER > FOLLOW_STRAIGHT > APPROACH_CORNER > TURN_90 > PARKING_ENTRY_LAUNCH > PARKING_ENTRY_SEARCH > ACQUIRE_PILLAR > PASS_RED_RIGHT > CONFIRM_PASSED > PILLAR_RECENTER > PARKING_ENTRY_SEARCH > ACQUIRE_PILLAR > PASS_RED_RIGHT
round2_run_20260918_112029_654536.csv,20260918,112029,PARKING_EXIT_DIRECTION,REASSESS_FRONT,1.0,0.312,,50.375,2,,PARKING_EXIT_DIRECTION > PARKING_EXIT_ARC_1 > PARKING_EXIT_ARC_2 > PARKING_EXIT_ARC_3 > PARKING_EXIT_SCAN > PARKING_EXIT_CW_RETURN_1 > PARKING_EXIT_CW_RETURN_2 > PARKING_EXIT_COMPLETE > FOLLOW_STRAIGHT > ACQUIRE_PILLAR > FOLLOW_STRAIGHT > APPROACH_CORNER > TURN_90 > POST_TURN_BACKUP > POST_TURN_SCAN_HOLD > RECENTER > FOLLOW_STRAIGHT > ACQUIRE_PILLAR > PASS_RED_RIGHT > CONFIRM_PASSED > PILLAR_RECENTER > FOLLOW_STRAIGHT > ACQUIRE_PILLAR > FOLLOW_STRAIGHT > ACQUIRE_PILLAR > FOLLOW_STRAIGHT > ACQUIRE_PILLAR > PASS_RED_RIGHT > CONFIRM_PASSED > PILLAR_RECENTER > FOLLOW_STRAIGHT > APPROACH_CORNER > HARD_STOP_RELEASE > REASSESS_FRONT > HARD_STOP_RELEASE > REASSESS_FRONT > HARD_STOP_RELEASE > REASSESS_FRONT > EMERGENCY_ESCAPE > DEEP_REVERSE_RECOVERY > REASSESS_FRONT > FOLLOW_STRAIGHT > HARD_STOP_RELEASE > REASSESS_FRONT > EMERGENCY_ESCAPE > DEEP_REVERSE_RECOVERY > REASSESS_FRONT > CORNER_CLEARANCE_RECOVERY > REASSESS_FRONT > FOLLOW_STRAIGHT > HARD_STOP_RELEASE > REASSESS_FRONT > EMERGENCY_ESCAPE > DEEP_REVERSE_RECOVERY > REASSESS_FRONT > FOLLOW_STRAIGHT > HARD_STOP_RELEASE > REASSESS_FRONT > HARD_STOP_RELEASE > REASSESS_FRONT > HARD_STOP_RELEASE > REASSESS_FRONT
round2_run_20260918_112207_106004.csv,20260918,112207,PARKING_EXIT_DIRECTION,REASSESS_FRONT,4.0,0.281,,115.766,8,,PARKING_EXIT_DIRECTION > PARKING_EXIT_ARC_1 > PARKING_EXIT_ARC_2 > PARKING_EXIT_ARC_3 > PARKING_EXIT_SCAN > PARKING_EXIT_CW_RETURN_1 > PARKING_EXIT_CW_RETURN_2 > PARKING_EXIT_COMPLETE > FOLLOW_STRAIGHT > ACQUIRE_PILLAR > FOLLOW_STRAIGHT > APPROACH_CORNER > TURN_90 > POST_TURN_BACKUP > POST_TURN_SCAN_HOLD > ACQUIRE_PILLAR > PASS_GREEN_LEFT > CONFIRM_PASSED > PILLAR_RECENTER > FOLLOW_STRAIGHT > ACQUIRE_PILLAR > PASS_RED_RIGHT > CONFIRM_PASSED > PILLAR_RECENTER > FOLLOW_STRAIGHT > APPROACH_CORNER > TURN_90 > POST_TURN_BACKUP > POST_TURN_SCAN_HOLD > ACQUIRE_PILLAR > PASS_RED_RIGHT > CONFIRM_PASSED > PILLAR_RECENTER > FOLLOW_STRAIGHT > ACQUIRE_PILLAR > PASS_GREEN_LEFT > CONFIRM_PASSED > PILLAR_RECENTER > APPROACH_CORNER > TURN_90 > POST_TURN_BACKUP > POST_TURN_SCAN_HOLD > ACQUIRE_PILLAR > PASS_GREEN_LEFT > CONFIRM_PASSED > PILLAR_RECENTER > FOLLOW_STRAIGHT > ACQUIRE_PILLAR > PASS_GREEN_LEFT > CONFIRM_PASSED > PILLAR_RECENTER > APPROACH_CORNER > TURN_90 > PARKING_ENTRY_SEARCH > ACQUIRE_PILLAR > PASS_RED_RIGHT > CONFIRM_PASSED > PARKING_BLOCK_SEARCH > HARD_STOP_RELEASE > REASSESS_FRONT > PARKING_BLOCK_SEARCH > HARD_STOP_RELEASE > PARKING_BLOCK_SEARCH > HARD_STOP_RELEASE > REASSESS_FRONT > ACQUIRE_PILLAR > PASS_RED_RIGHT > CONFIRM_PASSED > PARKING_BLOCK_SEARCH > HARD_STOP_RELEASE > REASSESS_FRONT > EMERGENCY_ESCAPE > PARKING_BLOCK_SEARCH > HARD_STOP_RELEASE > REASSESS_FRONT > HARD_STOP_RELEASE > REASSESS_FRONT > HARD_STOP_RELEASE > REASSESS_FRONT
round2_run_20260918_112428_387429.csv,20260918,112428,PARKING_EXIT_DIRECTION,PARKING_BLOCK_SEARCH,4.0,0.297,,147.062,6,,PARKING_EXIT_DIRECTION > PARKING_EXIT_ARC_1 > PARKING_EXIT_ARC_2 > PARKING_EXIT_ARC_3 > PARKING_EXIT_SCAN > PARKING_EXIT_CW_RETURN_1 > PARKING_EXIT_CW_RETURN_2 > PARKING_EXIT_COMPLETE > FOLLOW_STRAIGHT > APPROACH_CORNER > TURN_90 > POST_TURN_BACKUP > POST_TURN_SCAN_HOLD > RECENTER > FOLLOW_STRAIGHT > ACQUIRE_PILLAR > PASS_RED_RIGHT > CONFIRM_PASSED > PILLAR_RECENTER > FOLLOW_STRAIGHT > APPROACH_CORNER > TURN_90 > POST_TURN_BACKUP > POST_TURN_SCAN_HOLD > ACQUIRE_PILLAR > PASS_RED_RIGHT > CONFIRM_PASSED > PILLAR_RECENTER > FOLLOW_STRAIGHT > ACQUIRE_PILLAR > PASS_GREEN_LEFT > CONFIRM_PASSED > PILLAR_RECENTER > APPROACH_CORNER > TURN_90 > POST_TURN_BACKUP > POST_TURN_SCAN_HOLD > ACQUIRE_PILLAR > PASS_GREEN_LEFT > CONFIRM_PASSED > PILLAR_RECENTER > FOLLOW_STRAIGHT > ACQUIRE_PILLAR > PASS_RED_RIGHT > CONFIRM_PASSED > PILLAR_RECENTER > FOLLOW_STRAIGHT > HARD_STOP_RELEASE > REASSESS_FRONT > EMERGENCY_ESCAPE > FOLLOW_STRAIGHT > HARD_STOP_RELEASE > REASSESS_FRONT > EMERGENCY_ESCAPE > FOLLOW_STRAIGHT > HARD_STOP_RELEASE > REASSESS_FRONT > FOLLOW_STRAIGHT > DEEP_REVERSE_RECOVERY > REASSESS_FRONT > FOLLOW_STRAIGHT > APPROACH_CORNER > TURN_90 > PARKING_ENTRY_SEARCH > ACQUIRE_PILLAR > PASS_RED_RIGHT > CONFIRM_PASSED > PARKING_BLOCK_SEARCH
round2_run_20260918_114954_139444.csv,20260918,114954,PARKING_EXIT_DIRECTION,FAULT,4.0,0.313,,92.36,6,front reached 5 cm before parking alignment,PARKING_EXIT_DIRECTION > PARKING_EXIT_ARC_1 > PARKING_EXIT_ARC_2 > PARKING_EXIT_ARC_3 > PARKING_EXIT_SCAN > PARKING_EXIT_CW_RETURN_1 > PARKING_EXIT_CW_RETURN_2 > PARKING_EXIT_COMPLETE > FOLLOW_STRAIGHT > APPROACH_CORNER > TURN_90 > POST_TURN_BACKUP > POST_TURN_SCAN_HOLD > RECENTER > FOLLOW_STRAIGHT > ACQUIRE_PILLAR > PASS_RED_RIGHT > CONFIRM_PASSED > PILLAR_RECENTER > FOLLOW_STRAIGHT > APPROACH_CORNER > TURN_90 > POST_TURN_BACKUP > POST_TURN_SCAN_HOLD > ACQUIRE_PILLAR > PASS_RED_RIGHT > CONFIRM_PASSED > PILLAR_RECENTER > FOLLOW_STRAIGHT > ACQUIRE_PILLAR > PASS_RED_RIGHT > CONFIRM_PASSED > PILLAR_RECENTER > FOLLOW_STRAIGHT > HARD_STOP_RELEASE > REASSESS_FRONT > EMERGENCY_ESCAPE > FOLLOW_STRAIGHT > HARD_STOP_RELEASE > REASSESS_FRONT > FOLLOW_STRAIGHT > APPROACH_CORNER > TURN_90 > POST_TURN_BACKUP > POST_TURN_SCAN_HOLD > ACQUIRE_PILLAR > PASS_GREEN_LEFT > CONFIRM_PASSED > PILLAR_RECENTER > FOLLOW_STRAIGHT > ACQUIRE_PILLAR > PASS_GREEN_LEFT > CONFIRM_PASSED > PILLAR_RECENTER > APPROACH_CORNER > TURN_90 > PARKING_ENTRY_SEARCH > ACQUIRE_PILLAR > PASS_GREEN_LEFT > CONFIRM_PASSED > PARKING_BLOCK_SEARCH > PARKING_IN_ALIGN > FAULT
round2_run_20260918_120735_713911.csv,20260918,120735,PARKING_EXIT_DIRECTION,COMPLETE,4.0,0.297,,78.609,6,,PARKING_EXIT_DIRECTION > PARKING_EXIT_ARC_1 > PARKING_EXIT_ARC_2 > PARKING_EXIT_ARC_3 > PARKING_EXIT_SCAN > PARKING_EXIT_CW_RETURN_1 > PARKING_EXIT_CW_RETURN_2 > PARKING_EXIT_COMPLETE > FOLLOW_STRAIGHT > APPROACH_CORNER > TURN_90 > POST_TURN_BACKUP > POST_TURN_SCAN_HOLD > RECENTER > FOLLOW_STRAIGHT > ACQUIRE_PILLAR > FOLLOW_STRAIGHT > ACQUIRE_PILLAR > PASS_RED_RIGHT > CONFIRM_PASSED > PILLAR_RECENTER > APPROACH_CORNER > TURN_90 > POST_TURN_BACKUP > POST_TURN_SCAN_HOLD > RECENTER > FOLLOW_STRAIGHT > ACQUIRE_PILLAR > PASS_RED_RIGHT > CONFIRM_PASSED > PILLAR_RECENTER > FOLLOW_STRAIGHT > ACQUIRE_PILLAR > PASS_GREEN_LEFT > CONFIRM_PASSED > PILLAR_RECENTER > APPROACH_CORNER > TURN_90 > POST_TURN_BACKUP > POST_TURN_SCAN_HOLD > ACQUIRE_PILLAR > PASS_GREEN_LEFT > CONFIRM_PASSED > PILLAR_RECENTER > FOLLOW_STRAIGHT > ACQUIRE_PILLAR > PASS_GREEN_LEFT > CONFIRM_PASSED > PILLAR_RECENTER > APPROACH_CORNER > TURN_90 > PARKING_ENTRY_SEARCH > ACQUIRE_PILLAR > PASS_RED_RIGHT > CONFIRM_PASSED > PARKING_BLOCK_SEARCH > PARKING_IN_ENTER > COMPLETE
round2_run_20260918_122351_606285.csv,20260918,122351,PARKING_EXIT_DIRECTION,PARKING_BLOCK_SEARCH,4.0,0.297,,65.234,7,,PARKING_EXIT_DIRECTION > PARKING_EXIT_ARC_1 > PARKING_EXIT_ARC_2 > PARKING_EXIT_ARC_3 > PARKING_EXIT_SCAN > PARKING_EXIT_CW_RETURN_1 > PARKING_EXIT_CW_RETURN_2 > PARKING_EXIT_COMPLETE > FOLLOW_STRAIGHT > APPROACH_CORNER > TURN_90 > POST_TURN_BACKUP > POST_TURN_SCAN_HOLD > RECENTER > FOLLOW_STRAIGHT > ACQUIRE_PILLAR > PASS_GREEN_LEFT > CONFIRM_PASSED > PILLAR_RECENTER > FOLLOW_STRAIGHT > ACQUIRE_PILLAR > PASS_RED_RIGHT > CONFIRM_PASSED > PILLAR_RECENTER > FOLLOW_STRAIGHT > APPROACH_CORNER > TURN_90 > POST_TURN_BACKUP > POST_TURN_SCAN_HOLD > ACQUIRE_PILLAR > PASS_RED_RIGHT > CONFIRM_PASSED > PILLAR_RECENTER > FOLLOW_STRAIGHT > ACQUIRE_PILLAR > PASS_GREEN_LEFT > CONFIRM_PASSED > PILLAR_RECENTER > APPROACH_CORNER > TURN_90 > POST_TURN_BACKUP > POST_TURN_SCAN_HOLD > ACQUIRE_PILLAR > PASS_GREEN_LEFT > CONFIRM_PASSED > PILLAR_RECENTER > FOLLOW_STRAIGHT > ACQUIRE_PILLAR > PASS_RED_RIGHT > CONFIRM_PASSED > PILLAR_RECENTER > FOLLOW_STRAIGHT > APPROACH_CORNER > TURN_90 > PARKING_ENTRY_SEARCH > ACQUIRE_PILLAR > PASS_RED_RIGHT > CONFIRM_PASSED > PARKING_BLOCK_SEARCH
round2_run_20260918_122810_526745.csv,20260918,122810,PARKING_EXIT_DIRECTION,COMPLETE,4.0,0.297,,73.75,6,,PARKING_EXIT_DIRECTION > PARKING_EXIT_ARC_1 > PARKING_EXIT_ARC_2 > PARKING_EXIT_ARC_3 > PARKING_EXIT_SCAN > PARKING_EXIT_CW_RETURN_1 > PARKING_EXIT_CW_RETURN_2 > PARKING_EXIT_COMPLETE > FOLLOW_STRAIGHT > APPROACH_CORNER > TURN_90 > POST_TURN_BACKUP > POST_TURN_SCAN_HOLD > RECENTER > FOLLOW_STRAIGHT > ACQUIRE_PILLAR > PASS_RED_RIGHT > CONFIRM_PASSED > PILLAR_RECENTER > APPROACH_CORNER > TURN_90 > POST_TURN_BACKUP > POST_TURN_SCAN_HOLD > ACQUIRE_PILLAR > FOLLOW_STRAIGHT > ACQUIRE_PILLAR > PASS_RED_RIGHT > CONFIRM_PASSED > PILLAR_RECENTER > FOLLOW_STRAIGHT > ACQUIRE_PILLAR > PASS_GREEN_LEFT > CONFIRM_PASSED > PILLAR_RECENTER > APPROACH_CORNER > TURN_90 > POST_TURN_BACKUP > POST_TURN_SCAN_HOLD > ACQUIRE_PILLAR > PASS_GREEN_LEFT > CONFIRM_PASSED > PILLAR_RECENTER > FOLLOW_STRAIGHT > ACQUIRE_PILLAR > PASS_RED_RIGHT > CONFIRM_PASSED > PILLAR_RECENTER > FOLLOW_STRAIGHT > APPROACH_CORNER > TURN_90 > PARKING_ENTRY_SEARCH > ACQUIRE_PILLAR > PASS_RED_RIGHT > CONFIRM_PASSED > PARKING_BLOCK_SEARCH > HARD_STOP_RELEASE > PARKING_BLOCK_SEARCH > PARKING_IN_ENTER > COMPLETE
round2_run_20260918_123122_975344.csv,20260918,123122,PARKING_EXIT_DIRECTION,COMPLETE,4.0,0.313,,80.5,7,,PARKING_EXIT_DIRECTION > PARKING_EXIT_ARC_1 > PARKING_EXIT_ARC_2 > PARKING_EXIT_ARC_3 > PARKING_EXIT_SCAN > PARKING_EXIT_CW_RETURN_1 > PARKING_EXIT_CW_RETURN_2 > PARKING_EXIT_COMPLETE > FOLLOW_STRAIGHT > APPROACH_CORNER > TURN_90 > POST_TURN_BACKUP > POST_TURN_SCAN_HOLD > ACQUIRE_PILLAR > PASS_GREEN_LEFT > CONFIRM_PASSED > PILLAR_RECENTER > FOLLOW_STRAIGHT > ACQUIRE_PILLAR > PASS_RED_RIGHT > CONFIRM_PASSED > PILLAR_RECENTER > APPROACH_CORNER > TURN_90 > POST_TURN_BACKUP > POST_TURN_SCAN_HOLD > ACQUIRE_PILLAR > PASS_RED_RIGHT > CONFIRM_PASSED > PILLAR_RECENTER > FOLLOW_STRAIGHT > ACQUIRE_PILLAR > PASS_GREEN_LEFT > CONFIRM_PASSED > PILLAR_RECENTER > APPROACH_CORNER > TURN_90 > POST_TURN_BACKUP > POST_TURN_SCAN_HOLD > RECENTER > FOLLOW_STRAIGHT > ACQUIRE_PILLAR > PASS_GREEN_LEFT > CONFIRM_PASSED > PILLAR_RECENTER > FOLLOW_STRAIGHT > ACQUIRE_PILLAR > PASS_GREEN_LEFT > CONFIRM_PASSED > PILLAR_RECENTER > APPROACH_CORNER > TURN_90 > PARKING_ENTRY_SEARCH > ACQUIRE_PILLAR > PASS_RED_RIGHT > CONFIRM_PASSED > PARKING_BLOCK_SEARCH > PARKING_IN_ENTER > COMPLETE
round2_run_20260918_124041_153154.csv,20260918,124041,PARKING_EXIT_DIRECTION,PARKING_EXIT_RED_REVERSE,0.0,0.25,,11.406,0,,PARKING_EXIT_DIRECTION > PARKING_EXIT_ARC_1 > PARKING_EXIT_ARC_2 > PARKING_EXIT_ARC_3 > PARKING_EXIT_SCAN > PARKING_EXIT_TIMED_CURVE > PARKING_EXIT_RED_REVERSE
round2_run_20260918_124115_132207.csv,20260918,124115,PARKING_EXIT_DIRECTION,PARKING_EXIT_RED_REVERSE,0.0,0.312,,20.859,0,,PARKING_EXIT_DIRECTION > PARKING_EXIT_ARC_1 > PARKING_EXIT_ARC_2 > PARKING_EXIT_ARC_3 > PARKING_EXIT_SCAN > PARKING_EXIT_TIMED_CURVE > PARKING_EXIT_RED_REVERSE
round2_run_20260918_124210_692844.csv,20260918,124210,PARKING_EXIT_DIRECTION,FOLLOW_STRAIGHT,0.0,0.297,,21.844,3,,PARKING_EXIT_DIRECTION > PARKING_EXIT_ARC_1 > PARKING_EXIT_ARC_2 > PARKING_EXIT_ARC_3 > PARKING_EXIT_SCAN > PARKING_EXIT_TIMED_CURVE > PARKING_EXIT_RED_REVERSE > PARKING_EXIT_RED_FORWARD > PARKING_EXIT_SHARP_RETURN > EMERGENCY_ESCAPE > DEEP_REVERSE_RECOVERY > REASSESS_FRONT > ACQUIRE_PILLAR > PASS_RED_RIGHT > CONFIRM_PASSED > PASS_RED_RIGHT > EMERGENCY_ESCAPE > DEEP_REVERSE_RECOVERY > PASS_RED_RIGHT > CONFIRM_PASSED > PILLAR_RECENTER > HARD_STOP_RELEASE > REASSESS_FRONT > EMERGENCY_ESCAPE > DEEP_REVERSE_RECOVERY > REASSESS_FRONT > HARD_STOP_RELEASE > PILLAR_RECENTER > FOLLOW_STRAIGHT > ACQUIRE_PILLAR > PASS_RED_RIGHT > CONFIRM_PASSED > PILLAR_RECENTER > HARD_STOP_RELEASE > PILLAR_RECENTER > HARD_STOP_RELEASE > PILLAR_RECENTER > FOLLOW_STRAIGHT > HARD_STOP_RELEASE > FOLLOW_STRAIGHT > REASSESS_FRONT > FOLLOW_STRAIGHT > HARD_STOP_RELEASE > FOLLOW_STRAIGHT > REASSESS_FRONT > FOLLOW_STRAIGHT
round2_run_20260918_124335_365035.csv,20260918,124335,PARKING_EXIT_DIRECTION,PILLAR_RECENTER,1.0,0.297,,21.969,3,,PARKING_EXIT_DIRECTION > PARKING_EXIT_ARC_1 > PARKING_EXIT_ARC_2 > PARKING_EXIT_ARC_3 > PARKING_EXIT_SCAN > PARKING_EXIT_TIMED_CURVE > PARKING_EXIT_RED_REVERSE > PARKING_EXIT_RED_FORWARD > PARKING_EXIT_SHARP_RETURN > EMERGENCY_ESCAPE > PARKING_EXIT_SHARP_RETURN > FOLLOW_STRAIGHT > APPROACH_CORNER > TURN_90 > POST_TURN_BACKUP > POST_TURN_SCAN_HOLD > ACQUIRE_PILLAR > PASS_RED_RIGHT > CONFIRM_PASSED > PASS_RED_RIGHT > CONFIRM_PASSED > EMERGENCY_ESCAPE > DEEP_REVERSE_RECOVERY > HARD_STOP_RELEASE > PASS_RED_RIGHT > CONFIRM_PASSED > PILLAR_RECENTER
round2_run_20260918_124531_913191.csv,20260918,124531,PARKING_EXIT_DIRECTION,FAULT,0.0,0.297,,20.047,0,unknown Round 2 state STRAIGHT,PARKING_EXIT_DIRECTION > PARKING_EXIT_ARC_1 > PARKING_EXIT_ARC_2 > PARKING_EXIT_ARC_3 > PARKING_EXIT_SCAN > PARKING_EXIT_TIMED_CURVE > PARKING_EXIT_RED_REVERSE > PARKING_EXIT_RED_FORWARD > PARKING_EXIT_SHARP_RETURN > EMERGENCY_ESCAPE > DEEP_REVERSE_RECOVERY > REASSESS_FRONT > HARD_STOP_RELEASE > REASSESS_FRONT > HARD_STOP_RELEASE > STRAIGHT > FAULT
round2_run_20260918_124621_505844.csv,20260918,124621,PARKING_EXIT_DIRECTION,FOLLOW_STRAIGHT,0.0,0.297,,22.047,0,,PARKING_EXIT_DIRECTION > PARKING_EXIT_ARC_1 > PARKING_EXIT_ARC_2 > PARKING_EXIT_ARC_3 > PARKING_EXIT_SCAN > PARKING_EXIT_TIMED_CURVE > PARKING_EXIT_RED_REVERSE > PARKING_EXIT_RED_FORWARD > PARKING_EXIT_SHARP_RETURN > FOLLOW_STRAIGHT > APPROACH_CORNER > HARD_STOP_RELEASE > APPROACH_CORNER > REASSESS_FRONT > FOLLOW_STRAIGHT > HARD_STOP_RELEASE > FOLLOW_STRAIGHT > REASSESS_FRONT > FOLLOW_STRAIGHT > APPROACH_CORNER > HARD_STOP_RELEASE > REASSESS_FRONT > EMERGENCY_ESCAPE > DEEP_REVERSE_RECOVERY > REASSESS_FRONT > HARD_STOP_RELEASE > REASSESS_FRONT > FOLLOW_STRAIGHT
round2_run_20260918_124817_499620.csv,20260918,124817,PARKING_EXIT_DIRECTION,PASS_GREEN_LEFT,1.0,0.281,,29.922,0,,PARKING_EXIT_DIRECTION > PARKING_EXIT_ARC_1 > PARKING_EXIT_ARC_2 > PARKING_EXIT_ARC_3 > PARKING_EXIT_SCAN > PARKING_EXIT_CW_RETURN_1 > PARKING_EXIT_CW_RETURN_2 > PARKING_EXIT_COMPLETE > FOLLOW_STRAIGHT > APPROACH_CORNER > TURN_90 > POST_TURN_BACKUP > POST_TURN_SCAN_HOLD > ACQUIRE_PILLAR > PASS_GREEN_LEFT
round2_run_20260918_125041_874407.csv,20260918,125041,PARKING_EXIT_DIRECTION,PARKING_IN_ENTER,4.0,0.281,,96.234,6,,PARKING_EXIT_DIRECTION > PARKING_EXIT_ARC_1 > PARKING_EXIT_ARC_2 > PARKING_EXIT_ARC_3 > PARKING_EXIT_SCAN > PARKING_EXIT_CW_RETURN_1 > PARKING_EXIT_CW_RETURN_2 > PARKING_EXIT_COMPLETE > FOLLOW_STRAIGHT > APPROACH_CORNER > TURN_90 > POST_TURN_BACKUP > POST_TURN_SCAN_HOLD > ACQUIRE_PILLAR > PASS_GREEN_LEFT > CONFIRM_PASSED > PILLAR_RECENTER > FOLLOW_STRAIGHT > ACQUIRE_PILLAR > PASS_RED_RIGHT > CONFIRM_PASSED > PILLAR_RECENTER > FOLLOW_STRAIGHT > APPROACH_CORNER > TURN_90 > POST_TURN_BACKUP > POST_TURN_SCAN_HOLD > RECENTER > FOLLOW_STRAIGHT > ACQUIRE_PILLAR > PASS_RED_RIGHT > CONFIRM_PASSED > PILLAR_RECENTER > FOLLOW_STRAIGHT > ACQUIRE_PILLAR > PASS_GREEN_LEFT > CONFIRM_PASSED > PILLAR_RECENTER > APPROACH_CORNER > TURN_90 > POST_TURN_BACKUP > POST_TURN_SCAN_HOLD > ACQUIRE_PILLAR > PASS_GREEN_LEFT > CONFIRM_PASSED > PILLAR_RECENTER > FOLLOW_STRAIGHT > ACQUIRE_PILLAR > PASS_RED_RIGHT > CONFIRM_PASSED > PILLAR_RECENTER > FOLLOW_STRAIGHT > HARD_STOP_RELEASE > REASSESS_FRONT > EMERGENCY_ESCAPE > DEEP_REVERSE_RECOVERY > REASSESS_FRONT > HARD_STOP_RELEASE > FOLLOW_STRAIGHT > REASSESS_FRONT > FOLLOW_STRAIGHT > HARD_STOP_RELEASE > REASSESS_FRONT > EMERGENCY_ESCAPE > DEEP_REVERSE_RECOVERY > REASSESS_FRONT > FOLLOW_STRAIGHT > HARD_STOP_RELEASE > REASSESS_FRONT > EMERGENCY_ESCAPE > FOLLOW_STRAIGHT > HARD_STOP_RELEASE > REASSESS_FRONT > EMERGENCY_ESCAPE > DEEP_REVERSE_RECOVERY > REASSESS_FRONT > HARD_STOP_RELEASE > FOLLOW_STRAIGHT > REASSESS_FRONT > FOLLOW_STRAIGHT > HARD_STOP_RELEASE > REASSESS_FRONT > EMERGENCY_ESCAPE > DEEP_REVERSE_RECOVERY > REASSESS_FRONT > FOLLOW_STRAIGHT > APPROACH_CORNER > TURN_90 > PARKING_ENTRY_SEARCH > PARKING_BLOCK_SEARCH > PARKING_IN_ENTER
round2_run_20260918_125355_248837.csv,20260918,125355,PARKING_EXIT_DIRECTION,REASSESS_FRONT,8.0,0.281,,145.859,16,,PARKING_EXIT_DIRECTION > PARKING_EXIT_ARC_1 > PARKING_EXIT_ARC_2 > PARKING_EXIT_ARC_3 > PARKING_EXIT_SCAN > PARKING_EXIT_CW_RETURN_1 > PARKING_EXIT_CW_RETURN_2 > PARKING_EXIT_COMPLETE > FOLLOW_STRAIGHT > APPROACH_CORNER > TURN_90 > POST_TURN_BACKUP > POST_TURN_SCAN_HOLD > ACQUIRE_PILLAR > PASS_GREEN_LEFT > CONFIRM_PASSED > PILLAR_RECENTER > FOLLOW_STRAIGHT > ACQUIRE_PILLAR > PASS_RED_RIGHT > CONFIRM_PASSED > PILLAR_RECENTER > FOLLOW_STRAIGHT > APPROACH_CORNER > TURN_90 > POST_TURN_BACKUP > POST_TURN_SCAN_HOLD > RECENTER > FOLLOW_STRAIGHT > ACQUIRE_PILLAR > PASS_RED_RIGHT > CONFIRM_PASSED > PILLAR_RECENTER > FOLLOW_STRAIGHT > ACQUIRE_PILLAR > PASS_GREEN_LEFT > CONFIRM_PASSED > PILLAR_RECENTER > APPROACH_CORNER > TURN_90 > POST_TURN_BACKUP > POST_TURN_SCAN_HOLD > ACQUIRE_PILLAR > PASS_GREEN_LEFT > CONFIRM_PASSED > PILLAR_RECENTER > FOLLOW_STRAIGHT > ACQUIRE_PILLAR > PASS_GREEN_LEFT > CONFIRM_PASSED > PILLAR_RECENTER > APPROACH_CORNER > TURN_90 > POST_TURN_BACKUP > POST_TURN_SCAN_HOLD > ACQUIRE_PILLAR > PASS_GREEN_LEFT > CONFIRM_PASSED > PILLAR_RECENTER > FOLLOW_STRAIGHT > ACQUIRE_PILLAR > FOLLOW_STRAIGHT > ACQUIRE_PILLAR > FOLLOW_STRAIGHT > ACQUIRE_PILLAR > PASS_GREEN_LEFT > CONFIRM_PASSED > PILLAR_RECENTER > FOLLOW_STRAIGHT > HARD_STOP_RELEASE > REASSESS_FRONT > EMERGENCY_ESCAPE > DEEP_REVERSE_RECOVERY > REASSESS_FRONT > CORNER_CLEARANCE_RECOVERY > REASSESS_FRONT > FOLLOW_STRAIGHT > APPROACH_CORNER > TURN_90 > POST_TURN_BACKUP > POST_TURN_SCAN_HOLD > RECENTER > FOLLOW_STRAIGHT > ACQUIRE_PILLAR > PASS_RED_RIGHT > CONFIRM_PASSED > PILLAR_RECENTER > FOLLOW_STRAIGHT > ACQUIRE_PILLAR > PASS_RED_RIGHT > CONFIRM_PASSED > PILLAR_RECENTER > FOLLOW_STRAIGHT > APPROACH_CORNER > TURN_90 > POST_TURN_BACKUP > POST_TURN_SCAN_HOLD > ACQUIRE_PILLAR > PASS_RED_RIGHT > CONFIRM_PASSED > PILLAR_RECENTER > FOLLOW_STRAIGHT > ACQUIRE_PILLAR > PASS_GREEN_LEFT > CONFIRM_PASSED > PILLAR_RECENTER > APPROACH_CORNER > TURN_90 > POST_TURN_BACKUP > POST_TURN_SCAN_HOLD > ACQUIRE_PILLAR > PASS_GREEN_LEFT > CONFIRM_PASSED > PILLAR_RECENTER > FOLLOW_STRAIGHT > ACQUIRE_PILLAR > PASS_RED_RIGHT > CONFIRM_PASSED > PILLAR_RECENTER > FOLLOW_STRAIGHT > APPROACH_CORNER > TURN_90 > POST_TURN_BACKUP > POST_TURN_SCAN_HOLD > ACQUIRE_PILLAR > PASS_GREEN_LEFT > CONFIRM_PASSED > PILLAR_RECENTER > FOLLOW_STRAIGHT > ACQUIRE_PILLAR > PASS_RED_RIGHT > CONFIRM_PASSED > PILLAR_RECENTER > FOLLOW_STRAIGHT > HARD_STOP_RELEASE > REASSESS_FRONT > EMERGENCY_ESCAPE > DEEP_REVERSE_RECOVERY > REASSESS_FRONT > HARD_STOP_RELEASE > REASSESS_FRONT > HARD_STOP_RELEASE > REASSESS_FRONT > HARD_STOP_RELEASE > REASSESS_FRONT > FOLLOW_STRAIGHT > DEEP_REVERSE_RECOVERY > REASSESS_FRONT > EMERGENCY_ESCAPE > FOLLOW_STRAIGHT > HARD_STOP_RELEASE > REASSESS_FRONT > EMERGENCY_ESCAPE > DEEP_REVERSE_RECOVERY > REASSESS_FRONT > HARD_STOP_RELEASE > REASSESS_FRONT > HARD_STOP_RELEASE > REASSESS_FRONT > HARD_STOP_RELEASE > REASSESS_FRONT
round2_run_20260918_125647_025681.csv,20260918,125647,PARKING_EXIT_DIRECTION,TURN_90,4.0,0.297,,76.141,6,,PARKING_EXIT_DIRECTION > PARKING_EXIT_ARC_1 > PARKING_EXIT_ARC_2 > PARKING_EXIT_ARC_3 > PARKING_EXIT_SCAN > PARKING_EXIT_CW_RETURN_1 > PARKING_EXIT_CW_RETURN_2 > PARKING_EXIT_COMPLETE > FOLLOW_STRAIGHT > APPROACH_CORNER > TURN_90 > POST_TURN_BACKUP > POST_TURN_SCAN_HOLD > ACQUIRE_PILLAR > PASS_GREEN_LEFT > CONFIRM_PASSED > PILLAR_RECENTER > FOLLOW_STRAIGHT > APPROACH_CORNER > TURN_90 > POST_TURN_BACKUP > POST_TURN_SCAN_HOLD > RECENTER > FOLLOW_STRAIGHT > ACQUIRE_PILLAR > FOLLOW_STRAIGHT > ACQUIRE_PILLAR > PASS_GREEN_LEFT > CONFIRM_PASSED > PILLAR_RECENTER > APPROACH_CORNER > TURN_90 > POST_TURN_BACKUP > POST_TURN_SCAN_HOLD > ACQUIRE_PILLAR > PASS_GREEN_LEFT > CONFIRM_PASSED > PILLAR_RECENTER > FOLLOW_STRAIGHT > ACQUIRE_PILLAR > PASS_RED_RIGHT > CONFIRM_PASSED > PILLAR_RECENTER > FOLLOW_STRAIGHT > APPROACH_CORNER > TURN_90 > POST_TURN_BACKUP > POST_TURN_SCAN_HOLD > ACQUIRE_PILLAR > PASS_RED_RIGHT > CONFIRM_PASSED > PILLAR_RECENTER > FOLLOW_STRAIGHT > ACQUIRE_PILLAR > FOLLOW_STRAIGHT > ACQUIRE_PILLAR > FOLLOW_STRAIGHT > ACQUIRE_PILLAR > PASS_GREEN_LEFT > CONFIRM_PASSED > PILLAR_RECENTER > APPROACH_CORNER > TURN_90
round2_run_20260918_125901_609223.csv,20260918,125901,PARKING_EXIT_DIRECTION,PARKING_EXIT_ARC_1,0.0,0.328,,4.828,0,,PARKING_EXIT_DIRECTION > PARKING_EXIT_ARC_1
round2_run_20260918_125958_037255.csv,20260918,125958,PARKING_EXIT_DIRECTION,PARKING_IN_ENTER,12.0,0.312,180.5,222.219,25,,PARKING_EXIT_DIRECTION > PARKING_EXIT_ARC_1 > PARKING_EXIT_ARC_2 > PARKING_EXIT_ARC_3 > PARKING_EXIT_SCAN > PARKING_EXIT_CW_RETURN_1 > PARKING_EXIT_CW_RETURN_2 > PARKING_EXIT_COMPLETE > FOLLOW_STRAIGHT > APPROACH_CORNER > TURN_90 > POST_TURN_BACKUP > POST_TURN_SCAN_HOLD > RECENTER > FOLLOW_STRAIGHT > ACQUIRE_PILLAR > PASS_RED_RIGHT > CONFIRM_PASSED > PILLAR_RECENTER > FOLLOW_STRAIGHT > ACQUIRE_PILLAR > PASS_RED_RIGHT > CONFIRM_PASSED > PILLAR_RECENTER > APPROACH_CORNER > TURN_90 > POST_TURN_BACKUP > POST_TURN_SCAN_HOLD > ACQUIRE_PILLAR > PASS_RED_RIGHT > CONFIRM_PASSED > PILLAR_RECENTER > FOLLOW_STRAIGHT > ACQUIRE_PILLAR > PASS_GREEN_LEFT > CONFIRM_PASSED > PILLAR_RECENTER > APPROACH_CORNER > TURN_90 > POST_TURN_BACKUP > POST_TURN_SCAN_HOLD > ACQUIRE_PILLAR > PASS_GREEN_LEFT > CONFIRM_PASSED > PILLAR_RECENTER > FOLLOW_STRAIGHT > ACQUIRE_PILLAR > PASS_RED_RIGHT > CONFIRM_PASSED > PILLAR_RECENTER > FOLLOW_STRAIGHT > ACQUIRE_PILLAR > PASS_GREEN_LEFT > CONFIRM_PASSED > PILLAR_RECENTER > APPROACH_CORNER > TURN_90 > POST_TURN_BACKUP > POST_TURN_SCAN_HOLD > ACQUIRE_PILLAR > PASS_GREEN_LEFT > CONFIRM_PASSED > PILLAR_RECENTER > FOLLOW_STRAIGHT > ACQUIRE_PILLAR > PASS_RED_RIGHT > CONFIRM_PASSED > PILLAR_RECENTER > FOLLOW_STRAIGHT > ACQUIRE_PILLAR > PASS_GREEN_LEFT > CONFIRM_PASSED > PILLAR_RECENTER > FOLLOW_STRAIGHT > APPROACH_CORNER > TURN_90 > POST_TURN_BACKUP > POST_TURN_SCAN_HOLD > ACQUIRE_PILLAR > PASS_GREEN_LEFT > CONFIRM_PASSED > PILLAR_RECENTER > FOLLOW_STRAIGHT > ACQUIRE_PILLAR > PASS_RED_RIGHT > CONFIRM_PASSED > PILLAR_RECENTER > FOLLOW_STRAIGHT > APPROACH_CORNER > TURN_90 > POST_TURN_BACKUP > POST_TURN_SCAN_HOLD > RECENTER > FOLLOW_STRAIGHT > ACQUIRE_PILLAR > PASS_RED_RIGHT > CONFIRM_PASSED > PILLAR_RECENTER > FOLLOW_STRAIGHT > ACQUIRE_PILLAR > PASS_GREEN_LEFT > CONFIRM_PASSED > PILLAR_RECENTER > APPROACH_CORNER > TURN_90 > POST_TURN_BACKUP > POST_TURN_SCAN_HOLD > ACQUIRE_PILLAR > PASS_GREEN_LEFT > CONFIRM_PASSED > PILLAR_RECENTER > FOLLOW_STRAIGHT > ACQUIRE_PILLAR > PASS_RED_RIGHT > CONFIRM_PASSED > PILLAR_RECENTER > FOLLOW_STRAIGHT > APPROACH_CORNER > TURN_90 > POST_TURN_BACKUP > POST_TURN_SCAN_HOLD > ACQUIRE_PILLAR > PASS_RED_RIGHT > CONFIRM_PASSED > PILLAR_RECENTER > FOLLOW_STRAIGHT > ACQUIRE_PILLAR > PASS_GREEN_LEFT > CONFIRM_PASSED > PILLAR_RECENTER > FOLLOW_STRAIGHT > APPROACH_CORNER > TURN_90 > POST_TURN_BACKUP > POST_TURN_SCAN_HOLD > ACQUIRE_PILLAR > PASS_RED_RIGHT > CONFIRM_PASSED > PILLAR_RECENTER > FOLLOW_STRAIGHT > ACQUIRE_PILLAR > PASS_RED_RIGHT > CONFIRM_PASSED > PASS_RED_RIGHT > CONFIRM_PASSED > PILLAR_RECENTER > APPROACH_CORNER > TURN_90 > POST_TURN_BACKUP > POST_TURN_SCAN_HOLD > RECENTER > FOLLOW_STRAIGHT > ACQUIRE_PILLAR > FOLLOW_STRAIGHT > ACQUIRE_PILLAR > PASS_GREEN_LEFT > CONFIRM_PASSED > PILLAR_RECENTER > APPROACH_CORNER > TURN_90 > POST_TURN_BACKUP > POST_TURN_SCAN_HOLD > ACQUIRE_PILLAR > PASS_GREEN_LEFT > CONFIRM_PASSED > PILLAR_RECENTER > FOLLOW_STRAIGHT > ACQUIRE_PILLAR > PASS_GREEN_LEFT > CONFIRM_PASSED > PILLAR_RECENTER > FOLLOW_STRAIGHT > APPROACH_CORNER > TURN_90 > PARKING_ENTRY_SEARCH > ACQUIRE_PILLAR > PASS_RED_RIGHT > CONFIRM_PASSED > PARKING_BLOCK_SEARCH > PARKING_IN_ENTER
round2_run_20260918_131254_848006.csv,20260918,131254,PARKING_EXIT_DIRECTION,PARKING_EXIT_ARC_1,0.0,0.329,,4.563,0,,PARKING_EXIT_DIRECTION > PARKING_EXIT_ARC_1
round2_run_20260918_131351_372575.csv,20260918,131351,PARKING_EXIT_DIRECTION,COMPLETE,12.0,0.297,189.1,217.187,25,,PARKING_EXIT_DIRECTION > PARKING_EXIT_ARC_1 > PARKING_EXIT_ARC_2 > PARKING_EXIT_ARC_3 > PARKING_EXIT_SCAN > PARKING_EXIT_CW_RETURN_1 > PARKING_EXIT_CW_RETURN_2 > PARKING_EXIT_COMPLETE > FOLLOW_STRAIGHT > APPROACH_CORNER > TURN_90 > POST_TURN_BACKUP > POST_TURN_SCAN_HOLD > RECENTER > FOLLOW_STRAIGHT > ACQUIRE_PILLAR > PASS_RED_RIGHT > CONFIRM_PASSED > PILLAR_RECENTER > FOLLOW_STRAIGHT > ACQUIRE_PILLAR > PASS_RED_RIGHT > CONFIRM_PASSED > PILLAR_RECENTER > HARD_STOP_RELEASE > REASSESS_FRONT > EMERGENCY_ESCAPE > PILLAR_RECENTER > FOLLOW_STRAIGHT > APPROACH_CORNER > TURN_90 > POST_TURN_BACKUP > POST_TURN_SCAN_HOLD > ACQUIRE_PILLAR > PASS_RED_RIGHT > CONFIRM_PASSED > PILLAR_RECENTER > FOLLOW_STRAIGHT > ACQUIRE_PILLAR > PASS_GREEN_LEFT > CONFIRM_PASSED > PILLAR_RECENTER > APPROACH_CORNER > TURN_90 > POST_TURN_BACKUP > POST_TURN_SCAN_HOLD > ACQUIRE_PILLAR > FOLLOW_STRAIGHT > ACQUIRE_PILLAR > PASS_RED_RIGHT > CONFIRM_PASSED > PILLAR_RECENTER > FOLLOW_STRAIGHT > ACQUIRE_PILLAR > PASS_GREEN_LEFT > CONFIRM_PASSED > PILLAR_RECENTER > APPROACH_CORNER > TURN_90 > POST_TURN_BACKUP > POST_TURN_SCAN_HOLD > ACQUIRE_PILLAR > PASS_RED_RIGHT > CONFIRM_PASSED > PILLAR_RECENTER > FOLLOW_STRAIGHT > ACQUIRE_PILLAR > PASS_GREEN_LEFT > CONFIRM_PASSED > PILLAR_RECENTER > FOLLOW_STRAIGHT > APPROACH_CORNER > TURN_90 > POST_TURN_BACKUP > POST_TURN_SCAN_HOLD > RECENTER > FOLLOW_STRAIGHT > ACQUIRE_PILLAR > PASS_RED_RIGHT > CONFIRM_PASSED > PILLAR_RECENTER > FOLLOW_STRAIGHT > ACQUIRE_PILLAR > PASS_RED_RIGHT > CONFIRM_PASSED > PASS_RED_RIGHT > CONFIRM_PASSED > PILLAR_RECENTER > FOLLOW_STRAIGHT > APPROACH_CORNER > TURN_90 > POST_TURN_BACKUP > POST_TURN_SCAN_HOLD > ACQUIRE_PILLAR > PASS_RED_RIGHT > CONFIRM_PASSED > PILLAR_RECENTER > FOLLOW_STRAIGHT > ACQUIRE_PILLAR > PASS_GREEN_LEFT > CONFIRM_PASSED > PILLAR_RECENTER > FOLLOW_STRAIGHT > APPROACH_CORNER > TURN_90 > POST_TURN_BACKUP > POST_TURN_SCAN_HOLD > RECENTER > FOLLOW_STRAIGHT > ACQUIRE_PILLAR > PASS_RED_RIGHT > CONFIRM_PASSED > PILLAR_RECENTER > FOLLOW_STRAIGHT > ACQUIRE_PILLAR > PASS_GREEN_LEFT > CONFIRM_PASSED > PILLAR_RECENTER > APPROACH_CORNER > TURN_90 > POST_TURN_BACKUP > POST_TURN_SCAN_HOLD > ACQUIRE_PILLAR > PASS_RED_RIGHT > CONFIRM_PASSED > PILLAR_RECENTER > FOLLOW_STRAIGHT > ACQUIRE_PILLAR > PASS_GREEN_LEFT > CONFIRM_PASSED > PILLAR_RECENTER > FOLLOW_STRAIGHT > APPROACH_CORNER > TURN_90 > POST_TURN_BACKUP > POST_TURN_SCAN_HOLD > RECENTER > FOLLOW_STRAIGHT > ACQUIRE_PILLAR > PASS_RED_RIGHT > CONFIRM_PASSED > PILLAR_RECENTER > FOLLOW_STRAIGHT > ACQUIRE_PILLAR > PASS_RED_RIGHT > CONFIRM_PASSED > PILLAR_RECENTER > FOLLOW_STRAIGHT > APPROACH_CORNER > TURN_90 > POST_TURN_BACKUP > POST_TURN_SCAN_HOLD > ACQUIRE_PILLAR > PASS_RED_RIGHT > CONFIRM_PASSED > PILLAR_RECENTER > FOLLOW_STRAIGHT > ACQUIRE_PILLAR > PASS_GREEN_LEFT > CONFIRM_PASSED > PILLAR_RECENTER > FOLLOW_STRAIGHT > APPROACH_CORNER > TURN_90 > POST_TURN_BACKUP > POST_TURN_SCAN_HOLD > ACQUIRE_PILLAR > PASS_GREEN_LEFT > CONFIRM_PASSED > PILLAR_RECENTER > FOLLOW_STRAIGHT > ACQUIRE_PILLAR > PASS_RED_RIGHT > CONFIRM_PASSED > PILLAR_RECENTER > FOLLOW_STRAIGHT > ACQUIRE_PILLAR > FOLLOW_STRAIGHT > ACQUIRE_PILLAR > FOLLOW_STRAIGHT > ACQUIRE_PILLAR > FOLLOW_STRAIGHT > ACQUIRE_PILLAR > PASS_GREEN_LEFT > CONFIRM_PASSED > PILLAR_RECENTER > HARD_STOP_RELEASE > REASSESS_FRONT > EMERGENCY_ESCAPE > DEEP_REVERSE_RECOVERY > REASSESS_FRONT > HARD_STOP_RELEASE > REASSESS_FRONT > HARD_STOP_RELEASE > REASSESS_FRONT > HARD_STOP_RELEASE > REASSESS_FRONT > HARD_STOP_RELEASE > REASSESS_FRONT > HARD_STOP_RELEASE > REASSESS_FRONT > HARD_STOP_RELEASE > PILLAR_RECENTER > FOLLOW_STRAIGHT > HARD_STOP_RELEASE > REASSESS_FRONT > EMERGENCY_ESCAPE > DEEP_REVERSE_RECOVERY > REASSESS_FRONT > HARD_STOP_RELEASE > REASSESS_FRONT > HARD_STOP_RELEASE > REASSESS_FRONT > FOLLOW_STRAIGHT > HARD_STOP_RELEASE > REASSESS_FRONT > EMERGENCY_ESCAPE > DEEP_REVERSE_RECOVERY > REASSESS_FRONT > EMERGENCY_ESCAPE > FOLLOW_STRAIGHT > HARD_STOP_RELEASE > REASSESS_FRONT > EMERGENCY_ESCAPE > FOLLOW_STRAIGHT > APPROACH_CORNER > TURN_90 > PARKING_ENTRY_SEARCH > ACQUIRE_PILLAR > PASS_RED_RIGHT > CONFIRM_PASSED > PARKING_BLOCK_SEARCH > PARKING_IN_ENTER > COMPLETE
round2_run_20260918_133535_005871.csv,20260918,133535,PARKING_EXIT_DIRECTION,FAULT,1.0,0.297,,57.5,2,corner clearance reverse made no reliable progress,PARKING_EXIT_DIRECTION > PARKING_EXIT_ARC_1 > PARKING_EXIT_ARC_2 > PARKING_EXIT_ARC_3 > PARKING_EXIT_SCAN > PARKING_EXIT_TIMED_CURVE > PARKING_EXIT_RED_REVERSE > PARKING_EXIT_RED_FORWARD > PARKING_EXIT_SHARP_RETURN > FOLLOW_STRAIGHT > APPROACH_CORNER > TURN_90 > POST_TURN_BACKUP > POST_TURN_SCAN_HOLD > ACQUIRE_PILLAR > PASS_RED_RIGHT > CONFIRM_PASSED > PILLAR_RECENTER > FOLLOW_STRAIGHT > ACQUIRE_PILLAR > PASS_RED_RIGHT > CONFIRM_PASSED > PILLAR_RECENTER > FOLLOW_STRAIGHT > HARD_STOP_RELEASE > REASSESS_FRONT > CORNER_CLEARANCE_RECOVERY > REASSESS_FRONT > CORNER_CLEARANCE_RECOVERY > REASSESS_FRONT > FOLLOW_STRAIGHT > HARD_STOP_RELEASE > REASSESS_FRONT > CORNER_CLEARANCE_RECOVERY > REASSESS_FRONT > FOLLOW_STRAIGHT > HARD_STOP_RELEASE > REASSESS_FRONT > EMERGENCY_ESCAPE > DEEP_REVERSE_RECOVERY > REASSESS_FRONT > HARD_STOP_RELEASE > REASSESS_FRONT > FAULT
round2_run_20260918_133716_706893.csv,20260918,133716,PARKING_EXIT_DIRECTION,PASS_RED_RIGHT,7.0,0.312,,108.828,11,,PARKING_EXIT_DIRECTION > PARKING_EXIT_ARC_1 > PARKING_EXIT_ARC_2 > PARKING_EXIT_ARC_3 > PARKING_EXIT_SCAN > PARKING_EXIT_CW_RETURN_1 > PARKING_EXIT_CW_RETURN_2 > PARKING_EXIT_COMPLETE > FOLLOW_STRAIGHT > APPROACH_CORNER > TURN_90 > POST_TURN_BACKUP > POST_TURN_SCAN_HOLD > RECENTER > FOLLOW_STRAIGHT > ACQUIRE_PILLAR > PASS_RED_RIGHT > CONFIRM_PASSED > PILLAR_RECENTER > FOLLOW_STRAIGHT > ACQUIRE_PILLAR > PASS_RED_RIGHT > CONFIRM_PASSED > PILLAR_RECENTER > FOLLOW_STRAIGHT > APPROACH_CORNER > TURN_90 > POST_TURN_BACKUP > POST_TURN_SCAN_HOLD > RECENTER > FOLLOW_STRAIGHT > ACQUIRE_PILLAR > FOLLOW_STRAIGHT > ACQUIRE_PILLAR > PASS_RED_RIGHT > CONFIRM_PASSED > PILLAR_RECENTER > FOLLOW_STRAIGHT > APPROACH_CORNER > TURN_90 > POST_TURN_BACKUP > POST_TURN_SCAN_HOLD > ACQUIRE_PILLAR > PASS_RED_RIGHT > CONFIRM_PASSED > PILLAR_RECENTER > FOLLOW_STRAIGHT > ACQUIRE_PILLAR > PASS_RED_RIGHT > CONFIRM_PASSED > PILLAR_RECENTER > FOLLOW_STRAIGHT > APPROACH_CORNER > TURN_90 > POST_TURN_BACKUP > POST_TURN_SCAN_HOLD > RECENTER > FOLLOW_STRAIGHT > ACQUIRE_PILLAR > PASS_GREEN_LEFT > CONFIRM_PASSED > PILLAR_RECENTER > FOLLOW_STRAIGHT > APPROACH_CORNER > TURN_90 > POST_TURN_BACKUP > POST_TURN_SCAN_HOLD > ACQUIRE_PILLAR > FOLLOW_STRAIGHT > ACQUIRE_PILLAR > PASS_RED_RIGHT > CONFIRM_PASSED > PILLAR_RECENTER > FOLLOW_STRAIGHT > ACQUIRE_PILLAR > FOLLOW_STRAIGHT > ACQUIRE_PILLAR > PASS_RED_RIGHT > CONFIRM_PASSED > PILLAR_RECENTER > FOLLOW_STRAIGHT > APPROACH_CORNER > TURN_90 > POST_TURN_BACKUP > POST_TURN_SCAN_HOLD > RECENTER > FOLLOW_STRAIGHT > ACQUIRE_PILLAR > PASS_RED_RIGHT > CONFIRM_PASSED > PASS_RED_RIGHT > CONFIRM_PASSED > PILLAR_RECENTER > FOLLOW_STRAIGHT > APPROACH_CORNER > TURN_90 > POST_TURN_BACKUP > POST_TURN_SCAN_HOLD > ACQUIRE_PILLAR > PASS_RED_RIGHT > CONFIRM_PASSED > PILLAR_RECENTER > FOLLOW_STRAIGHT > ACQUIRE_PILLAR > PASS_RED_RIGHT
round2_run_20260918_134231_460363.csv,20260918,134231,PARKING_EXIT_DIRECTION,COMPLETE,12.0,0.297,184.8,213.859,19,,PARKING_EXIT_DIRECTION > PARKING_EXIT_ARC_1 > PARKING_EXIT_ARC_2 > PARKING_EXIT_ARC_3 > PARKING_EXIT_SCAN > PARKING_EXIT_CW_RETURN_1 > PARKING_EXIT_CW_RETURN_2 > PARKING_EXIT_COMPLETE > FOLLOW_STRAIGHT > APPROACH_CORNER > TURN_90 > POST_TURN_BACKUP > POST_TURN_SCAN_HOLD > ACQUIRE_PILLAR > PASS_GREEN_LEFT > CONFIRM_PASSED > PILLAR_RECENTER > FOLLOW_STRAIGHT > ACQUIRE_PILLAR > FOLLOW_STRAIGHT > HARD_STOP_RELEASE > REASSESS_FRONT > EMERGENCY_ESCAPE > FOLLOW_STRAIGHT > HARD_STOP_RELEASE > REASSESS_FRONT > FOLLOW_STRAIGHT > APPROACH_CORNER > TURN_90 > POST_TURN_BACKUP > POST_TURN_SCAN_HOLD > RECENTER > FOLLOW_STRAIGHT > ACQUIRE_PILLAR > FOLLOW_STRAIGHT > ACQUIRE_PILLAR > FOLLOW_STRAIGHT > ACQUIRE_PILLAR > FOLLOW_STRAIGHT > ACQUIRE_PILLAR > FOLLOW_STRAIGHT > APPROACH_CORNER > TURN_90 > POST_TURN_BACKUP > POST_TURN_SCAN_HOLD > RECENTER > FOLLOW_STRAIGHT > ACQUIRE_PILLAR > PASS_RED_RIGHT > CONFIRM_PASSED > PILLAR_RECENTER > HARD_STOP_RELEASE > REASSESS_FRONT > FOLLOW_STRAIGHT > APPROACH_CORNER > TURN_90 > POST_TURN_BACKUP > POST_TURN_SCAN_HOLD > RECENTER > FOLLOW_STRAIGHT > ACQUIRE_PILLAR > PASS_GREEN_LEFT > CONFIRM_PASSED > PASS_GREEN_LEFT > CONFIRM_PASSED > PILLAR_RECENTER > FOLLOW_STRAIGHT > ACQUIRE_PILLAR > PASS_RED_RIGHT > CONFIRM_PASSED > PILLAR_RECENTER > APPROACH_CORNER > TURN_90 > POST_TURN_BACKUP > POST_TURN_SCAN_HOLD > RECENTER > FOLLOW_STRAIGHT > ACQUIRE_PILLAR > PASS_RED_RIGHT > CONFIRM_PASSED > PILLAR_RECENTER > FOLLOW_STRAIGHT > ACQUIRE_PILLAR > FOLLOW_STRAIGHT > ACQUIRE_PILLAR > PASS_RED_RIGHT > CONFIRM_PASSED > PILLAR_RECENTER > FOLLOW_STRAIGHT > APPROACH_CORNER > TURN_90 > POST_TURN_BACKUP > POST_TURN_SCAN_HOLD > RECENTER > FOLLOW_STRAIGHT > ACQUIRE_PILLAR > PASS_RED_RIGHT > CONFIRM_PASSED > PASS_RED_RIGHT > CONFIRM_PASSED > PILLAR_RECENTER > FOLLOW_STRAIGHT > APPROACH_CORNER > TURN_90 > POST_TURN_BACKUP > POST_TURN_SCAN_HOLD > ACQUIRE_PILLAR > PASS_RED_RIGHT > CONFIRM_PASSED > PILLAR_RECENTER > FOLLOW_STRAIGHT > APPROACH_CORNER > TURN_90 > POST_TURN_BACKUP > POST_TURN_SCAN_HOLD > ACQUIRE_PILLAR > PASS_RED_RIGHT > CONFIRM_PASSED > PASS_RED_RIGHT > CONFIRM_PASSED > PILLAR_RECENTER > FOLLOW_STRAIGHT > ACQUIRE_PILLAR > PASS_GREEN_LEFT > CONFIRM_PASSED > PILLAR_RECENTER > FOLLOW_STRAIGHT > APPROACH_CORNER > TURN_90 > POST_TURN_BACKUP > POST_TURN_SCAN_HOLD > ACQUIRE_PILLAR > PASS_GREEN_LEFT > CONFIRM_PASSED > PILLAR_RECENTER > FOLLOW_STRAIGHT > ACQUIRE_PILLAR > PASS_RED_RIGHT > CONFIRM_PASSED > PILLAR_RECENTER > FOLLOW_STRAIGHT > ACQUIRE_PILLAR > PASS_RED_RIGHT > CONFIRM_PASSED > PILLAR_RECENTER > FOLLOW_STRAIGHT > APPROACH_CORNER > TURN_90 > POST_TURN_BACKUP > POST_TURN_SCAN_HOLD > RECENTER > FOLLOW_STRAIGHT > ACQUIRE_PILLAR > PASS_RED_RIGHT > CONFIRM_PASSED > PILLAR_RECENTER > FOLLOW_STRAIGHT > APPROACH_CORNER > TURN_90 > POST_TURN_BACKUP > POST_TURN_SCAN_HOLD > ACQUIRE_PILLAR > PASS_RED_RIGHT > CONFIRM_PASSED > PASS_RED_RIGHT > CONFIRM_PASSED > PILLAR_RECENTER > FOLLOW_STRAIGHT > ACQUIRE_PILLAR > FOLLOW_STRAIGHT > ACQUIRE_PILLAR > FOLLOW_STRAIGHT > APPROACH_CORNER > TURN_90 > PARKING_ENTRY_SEARCH > PARKING_BLOCK_SEARCH > PARKING_IN_ENTER > COMPLETE
round2_run_20260918_141439_342551.csv,20260918,141439,PARKING_EXIT_DIRECTION,COMPLETE,12.0,0.266,178.1,203.5,18,,PARKING_EXIT_DIRECTION > PARKING_EXIT_ARC_1 > PARKING_EXIT_ARC_2 > PARKING_EXIT_ARC_3 > PARKING_EXIT_SCAN > PARKING_EXIT_CW_RETURN_1 > PARKING_EXIT_CW_RETURN_2 > PARKING_EXIT_COMPLETE > FOLLOW_STRAIGHT > APPROACH_CORNER > TURN_90 > POST_TURN_BACKUP > POST_TURN_SCAN_HOLD > ACQUIRE_PILLAR > PASS_GREEN_LEFT > CONFIRM_PASSED > PILLAR_RECENTER > FOLLOW_STRAIGHT > ACQUIRE_PILLAR > PASS_RED_RIGHT > CONFIRM_PASSED > PILLAR_RECENTER > FOLLOW_STRAIGHT > APPROACH_CORNER > TURN_90 > POST_TURN_BACKUP > POST_TURN_SCAN_HOLD > RECENTER > FOLLOW_STRAIGHT > ACQUIRE_PILLAR > PASS_RED_RIGHT > CONFIRM_PASSED > PILLAR_RECENTER > FOLLOW_STRAIGHT > ACQUIRE_PILLAR > PASS_RED_RIGHT > CONFIRM_PASSED > PILLAR_RECENTER > FOLLOW_STRAIGHT > APPROACH_CORNER > TURN_90 > POST_TURN_BACKUP > POST_TURN_SCAN_HOLD > ACQUIRE_PILLAR > PASS_RED_RIGHT > CONFIRM_PASSED > PILLAR_RECENTER > FOLLOW_STRAIGHT > APPROACH_CORNER > TURN_90 > POST_TURN_BACKUP > POST_TURN_SCAN_HOLD > ACQUIRE_PILLAR > PASS_RED_RIGHT > CONFIRM_PASSED > PILLAR_RECENTER > FOLLOW_STRAIGHT > ACQUIRE_PILLAR > PASS_RED_RIGHT > CONFIRM_PASSED > PASS_RED_RIGHT > CONFIRM_PASSED > PILLAR_RECENTER > FOLLOW_STRAIGHT > HARD_STOP_RELEASE > REASSESS_FRONT > EMERGENCY_ESCAPE > DEEP_REVERSE_RECOVERY > REASSESS_FRONT > FOLLOW_STRAIGHT > HARD_STOP_RELEASE > REASSESS_FRONT > EMERGENCY_ESCAPE > DEEP_REVERSE_RECOVERY > REASSESS_FRONT > FOLLOW_STRAIGHT > APPROACH_CORNER > TURN_90 > POST_TURN_BACKUP > POST_TURN_SCAN_HOLD > ACQUIRE_PILLAR > PASS_RED_RIGHT > CONFIRM_PASSED > PILLAR_RECENTER > APPROACH_CORNER > FOLLOW_STRAIGHT > APPROACH_CORNER > TURN_90 > POST_TURN_BACKUP > POST_TURN_SCAN_HOLD > RECENTER > FOLLOW_STRAIGHT > ACQUIRE_PILLAR > PASS_RED_RIGHT > CONFIRM_PASSED > PILLAR_RECENTER > FOLLOW_STRAIGHT > APPROACH_CORNER > TURN_90 > POST_TURN_BACKUP > POST_TURN_SCAN_HOLD > ACQUIRE_PILLAR > PASS_RED_RIGHT > CONFIRM_PASSED > PASS_RED_RIGHT > CONFIRM_PASSED > PILLAR_RECENTER > FOLLOW_STRAIGHT > ACQUIRE_PILLAR > FOLLOW_STRAIGHT > APPROACH_CORNER > TURN_90 > POST_TURN_BACKUP > POST_TURN_SCAN_HOLD > ACQUIRE_PILLAR > PASS_RED_RIGHT > CONFIRM_PASSED > PILLAR_RECENTER > FOLLOW_STRAIGHT > ACQUIRE_PILLAR > PASS_GREEN_LEFT > CONFIRM_PASSED > PILLAR_RECENTER > FOLLOW_STRAIGHT > APPROACH_CORNER > TURN_90 > POST_TURN_BACKUP > POST_TURN_SCAN_HOLD > ACQUIRE_PILLAR > PASS_GREEN_LEFT > CONFIRM_PASSED > PILLAR_RECENTER > FOLLOW_STRAIGHT > ACQUIRE_PILLAR > PASS_RED_RIGHT > CONFIRM_PASSED > PILLAR_RECENTER > FOLLOW_STRAIGHT > APPROACH_CORNER > TURN_90 > POST_TURN_BACKUP > POST_TURN_SCAN_HOLD > RECENTER > FOLLOW_STRAIGHT > ACQUIRE_PILLAR > PASS_RED_RIGHT > CONFIRM_PASSED > PILLAR_RECENTER > FOLLOW_STRAIGHT > APPROACH_CORNER > TURN_90 > POST_TURN_BACKUP > POST_TURN_SCAN_HOLD > ACQUIRE_PILLAR > PASS_RED_RIGHT > CONFIRM_PASSED > PILLAR_RECENTER > FOLLOW_STRAIGHT > ACQUIRE_PILLAR > FOLLOW_STRAIGHT > ACQUIRE_PILLAR > FOLLOW_STRAIGHT > APPROACH_CORNER > TURN_90 > PARKING_ENTRY_SEARCH > PARKING_BLOCK_SEARCH > PARKING_IN_ENTER > COMPLETE
round2_run_20260918_142437_139088.csv,20260918,142437,PARKING_EXIT_DIRECTION,TURN_90,9.0,0.282,,147.219,14,,PARKING_EXIT_DIRECTION > PARKING_EXIT_ARC_1 > PARKING_EXIT_ARC_2 > PARKING_EXIT_ARC_3 > PARKING_EXIT_SCAN > PARKING_EXIT_CW_RETURN_1 > PARKING_EXIT_CW_RETURN_2 > PARKING_EXIT_COMPLETE > FOLLOW_STRAIGHT > APPROACH_CORNER > TURN_90 > POST_TURN_BACKUP > POST_TURN_SCAN_HOLD > RECENTER > FOLLOW_STRAIGHT > ACQUIRE_PILLAR > PASS_RED_RIGHT > CONFIRM_PASSED > PILLAR_RECENTER > FOLLOW_STRAIGHT > ACQUIRE_PILLAR > PASS_RED_RIGHT > CONFIRM_PASSED > PASS_RED_RIGHT > CONFIRM_PASSED > PILLAR_RECENTER > FOLLOW_STRAIGHT > APPROACH_CORNER > TURN_90 > POST_TURN_BACKUP > POST_TURN_SCAN_HOLD > RECENTER > FOLLOW_STRAIGHT > ACQUIRE_PILLAR > FOLLOW_STRAIGHT > ACQUIRE_PILLAR > FOLLOW_STRAIGHT > ACQUIRE_PILLAR > PASS_RED_RIGHT > CONFIRM_PASSED > PASS_RED_RIGHT > CONFIRM_PASSED > PILLAR_RECENTER > FOLLOW_STRAIGHT > APPROACH_CORNER > TURN_90 > POST_TURN_BACKUP > POST_TURN_SCAN_HOLD > ACQUIRE_PILLAR > PASS_RED_RIGHT > CONFIRM_PASSED > PASS_RED_RIGHT > CONFIRM_PASSED > PILLAR_RECENTER > FOLLOW_STRAIGHT > APPROACH_CORNER > TURN_90 > POST_TURN_BACKUP > POST_TURN_SCAN_HOLD > ACQUIRE_PILLAR > PASS_RED_RIGHT > CONFIRM_PASSED > PILLAR_RECENTER > FOLLOW_STRAIGHT > HARD_STOP_RELEASE > REASSESS_FRONT > EMERGENCY_ESCAPE > DEEP_REVERSE_RECOVERY > REASSESS_FRONT > FOLLOW_STRAIGHT > HARD_STOP_RELEASE > REASSESS_FRONT > EMERGENCY_ESCAPE > DEEP_REVERSE_RECOVERY > REASSESS_FRONT > FOLLOW_STRAIGHT > HARD_STOP_RELEASE > REASSESS_FRONT > EMERGENCY_ESCAPE > DEEP_REVERSE_RECOVERY > REASSESS_FRONT > FOLLOW_STRAIGHT > APPROACH_CORNER > TURN_90 > POST_TURN_BACKUP > POST_TURN_SCAN_HOLD > ACQUIRE_PILLAR > PASS_RED_RIGHT > CONFIRM_PASSED > PILLAR_RECENTER > FOLLOW_STRAIGHT > APPROACH_CORNER > TURN_90 > POST_TURN_BACKUP > POST_TURN_SCAN_HOLD > RECENTER > FOLLOW_STRAIGHT > ACQUIRE_PILLAR > PASS_RED_RIGHT > CONFIRM_PASSED > PILLAR_RECENTER > FOLLOW_STRAIGHT > APPROACH_CORNER > TURN_90 > POST_TURN_BACKUP > POST_TURN_SCAN_HOLD > RECENTER > FOLLOW_STRAIGHT > ACQUIRE_PILLAR > PASS_RED_RIGHT > CONFIRM_PASSED > PILLAR_RECENTER > FOLLOW_STRAIGHT > ACQUIRE_PILLAR > PASS_RED_RIGHT > CONFIRM_PASSED > PILLAR_RECENTER > FOLLOW_STRAIGHT > APPROACH_CORNER > TURN_90 > POST_TURN_BACKUP > POST_TURN_SCAN_HOLD > RECENTER > FOLLOW_STRAIGHT > ACQUIRE_PILLAR > PASS_GREEN_LEFT > CONFIRM_PASSED > PILLAR_RECENTER > FOLLOW_STRAIGHT > APPROACH_CORNER > TURN_90 > POST_TURN_BACKUP > POST_TURN_SCAN_HOLD > RECENTER > FOLLOW_STRAIGHT > ACQUIRE_PILLAR > PASS_RED_RIGHT > CONFIRM_PASSED > PILLAR_RECENTER > FOLLOW_STRAIGHT > APPROACH_CORNER > TURN_90
round2_run_20260918_144628_826922.csv,20260918,144628,PARKING_EXIT_DIRECTION,COMPLETE,12.0,0.281,190.0,203.047,17,,PARKING_EXIT_DIRECTION > PARKING_EXIT_ARC_1 > PARKING_EXIT_ARC_2 > PARKING_EXIT_ARC_3 > PARKING_EXIT_SCAN > PARKING_EXIT_CW_RETURN_1 > PARKING_EXIT_CW_RETURN_2 > PARKING_EXIT_COMPLETE > FOLLOW_STRAIGHT > APPROACH_CORNER > TURN_90 > POST_TURN_BACKUP > POST_TURN_SCAN_HOLD > ACQUIRE_PILLAR > PASS_GREEN_LEFT > CONFIRM_PASSED > PILLAR_RECENTER > HARD_STOP_RELEASE > REASSESS_FRONT > EMERGENCY_ESCAPE > PILLAR_RECENTER > FOLLOW_STRAIGHT > APPROACH_CORNER > HARD_STOP_RELEASE > REASSESS_FRONT > EMERGENCY_ESCAPE > APPROACH_CORNER > FOLLOW_STRAIGHT > APPROACH_CORNER > TURN_90 > POST_TURN_BACKUP > POST_TURN_SCAN_HOLD > RECENTER > FOLLOW_STRAIGHT > ACQUIRE_PILLAR > PASS_RED_RIGHT > CONFIRM_PASSED > PILLAR_RECENTER > FOLLOW_STRAIGHT > ACQUIRE_PILLAR > FOLLOW_STRAIGHT > APPROACH_CORNER > TURN_90 > POST_TURN_BACKUP > POST_TURN_SCAN_HOLD > RECENTER > FOLLOW_STRAIGHT > ACQUIRE_PILLAR > PASS_RED_RIGHT > CONFIRM_PASSED > PILLAR_RECENTER > FOLLOW_STRAIGHT > ACQUIRE_PILLAR > FOLLOW_STRAIGHT > APPROACH_CORNER > TURN_90 > POST_TURN_BACKUP > POST_TURN_SCAN_HOLD > ACQUIRE_PILLAR > PASS_RED_RIGHT > CONFIRM_PASSED > PILLAR_RECENTER > FOLLOW_STRAIGHT > ACQUIRE_PILLAR > PASS_GREEN_LEFT > CONFIRM_PASSED > PILLAR_RECENTER > FOLLOW_STRAIGHT > APPROACH_CORNER > TURN_90 > POST_TURN_BACKUP > POST_TURN_SCAN_HOLD > ACQUIRE_PILLAR > FOLLOW_STRAIGHT > ACQUIRE_PILLAR > PASS_RED_RIGHT > CONFIRM_PASSED > PILLAR_RECENTER > FOLLOW_STRAIGHT > ACQUIRE_PILLAR > PASS_RED_RIGHT > CONFIRM_PASSED > PILLAR_RECENTER > APPROACH_CORNER > TURN_90 > POST_TURN_BACKUP > POST_TURN_SCAN_HOLD > RECENTER > FOLLOW_STRAIGHT > ACQUIRE_PILLAR > PASS_RED_RIGHT > CONFIRM_PASSED > PILLAR_RECENTER > FOLLOW_STRAIGHT > ACQUIRE_PILLAR > FOLLOW_STRAIGHT > APPROACH_CORNER > TURN_90 > POST_TURN_BACKUP > POST_TURN_SCAN_HOLD > ACQUIRE_PILLAR > PASS_RED_RIGHT > CONFIRM_PASSED > PILLAR_RECENTER > FOLLOW_STRAIGHT > ACQUIRE_PILLAR > FOLLOW_STRAIGHT > APPROACH_CORNER > TURN_90 > POST_TURN_BACKUP > POST_TURN_SCAN_HOLD > ACQUIRE_PILLAR > PASS_RED_RIGHT > CONFIRM_PASSED > PILLAR_RECENTER > FOLLOW_STRAIGHT > ACQUIRE_PILLAR > PASS_GREEN_LEFT > CONFIRM_PASSED > PILLAR_RECENTER > FOLLOW_STRAIGHT > APPROACH_CORNER > TURN_90 > POST_TURN_BACKUP > POST_TURN_SCAN_HOLD > ACQUIRE_PILLAR > PASS_RED_RIGHT > CONFIRM_PASSED > PILLAR_RECENTER > FOLLOW_STRAIGHT > ACQUIRE_PILLAR > PASS_RED_RIGHT > CONFIRM_PASSED > PILLAR_RECENTER > FOLLOW_STRAIGHT > APPROACH_CORNER > TURN_90 > POST_TURN_BACKUP > POST_TURN_SCAN_HOLD > RECENTER > FOLLOW_STRAIGHT > ACQUIRE_PILLAR > PASS_RED_RIGHT > CONFIRM_PASSED > PILLAR_RECENTER > FOLLOW_STRAIGHT > APPROACH_CORNER > TURN_90 > POST_TURN_BACKUP > POST_TURN_SCAN_HOLD > ACQUIRE_PILLAR > PASS_RED_RIGHT > CONFIRM_PASSED > PILLAR_RECENTER > FOLLOW_STRAIGHT > ACQUIRE_PILLAR > PASS_RED_RIGHT > CONFIRM_PASSED > PILLAR_RECENTER > FOLLOW_STRAIGHT > APPROACH_CORNER > TURN_90 > PARKING_ENTRY_SEARCH > ACQUIRE_PILLAR > PARKING_ENTRY_SEARCH > ACQUIRE_PILLAR > PASS_GREEN_LEFT > CONFIRM_PASSED > PARKING_BLOCK_SEARCH > PARKING_IN_ENTER > COMPLETE
round2_run_20260918_145207_863583.csv,20260918,145207,PARKING_EXIT_DIRECTION,REASSESS_FRONT,5.0,0.281,,78.219,8,,PARKING_EXIT_DIRECTION > PARKING_EXIT_ARC_1 > PARKING_EXIT_ARC_2 > PARKING_EXIT_ARC_3 > PARKING_EXIT_SCAN > PARKING_EXIT_CW_RETURN_1 > PARKING_EXIT_CW_RETURN_2 > PARKING_EXIT_COMPLETE > FOLLOW_STRAIGHT > APPROACH_CORNER > TURN_90 > POST_TURN_BACKUP > POST_TURN_SCAN_HOLD > ACQUIRE_PILLAR > PASS_GREEN_LEFT > CONFIRM_PASSED > PILLAR_RECENTER > FOLLOW_STRAIGHT > ACQUIRE_PILLAR > PASS_RED_RIGHT > CONFIRM_PASSED > PILLAR_RECENTER > FOLLOW_STRAIGHT > ACQUIRE_PILLAR > PASS_RED_RIGHT > CONFIRM_PASSED > PILLAR_RECENTER > FOLLOW_STRAIGHT > APPROACH_CORNER > TURN_90 > POST_TURN_BACKUP > POST_TURN_SCAN_HOLD > RECENTER > FOLLOW_STRAIGHT > ACQUIRE_PILLAR > PASS_RED_RIGHT > CONFIRM_PASSED > PILLAR_RECENTER > FOLLOW_STRAIGHT > APPROACH_CORNER > TURN_90 > POST_TURN_BACKUP > POST_TURN_SCAN_HOLD > ACQUIRE_PILLAR > PASS_RED_RIGHT > CONFIRM_PASSED > PILLAR_RECENTER > FOLLOW_STRAIGHT > ACQUIRE_PILLAR > FOLLOW_STRAIGHT > APPROACH_CORNER > TURN_90 > POST_TURN_BACKUP > POST_TURN_SCAN_HOLD > RECENTER > FOLLOW_STRAIGHT > ACQUIRE_PILLAR > PASS_RED_RIGHT > CONFIRM_PASSED > PILLAR_RECENTER > FOLLOW_STRAIGHT > ACQUIRE_PILLAR > PASS_GREEN_LEFT > CONFIRM_PASSED > PILLAR_RECENTER > FOLLOW_STRAIGHT > APPROACH_CORNER > TURN_90 > POST_TURN_BACKUP > POST_TURN_SCAN_HOLD > ACQUIRE_PILLAR > PASS_GREEN_LEFT > CONFIRM_PASSED > PILLAR_RECENTER > HARD_STOP_RELEASE > REASSESS_FRONT > EMERGENCY_ESCAPE > DEEP_REVERSE_RECOVERY > REASSESS_FRONT > FOLLOW_STRAIGHT > HARD_STOP_RELEASE > REASSESS_FRONT > EMERGENCY_ESCAPE > DEEP_REVERSE_RECOVERY > REASSESS_FRONT > FOLLOW_STRAIGHT > HARD_STOP_RELEASE > REASSESS_FRONT
round2_run_20260918_145531_738508.csv,20260918,145531,PARKING_EXIT_DIRECTION,HARD_STOP_RELEASE,4.0,0.297,,56.813,5,,PARKING_EXIT_DIRECTION > PARKING_EXIT_ARC_1 > PARKING_EXIT_ARC_2 > PARKING_EXIT_ARC_3 > PARKING_EXIT_SCAN > PARKING_EXIT_CW_RETURN_1 > PARKING_EXIT_CW_RETURN_2 > PARKING_EXIT_COMPLETE > FOLLOW_STRAIGHT > APPROACH_CORNER > TURN_90 > POST_TURN_BACKUP > POST_TURN_SCAN_HOLD > ACQUIRE_PILLAR > PASS_GREEN_LEFT > CONFIRM_PASSED > PILLAR_RECENTER > FOLLOW_STRAIGHT > ACQUIRE_PILLAR > PASS_RED_RIGHT > CONFIRM_PASSED > PILLAR_RECENTER > FOLLOW_STRAIGHT > APPROACH_CORNER > TURN_90 > POST_TURN_BACKUP > POST_TURN_SCAN_HOLD > RECENTER > FOLLOW_STRAIGHT > ACQUIRE_PILLAR > FOLLOW_STRAIGHT > ACQUIRE_PILLAR > FOLLOW_STRAIGHT > ACQUIRE_PILLAR > PASS_RED_RIGHT > CONFIRM_PASSED > PILLAR_RECENTER > FOLLOW_STRAIGHT > APPROACH_CORNER > TURN_90 > POST_TURN_BACKUP > POST_TURN_SCAN_HOLD > ACQUIRE_PILLAR > FOLLOW_STRAIGHT > ACQUIRE_PILLAR > FOLLOW_STRAIGHT > APPROACH_CORNER > TURN_90 > POST_TURN_BACKUP > POST_TURN_SCAN_HOLD > ACQUIRE_PILLAR > FOLLOW_STRAIGHT > APPROACH_CORNER > FOLLOW_STRAIGHT > ACQUIRE_PILLAR > PASS_RED_RIGHT > CONFIRM_PASSED > PASS_RED_RIGHT > CONFIRM_PASSED > PILLAR_RECENTER > HARD_STOP_RELEASE
round2_run_20260918_145807_350913.csv,20260918,145807,PARKING_EXIT_DIRECTION,REASSESS_FRONT,6.0,0.329,,100.063,12,,PARKING_EXIT_DIRECTION > PARKING_EXIT_ARC_1 > PARKING_EXIT_ARC_2 > PARKING_EXIT_ARC_3 > PARKING_EXIT_SCAN > PARKING_EXIT_CW_RETURN_1 > PARKING_EXIT_CW_RETURN_2 > PARKING_EXIT_COMPLETE > FOLLOW_STRAIGHT > APPROACH_CORNER > TURN_90 > POST_TURN_BACKUP > POST_TURN_SCAN_HOLD > RECENTER > FOLLOW_STRAIGHT > ACQUIRE_PILLAR > PASS_RED_RIGHT > CONFIRM_PASSED > PILLAR_RECENTER > FOLLOW_STRAIGHT > ACQUIRE_PILLAR > PASS_RED_RIGHT > CONFIRM_PASSED > PASS_RED_RIGHT > CONFIRM_PASSED > PILLAR_RECENTER > FOLLOW_STRAIGHT > APPROACH_CORNER > TURN_90 > POST_TURN_BACKUP > POST_TURN_SCAN_HOLD > RECENTER > FOLLOW_STRAIGHT > ACQUIRE_PILLAR > PASS_RED_RIGHT > CONFIRM_PASSED > PILLAR_RECENTER > FOLLOW_STRAIGHT > ACQUIRE_PILLAR > FOLLOW_STRAIGHT > APPROACH_CORNER > TURN_90 > POST_TURN_BACKUP > POST_TURN_SCAN_HOLD > ACQUIRE_PILLAR > PASS_RED_RIGHT > CONFIRM_PASSED > PILLAR_RECENTER > FOLLOW_STRAIGHT > ACQUIRE_PILLAR > FOLLOW_STRAIGHT > APPROACH_CORNER > TURN_90 > POST_TURN_BACKUP > POST_TURN_SCAN_HOLD > RECENTER > FOLLOW_STRAIGHT > ACQUIRE_PILLAR > PASS_RED_RIGHT > CONFIRM_PASSED > PILLAR_RECENTER > FOLLOW_STRAIGHT > ACQUIRE_PILLAR > PASS_GREEN_LEFT > CONFIRM_PASSED > PILLAR_RECENTER > FOLLOW_STRAIGHT > APPROACH_CORNER > TURN_90 > POST_TURN_BACKUP > POST_TURN_SCAN_HOLD > RECENTER > FOLLOW_STRAIGHT > ACQUIRE_PILLAR > PASS_RED_RIGHT > CONFIRM_PASSED > PILLAR_RECENTER > FOLLOW_STRAIGHT > ACQUIRE_PILLAR > PASS_RED_RIGHT > CONFIRM_PASSED > PILLAR_RECENTER > FOLLOW_STRAIGHT > APPROACH_CORNER > TURN_90 > POST_TURN_BACKUP > POST_TURN_SCAN_HOLD > RECENTER > FOLLOW_STRAIGHT > ACQUIRE_PILLAR > PASS_RED_RIGHT > CONFIRM_PASSED > PASS_RED_RIGHT > CONFIRM_PASSED > PILLAR_RECENTER > FOLLOW_STRAIGHT > ACQUIRE_PILLAR > PASS_RED_RIGHT > CONFIRM_PASSED > PILLAR_RECENTER > FOLLOW_STRAIGHT > APPROACH_CORNER > HARD_STOP_RELEASE > REASSESS_FRONT > EMERGENCY_ESCAPE > DEEP_REVERSE_RECOVERY > REASSESS_FRONT > CORNER_CLEARANCE_RECOVERY > REASSESS_FRONT > FOLLOW_STRAIGHT > HARD_STOP_RELEASE > REASSESS_FRONT > EMERGENCY_ESCAPE > DEEP_REVERSE_RECOVERY > REASSESS_FRONT > CORNER_CLEARANCE_RECOVERY > REASSESS_FRONT > FOLLOW_STRAIGHT > HARD_STOP_RELEASE > REASSESS_FRONT
round2_run_20260918_150415_755435.csv,20260918,150415,PARKING_EXIT_DIRECTION,ACQUIRE_PILLAR,4.0,0.265,,61.515,7,,PARKING_EXIT_DIRECTION > PARKING_EXIT_ARC_1 > PARKING_EXIT_ARC_2 > PARKING_EXIT_ARC_3 > PARKING_EXIT_SCAN > PARKING_EXIT_CW_RETURN_1 > PARKING_EXIT_CW_RETURN_2 > PARKING_EXIT_COMPLETE > FOLLOW_STRAIGHT > APPROACH_CORNER > TURN_90 > POST_TURN_BACKUP > POST_TURN_SCAN_HOLD > ACQUIRE_PILLAR > PASS_RED_RIGHT > CONFIRM_PASSED > PILLAR_RECENTER > FOLLOW_STRAIGHT > ACQUIRE_PILLAR > PASS_RED_RIGHT > CONFIRM_PASSED > PILLAR_RECENTER > FOLLOW_STRAIGHT > HARD_STOP_RELEASE > REASSESS_FRONT > EMERGENCY_ESCAPE > DEEP_REVERSE_RECOVERY > REASSESS_FRONT > FOLLOW_STRAIGHT > APPROACH_CORNER > TURN_90 > POST_TURN_BACKUP > POST_TURN_SCAN_HOLD > ACQUIRE_PILLAR > PASS_GREEN_LEFT > CONFIRM_PASSED > PILLAR_RECENTER > FOLLOW_STRAIGHT > ACQUIRE_PILLAR > PASS_RED_RIGHT > CONFIRM_PASSED > PASS_RED_RIGHT > CONFIRM_PASSED > PILLAR_RECENTER > HARD_STOP_RELEASE > REASSESS_FRONT > EMERGENCY_ESCAPE > DEEP_REVERSE_RECOVERY > REASSESS_FRONT > FOLLOW_STRAIGHT > APPROACH_CORNER > TURN_90 > POST_TURN_BACKUP > POST_TURN_SCAN_HOLD > ACQUIRE_PILLAR > PASS_RED_RIGHT > CONFIRM_PASSED > PILLAR_RECENTER > FOLLOW_STRAIGHT > ACQUIRE_PILLAR > PASS_RED_RIGHT > CONFIRM_PASSED > PILLAR_RECENTER > FOLLOW_STRAIGHT > APPROACH_CORNER > TURN_90 > POST_TURN_BACKUP > POST_TURN_SCAN_HOLD > ACQUIRE_PILLAR
round2_run_20260918_150615_986552.csv,20260918,150615,PARKING_EXIT_DIRECTION,PARKING_IN_ENTER,12.0,0.266,165.2,189.469,26,,PARKING_EXIT_DIRECTION > PARKING_EXIT_ARC_1 > PARKING_EXIT_ARC_2 > PARKING_EXIT_ARC_3 > PARKING_EXIT_SCAN > PARKING_EXIT_CW_RETURN_1 > PARKING_EXIT_CW_RETURN_2 > PARKING_EXIT_COMPLETE > FOLLOW_STRAIGHT > APPROACH_CORNER > TURN_90 > POST_TURN_BACKUP > POST_TURN_SCAN_HOLD > ACQUIRE_PILLAR > PASS_RED_RIGHT > CONFIRM_PASSED > PILLAR_RECENTER > FOLLOW_STRAIGHT > ACQUIRE_PILLAR > PASS_RED_RIGHT > CONFIRM_PASSED > PILLAR_RECENTER > FOLLOW_STRAIGHT > APPROACH_CORNER > TURN_90 > POST_TURN_BACKUP > POST_TURN_SCAN_HOLD > ACQUIRE_PILLAR > PASS_GREEN_LEFT > CONFIRM_PASSED > PILLAR_RECENTER > FOLLOW_STRAIGHT > ACQUIRE_PILLAR > PASS_RED_RIGHT > CONFIRM_PASSED > PILLAR_RECENTER > FOLLOW_STRAIGHT > APPROACH_CORNER > TURN_90 > POST_TURN_BACKUP > POST_TURN_SCAN_HOLD > ACQUIRE_PILLAR > PASS_RED_RIGHT > CONFIRM_PASSED > PILLAR_RECENTER > FOLLOW_STRAIGHT > ACQUIRE_PILLAR > PASS_GREEN_LEFT > CONFIRM_PASSED > PILLAR_RECENTER > APPROACH_CORNER > TURN_90 > POST_TURN_BACKUP > POST_TURN_SCAN_HOLD > ACQUIRE_PILLAR > PASS_RED_RIGHT > CONFIRM_PASSED > PASS_RED_RIGHT > CONFIRM_PASSED > PILLAR_RECENTER > FOLLOW_STRAIGHT > ACQUIRE_PILLAR > PASS_GREEN_LEFT > CONFIRM_PASSED > PILLAR_RECENTER > FOLLOW_STRAIGHT > APPROACH_CORNER > TURN_90 > POST_TURN_BACKUP > POST_TURN_SCAN_HOLD > ACQUIRE_PILLAR > PASS_RED_RIGHT > CONFIRM_PASSED > PILLAR_RECENTER > FOLLOW_STRAIGHT > ACQUIRE_PILLAR > PASS_RED_RIGHT > CONFIRM_PASSED > PILLAR_RECENTER > FOLLOW_STRAIGHT > APPROACH_CORNER > TURN_90 > POST_TURN_BACKUP > POST_TURN_SCAN_HOLD > ACQUIRE_PILLAR > PASS_GREEN_LEFT > CONFIRM_PASSED > PILLAR_RECENTER > FOLLOW_STRAIGHT > ACQUIRE_PILLAR > PASS_RED_RIGHT > CONFIRM_PASSED > PASS_RED_RIGHT > CONFIRM_PASSED > PILLAR_RECENTER > HARD_STOP_RELEASE > REASSESS_FRONT > EMERGENCY_ESCAPE > PILLAR_RECENTER > FOLLOW_STRAIGHT > APPROACH_CORNER > TURN_90 > POST_TURN_BACKUP > POST_TURN_SCAN_HOLD > ACQUIRE_PILLAR > PASS_RED_RIGHT > CONFIRM_PASSED > PILLAR_RECENTER > FOLLOW_STRAIGHT > ACQUIRE_PILLAR > PASS_GREEN_LEFT > CONFIRM_PASSED > PILLAR_RECENTER > FOLLOW_STRAIGHT > APPROACH_CORNER > TURN_90 > POST_TURN_BACKUP > POST_TURN_SCAN_HOLD > ACQUIRE_PILLAR > PASS_RED_RIGHT > CONFIRM_PASSED > PASS_RED_RIGHT > CONFIRM_PASSED > PILLAR_RECENTER > FOLLOW_STRAIGHT > ACQUIRE_PILLAR > PASS_GREEN_LEFT > CONFIRM_PASSED > PILLAR_RECENTER > FOLLOW_STRAIGHT > APPROACH_CORNER > TURN_90 > POST_TURN_BACKUP > POST_TURN_SCAN_HOLD > ACQUIRE_PILLAR > PASS_RED_RIGHT > CONFIRM_PASSED > PILLAR_RECENTER > FOLLOW_STRAIGHT > ACQUIRE_PILLAR > PASS_RED_RIGHT > CONFIRM_PASSED > PILLAR_RECENTER > FOLLOW_STRAIGHT > APPROACH_CORNER > TURN_90 > POST_TURN_BACKUP > POST_TURN_SCAN_HOLD > ACQUIRE_PILLAR > PASS_GREEN_LEFT > CONFIRM_PASSED > PILLAR_RECENTER > FOLLOW_STRAIGHT > ACQUIRE_PILLAR > PASS_RED_RIGHT > CONFIRM_PASSED > PILLAR_RECENTER > FOLLOW_STRAIGHT > APPROACH_CORNER > TURN_90 > POST_TURN_BACKUP > POST_TURN_SCAN_HOLD > ACQUIRE_PILLAR > PASS_RED_RIGHT > CONFIRM_PASSED > PILLAR_RECENTER > FOLLOW_STRAIGHT > ACQUIRE_PILLAR > PASS_GREEN_LEFT > CONFIRM_PASSED > PILLAR_RECENTER > FOLLOW_STRAIGHT > APPROACH_CORNER > TURN_90 > PARKING_ENTRY_SEARCH > ACQUIRE_PILLAR > PASS_RED_RIGHT > CONFIRM_PASSED > PARKING_BLOCK_SEARCH > PARKING_IN_ENTER
round2_run_20260918_151138_057487.csv,20260918,151138,PARKING_EXIT_DIRECTION,COMPLETE,12.0,0.282,181.7,199.578,18,,PARKING_EXIT_DIRECTION > PARKING_EXIT_ARC_1 > PARKING_EXIT_ARC_2 > PARKING_EXIT_ARC_3 > PARKING_EXIT_SCAN > PARKING_EXIT_CW_RETURN_1 > PARKING_EXIT_CW_RETURN_2 > PARKING_EXIT_COMPLETE > FOLLOW_STRAIGHT > APPROACH_CORNER > TURN_90 > POST_TURN_BACKUP > POST_TURN_SCAN_HOLD > ACQUIRE_PILLAR > PASS_RED_RIGHT > CONFIRM_PASSED > PASS_RED_RIGHT > CONFIRM_PASSED > PILLAR_RECENTER > FOLLOW_STRAIGHT > ACQUIRE_PILLAR > PASS_RED_RIGHT > CONFIRM_PASSED > PILLAR_RECENTER > FOLLOW_STRAIGHT > APPROACH_CORNER > TURN_90 > POST_TURN_BACKUP > POST_TURN_SCAN_HOLD > RECENTER > FOLLOW_STRAIGHT > ACQUIRE_PILLAR > PASS_RED_RIGHT > CONFIRM_PASSED > PILLAR_RECENTER > FOLLOW_STRAIGHT > APPROACH_CORNER > TURN_90 > POST_TURN_BACKUP > POST_TURN_SCAN_HOLD > ACQUIRE_PILLAR > PASS_RED_RIGHT > CONFIRM_PASSED > PILLAR_RECENTER > FOLLOW_STRAIGHT > ACQUIRE_PILLAR > PASS_GREEN_LEFT > CONFIRM_PASSED > PILLAR_RECENTER > FOLLOW_STRAIGHT > APPROACH_CORNER > TURN_90 > POST_TURN_BACKUP > POST_TURN_SCAN_HOLD > ACQUIRE_PILLAR > PASS_RED_RIGHT > CONFIRM_PASSED > PILLAR_RECENTER > FOLLOW_STRAIGHT > ACQUIRE_PILLAR > PASS_GREEN_LEFT > CONFIRM_PASSED > PILLAR_RECENTER > FOLLOW_STRAIGHT > APPROACH_CORNER > TURN_90 > POST_TURN_BACKUP > POST_TURN_SCAN_HOLD > ACQUIRE_PILLAR > PASS_RED_RIGHT > CONFIRM_PASSED > PILLAR_RECENTER > FOLLOW_STRAIGHT > ACQUIRE_PILLAR > PASS_RED_RIGHT > CONFIRM_PASSED > PILLAR_RECENTER > FOLLOW_STRAIGHT > APPROACH_CORNER > TURN_90 > POST_TURN_BACKUP > POST_TURN_SCAN_HOLD > RECENTER > FOLLOW_STRAIGHT > ACQUIRE_PILLAR > PASS_RED_RIGHT > CONFIRM_PASSED > PILLAR_RECENTER > FOLLOW_STRAIGHT > APPROACH_CORNER > TURN_90 > POST_TURN_BACKUP > POST_TURN_SCAN_HOLD > ACQUIRE_PILLAR > PASS_GREEN_LEFT > CONFIRM_PASSED > PILLAR_RECENTER > FOLLOW_STRAIGHT > HARD_STOP_RELEASE > REASSESS_FRONT > CORNER_CLEARANCE_RECOVERY > REASSESS_FRONT > HARD_STOP_RELEASE > FOLLOW_STRAIGHT > REASSESS_FRONT > FOLLOW_STRAIGHT > HARD_STOP_RELEASE > REASSESS_FRONT > FOLLOW_STRAIGHT > DEEP_REVERSE_RECOVERY > REASSESS_FRONT > FOLLOW_STRAIGHT > APPROACH_CORNER > TURN_90 > POST_TURN_BACKUP > POST_TURN_SCAN_HOLD > ACQUIRE_PILLAR > PASS_RED_RIGHT > CONFIRM_PASSED > PILLAR_RECENTER > FOLLOW_STRAIGHT > ACQUIRE_PILLAR > PASS_GREEN_LEFT > CONFIRM_PASSED > PILLAR_RECENTER > FOLLOW_STRAIGHT > APPROACH_CORNER > TURN_90 > POST_TURN_BACKUP > POST_TURN_SCAN_HOLD > ACQUIRE_PILLAR > FOLLOW_STRAIGHT > ACQUIRE_PILLAR > PASS_RED_RIGHT > CONFIRM_PASSED > PILLAR_RECENTER > FOLLOW_STRAIGHT > APPROACH_CORNER > TURN_90 > POST_TURN_BACKUP > POST_TURN_SCAN_HOLD > RECENTER > FOLLOW_STRAIGHT > ACQUIRE_PILLAR > FOLLOW_STRAIGHT > ACQUIRE_PILLAR > FOLLOW_STRAIGHT > ACQUIRE_PILLAR > FOLLOW_STRAIGHT > ACQUIRE_PILLAR > FOLLOW_STRAIGHT > ACQUIRE_PILLAR > PASS_RED_RIGHT > CONFIRM_PASSED > PILLAR_RECENTER > FOLLOW_STRAIGHT > APPROACH_CORNER > TURN_90 > POST_TURN_BACKUP > POST_TURN_SCAN_HOLD > RECENTER > FOLLOW_STRAIGHT > ACQUIRE_PILLAR > PASS_GREEN_LEFT > CONFIRM_PASSED > PILLAR_RECENTER > FOLLOW_STRAIGHT > APPROACH_CORNER > TURN_90 > PARKING_ENTRY_SEARCH > ACQUIRE_PILLAR > PASS_RED_RIGHT > CONFIRM_PASSED > PARKING_BLOCK_SEARCH > PARKING_IN_ENTER > COMPLETE
round2_run_20260918_151941_917560.csv,20260918,151941,PARKING_EXIT_DIRECTION,PARKING_IN_ENTER,12.0,0.281,170.6,191.031,23,,PARKING_EXIT_DIRECTION > PARKING_EXIT_ARC_1 > PARKING_EXIT_ARC_2 > PARKING_EXIT_ARC_3 > PARKING_EXIT_SCAN > PARKING_EXIT_CW_RETURN_1 > PARKING_EXIT_CW_RETURN_2 > PARKING_EXIT_COMPLETE > FOLLOW_STRAIGHT > APPROACH_CORNER > TURN_90 > POST_TURN_BACKUP > POST_TURN_SCAN_HOLD > ACQUIRE_PILLAR > PASS_RED_RIGHT > CONFIRM_PASSED > PILLAR_RECENTER > FOLLOW_STRAIGHT > ACQUIRE_PILLAR > PASS_RED_RIGHT > CONFIRM_PASSED > PILLAR_RECENTER > FOLLOW_STRAIGHT > APPROACH_CORNER > TURN_90 > POST_TURN_BACKUP > POST_TURN_SCAN_HOLD > RECENTER > FOLLOW_STRAIGHT > ACQUIRE_PILLAR > FOLLOW_STRAIGHT > ACQUIRE_PILLAR > FOLLOW_STRAIGHT > ACQUIRE_PILLAR > PASS_RED_RIGHT > CONFIRM_PASSED > PILLAR_RECENTER > FOLLOW_STRAIGHT > APPROACH_CORNER > TURN_90 > POST_TURN_BACKUP > POST_TURN_SCAN_HOLD > ACQUIRE_PILLAR > FOLLOW_STRAIGHT > ACQUIRE_PILLAR > PASS_GREEN_LEFT > CONFIRM_PASSED > PILLAR_RECENTER > FOLLOW_STRAIGHT > APPROACH_CORNER > TURN_90 > POST_TURN_BACKUP > POST_TURN_SCAN_HOLD > ACQUIRE_PILLAR > PASS_RED_RIGHT > CONFIRM_PASSED > PILLAR_RECENTER > FOLLOW_STRAIGHT > ACQUIRE_PILLAR > PASS_GREEN_LEFT > CONFIRM_PASSED > PILLAR_RECENTER > FOLLOW_STRAIGHT > APPROACH_CORNER > TURN_90 > POST_TURN_BACKUP > POST_TURN_SCAN_HOLD > ACQUIRE_PILLAR > FOLLOW_STRAIGHT > ACQUIRE_PILLAR > PASS_RED_RIGHT > CONFIRM_PASSED > PILLAR_RECENTER > FOLLOW_STRAIGHT > ACQUIRE_PILLAR > PASS_RED_RIGHT > CONFIRM_PASSED > PILLAR_RECENTER > APPROACH_CORNER > TURN_90 > POST_TURN_BACKUP > POST_TURN_SCAN_HOLD > ACQUIRE_PILLAR > PASS_GREEN_LEFT > CONFIRM_PASSED > PILLAR_RECENTER > FOLLOW_STRAIGHT > ACQUIRE_PILLAR > PASS_RED_RIGHT > CONFIRM_PASSED > PILLAR_RECENTER > FOLLOW_STRAIGHT > APPROACH_CORNER > TURN_90 > POST_TURN_BACKUP > POST_TURN_SCAN_HOLD > RECENTER > FOLLOW_STRAIGHT > ACQUIRE_PILLAR > PASS_GREEN_LEFT > CONFIRM_PASSED > PILLAR_RECENTER > FOLLOW_STRAIGHT > APPROACH_CORNER > TURN_90 > POST_TURN_BACKUP > POST_TURN_SCAN_HOLD > ACQUIRE_PILLAR > PASS_RED_RIGHT > CONFIRM_PASSED > PILLAR_RECENTER > FOLLOW_STRAIGHT > ACQUIRE_PILLAR > PASS_GREEN_LEFT > CONFIRM_PASSED > PILLAR_RECENTER > FOLLOW_STRAIGHT > APPROACH_CORNER > TURN_90 > POST_TURN_BACKUP > POST_TURN_SCAN_HOLD > ACQUIRE_PILLAR > PASS_RED_RIGHT > CONFIRM_PASSED > PILLAR_RECENTER > FOLLOW_STRAIGHT > ACQUIRE_PILLAR > PASS_RED_RIGHT > CONFIRM_PASSED > PILLAR_RECENTER > FOLLOW_STRAIGHT > APPROACH_CORNER > TURN_90 > POST_TURN_BACKUP > POST_TURN_SCAN_HOLD > ACQUIRE_PILLAR > PASS_GREEN_LEFT > CONFIRM_PASSED > PILLAR_RECENTER > FOLLOW_STRAIGHT > ACQUIRE_PILLAR > PASS_GREEN_LEFT > CONFIRM_PASSED > PASS_GREEN_LEFT > CONFIRM_PASSED > PILLAR_RECENTER > FOLLOW_STRAIGHT > ACQUIRE_PILLAR > PASS_RED_RIGHT > CONFIRM_PASSED > PILLAR_RECENTER > FOLLOW_STRAIGHT > APPROACH_CORNER > TURN_90 > POST_TURN_BACKUP > POST_TURN_SCAN_HOLD > RECENTER > FOLLOW_STRAIGHT > ACQUIRE_PILLAR > PASS_GREEN_LEFT > CONFIRM_PASSED > PILLAR_RECENTER > FOLLOW_STRAIGHT > APPROACH_CORNER > TURN_90 > PARKING_ENTRY_SEARCH > ACQUIRE_PILLAR > PASS_RED_RIGHT > CONFIRM_PASSED > PASS_RED_RIGHT > CONFIRM_PASSED > PASS_RED_RIGHT > CONFIRM_PASSED > PARKING_BLOCK_SEARCH > PARKING_IN_ENTER
round2_run_20260918_152635_657479.csv,20260918,152635,PARKING_EXIT_DIRECTION,FAULT,1.0,0.266,,36.391,2,corner clearance reverse made no reliable progress,PARKING_EXIT_DIRECTION > PARKING_EXIT_ARC_1 > PARKING_EXIT_ARC_2 > PARKING_EXIT_ARC_3 > PARKING_EXIT_SCAN > PARKING_EXIT_CW_RETURN_1 > PARKING_EXIT_CW_RETURN_2 > PARKING_EXIT_COMPLETE > FOLLOW_STRAIGHT > APPROACH_CORNER > TURN_90 > POST_TURN_BACKUP > POST_TURN_SCAN_HOLD > ACQUIRE_PILLAR > PASS_RED_RIGHT > CONFIRM_PASSED > PILLAR_RECENTER > FOLLOW_STRAIGHT > ACQUIRE_PILLAR > FOLLOW_STRAIGHT > ACQUIRE_PILLAR > FOLLOW_STRAIGHT > ACQUIRE_PILLAR > PASS_RED_RIGHT > CONFIRM_PASSED > PILLAR_RECENTER > FOLLOW_STRAIGHT > HARD_STOP_RELEASE > REASSESS_FRONT > CORNER_CLEARANCE_RECOVERY > REASSESS_FRONT > CORNER_CLEARANCE_RECOVERY > REASSESS_FRONT > FOLLOW_STRAIGHT > HARD_STOP_RELEASE > REASSESS_FRONT > CORNER_CLEARANCE_RECOVERY > REASSESS_FRONT > FAULT
round2_run_20260918_152805_930097.csv,20260918,152805,PARKING_EXIT_DIRECTION,COMPLETE,12.0,0.282,174.7,192.25,22,,PARKING_EXIT_DIRECTION > PARKING_EXIT_ARC_1 > PARKING_EXIT_ARC_2 > PARKING_EXIT_ARC_3 > PARKING_EXIT_SCAN > PARKING_EXIT_CW_RETURN_1 > PARKING_EXIT_CW_RETURN_2 > PARKING_EXIT_COMPLETE > FOLLOW_STRAIGHT > APPROACH_CORNER > TURN_90 > POST_TURN_BACKUP > POST_TURN_SCAN_HOLD > ACQUIRE_PILLAR > PASS_RED_RIGHT > CONFIRM_PASSED > PILLAR_RECENTER > FOLLOW_STRAIGHT > ACQUIRE_PILLAR > PASS_RED_RIGHT > CONFIRM_PASSED > PILLAR_RECENTER > FOLLOW_STRAIGHT > APPROACH_CORNER > TURN_90 > POST_TURN_BACKUP > POST_TURN_SCAN_HOLD > RECENTER > FOLLOW_STRAIGHT > ACQUIRE_PILLAR > PASS_RED_RIGHT > CONFIRM_PASSED > PILLAR_RECENTER > FOLLOW_STRAIGHT > HARD_STOP_RELEASE > REASSESS_FRONT > FOLLOW_STRAIGHT > APPROACH_CORNER > TURN_90 > POST_TURN_BACKUP > POST_TURN_SCAN_HOLD > ACQUIRE_PILLAR > PASS_RED_RIGHT > CONFIRM_PASSED > PILLAR_RECENTER > FOLLOW_STRAIGHT > ACQUIRE_PILLAR > PASS_GREEN_LEFT > CONFIRM_PASSED > PILLAR_RECENTER > FOLLOW_STRAIGHT > APPROACH_CORNER > TURN_90 > POST_TURN_BACKUP > POST_TURN_SCAN_HOLD > ACQUIRE_PILLAR > PASS_RED_RIGHT > CONFIRM_PASSED > PILLAR_RECENTER > FOLLOW_STRAIGHT > ACQUIRE_PILLAR > PASS_GREEN_LEFT > CONFIRM_PASSED > PILLAR_RECENTER > FOLLOW_STRAIGHT > APPROACH_CORNER > TURN_90 > POST_TURN_BACKUP > POST_TURN_SCAN_HOLD > ACQUIRE_PILLAR > PASS_RED_RIGHT > CONFIRM_PASSED > PILLAR_RECENTER > FOLLOW_STRAIGHT > ACQUIRE_PILLAR > PASS_RED_RIGHT > CONFIRM_PASSED > PILLAR_RECENTER > FOLLOW_STRAIGHT > APPROACH_CORNER > TURN_90 > POST_TURN_BACKUP > POST_TURN_SCAN_HOLD > ACQUIRE_PILLAR > PASS_GREEN_LEFT > CONFIRM_PASSED > PILLAR_RECENTER > FOLLOW_STRAIGHT > ACQUIRE_PILLAR > PASS_RED_RIGHT > CONFIRM_PASSED > PASS_RED_RIGHT > CONFIRM_PASSED > PILLAR_RECENTER > HARD_STOP_RELEASE > REASSESS_FRONT > EMERGENCY_ESCAPE > DEEP_REVERSE_RECOVERY > REASSESS_FRONT > FOLLOW_STRAIGHT > APPROACH_CORNER > TURN_90 > POST_TURN_BACKUP > POST_TURN_SCAN_HOLD > ACQUIRE_PILLAR > PASS_RED_RIGHT > CONFIRM_PASSED > PILLAR_RECENTER > FOLLOW_STRAIGHT > ACQUIRE_PILLAR > FOLLOW_STRAIGHT > ACQUIRE_PILLAR > FOLLOW_STRAIGHT > ACQUIRE_PILLAR > PASS_GREEN_LEFT > CONFIRM_PASSED > PILLAR_RECENTER > FOLLOW_STRAIGHT > APPROACH_CORNER > TURN_90 > POST_TURN_BACKUP > POST_TURN_SCAN_HOLD > ACQUIRE_PILLAR > PASS_RED_RIGHT > CONFIRM_PASSED > PILLAR_RECENTER > FOLLOW_STRAIGHT > ACQUIRE_PILLAR > PASS_GREEN_LEFT > CONFIRM_PASSED > PILLAR_RECENTER > FOLLOW_STRAIGHT > APPROACH_CORNER > TURN_90 > POST_TURN_BACKUP > POST_TURN_SCAN_HOLD > ACQUIRE_PILLAR > PASS_GREEN_LEFT > CONFIRM_PASSED > PILLAR_RECENTER > FOLLOW_STRAIGHT > ACQUIRE_PILLAR > PASS_RED_RIGHT > CONFIRM_PASSED > PILLAR_RECENTER > FOLLOW_STRAIGHT > HARD_STOP_RELEASE > REASSESS_FRONT > EMERGENCY_ESCAPE > FOLLOW_STRAIGHT > APPROACH_CORNER > TURN_90 > POST_TURN_BACKUP > POST_TURN_SCAN_HOLD > ACQUIRE_PILLAR > FOLLOW_STRAIGHT > ACQUIRE_PILLAR > FOLLOW_STRAIGHT > ACQUIRE_PILLAR > PASS_RED_RIGHT > CONFIRM_PASSED > PILLAR_RECENTER > FOLLOW_STRAIGHT > APPROACH_CORNER > TURN_90 > POST_TURN_BACKUP > POST_TURN_SCAN_HOLD > ACQUIRE_PILLAR > PASS_RED_RIGHT > CONFIRM_PASSED > PILLAR_RECENTER > FOLLOW_STRAIGHT > ACQUIRE_PILLAR > PASS_GREEN_LEFT > CONFIRM_PASSED > PILLAR_RECENTER > FOLLOW_STRAIGHT > APPROACH_CORNER > TURN_90 > PARKING_ENTRY_SEARCH > ACQUIRE_PILLAR > PASS_GREEN_LEFT > CONFIRM_PASSED > PARKING_BLOCK_SEARCH > PARKING_IN_ENTER > COMPLETE
round2_run_20260919_141610_119938.csv,20260919,141610,PARKING_EXIT_DIRECTION,PARKING_EXIT_CW_RETURN_2,0.0,0.359,,11.469,0,,PARKING_EXIT_DIRECTION > PARKING_EXIT_ARC_1 > PARKING_EXIT_ARC_2 > PARKING_EXIT_ARC_3 > PARKING_EXIT_SCAN > PARKING_EXIT_CW_RETURN_1 > PARKING_EXIT_CW_RETURN_2
round2_run_20260919_143304_095074.csv,20260919,143304,PARKING_EXIT_DIRECTION,PARKING_EXIT_SHARP_RETURN,0.0,0.296,,17.203,0,,PARKING_EXIT_DIRECTION > PARKING_EXIT_ARC_1 > PARKING_EXIT_ARC_2 > PARKING_EXIT_ARC_3 > PARKING_EXIT_REVERSE_VIEW > PARKING_EXIT_SCAN > PARKING_EXIT_TIMED_CURVE > PARKING_EXIT_RED_REVERSE > PARKING_EXIT_RED_FORWARD > PARKING_EXIT_SHARP_RETURN > EMERGENCY_ESCAPE > PARKING_EXIT_SHARP_RETURN > EMERGENCY_ESCAPE > PARKING_EXIT_SHARP_RETURN
round2_run_20260919_143517_798932.csv,20260919,143517,PARKING_EXIT_DIRECTION,COMPLETE,0.0,0.265,,7.75,0,,PARKING_EXIT_DIRECTION > PARKING_EXIT_ARC_1 > PARKING_EXIT_ARC_2 > PARKING_EXIT_ARC_3 > PARKING_EXIT_REVERSE_VIEW > PARKING_EXIT_SCAN > PARKING_EXIT_CW_RETURN_1 > PARKING_EXIT_CW_RETURN_2 > PARKING_EXIT_COMPLETE > FOLLOW_STRAIGHT > COMPLETE
round2_run_20260919_143712_268111.csv,20260919,143712,PARKING_EXIT_DIRECTION,FAULT,0.0,0.297,,4.672,0,parking-exit forward heading alignment timeout,PARKING_EXIT_DIRECTION > PARKING_EXIT_ARC_1 > PARKING_EXIT_ARC_2 > PARKING_EXIT_ARC_3 > PARKING_EXIT_FORWARD_ALIGN > FAULT
round2_run_20260919_144250_839579.csv,20260919,144250,PARKING_EXIT_DIRECTION,COMPLETE,0.0,0.281,,10.906,0,,PARKING_EXIT_DIRECTION > PARKING_EXIT_ARC_1 > PARKING_EXIT_ARC_2 > PARKING_EXIT_ARC_3 > PARKING_EXIT_FORWARD_ALIGN > PARKING_EXIT_REVERSE_VIEW > PARKING_EXIT_SCAN > PARKING_EXIT_TIMED_CURVE > PARKING_EXIT_RED_REVERSE > PARKING_EXIT_RED_FORWARD > PARKING_EXIT_SHARP_RETURN > EMERGENCY_ESCAPE > PARKING_EXIT_SHARP_RETURN > FOLLOW_STRAIGHT > COMPLETE
round2_run_20260919_144346_271793.csv,20260919,144346,PARKING_EXIT_DIRECTION,FAULT,0.0,0.297,,4.641,0,parking-exit forward heading alignment timeout,PARKING_EXIT_DIRECTION > PARKING_EXIT_ARC_1 > PARKING_EXIT_ARC_2 > PARKING_EXIT_ARC_3 > PARKING_EXIT_FORWARD_ALIGN > FAULT
round2_run_20260919_144616_283831.csv,20260919,144616,PARKING_EXIT_DIRECTION,PARKING_EXIT_CW_RETURN_1,0.0,0.297,,11.922,0,,PARKING_EXIT_DIRECTION > PARKING_EXIT_ARC_1 > PARKING_EXIT_ARC_2 > PARKING_EXIT_ARC_3 > PARKING_EXIT_FORWARD_ALIGN > PARKING_EXIT_REVERSE_VIEW > PARKING_EXIT_SCAN > PARKING_EXIT_CW_RETURN_1
round2_run_20260919_144815_138511.csv,20260919,144815,PARKING_EXIT_DIRECTION,REASSESS_FRONT,0.0,0.282,,18.61,0,,PARKING_EXIT_DIRECTION > PARKING_EXIT_ARC_1 > PARKING_EXIT_ARC_2 > PARKING_EXIT_ARC_3 > PARKING_EXIT_FORWARD_ALIGN > PARKING_EXIT_REVERSE_VIEW > PARKING_EXIT_SCAN > PARKING_EXIT_TIMED_CURVE > PARKING_EXIT_RED_REVERSE > PARKING_EXIT_RED_FORWARD > PARKING_EXIT_SHARP_RETURN > EMERGENCY_ESCAPE > DEEP_REVERSE_RECOVERY > REASSESS_FRONT > HARD_STOP_RELEASE > REASSESS_FRONT
round2_run_20260919_145134_186077.csv,20260919,145134,PARKING_EXIT_DIRECTION,PARKING_EXIT_CW_RETURN_1,0.0,0.297,,20.157,0,,PARKING_EXIT_DIRECTION > PARKING_EXIT_ARC_1 > PARKING_EXIT_ARC_2 > PARKING_EXIT_ARC_3 > PARKING_EXIT_FORWARD_ALIGN > PARKING_EXIT_REVERSE_VIEW > PARKING_EXIT_SCAN > PARKING_EXIT_CW_RETURN_1
round2_run_20260919_145337_449074.csv,20260919,145337,PARKING_EXIT_DIRECTION,PARKING_EXIT_CW_RETURN_1,0.0,0.328,,13.281,0,,PARKING_EXIT_DIRECTION > PARKING_EXIT_ARC_1 > PARKING_EXIT_ARC_2 > PARKING_EXIT_ARC_3 > PARKING_EXIT_FORWARD_ALIGN > PARKING_EXIT_REVERSE_VIEW > PARKING_EXIT_SCAN > PARKING_EXIT_CW_RETURN_1
round2_run_20260919_145425_666534.csv,20260919,145425,PARKING_EXIT_DIRECTION,PARKING_EXIT_SCAN,0.0,0.281,,10.203,0,,PARKING_EXIT_DIRECTION > PARKING_EXIT_ARC_1 > PARKING_EXIT_ARC_2 > PARKING_EXIT_ARC_3 > PARKING_EXIT_FORWARD_ALIGN > PARKING_EXIT_REVERSE_VIEW > PARKING_EXIT_SCAN
round2_run_20260919_145525_247001.csv,20260919,145525,PARKING_EXIT_DIRECTION,PARKING_EXIT_CW_RETURN_1,0.0,0.312,,18.25,0,,PARKING_EXIT_DIRECTION > PARKING_EXIT_ARC_1 > PARKING_EXIT_ARC_2 > PARKING_EXIT_ARC_3 > PARKING_EXIT_FORWARD_ALIGN > PARKING_EXIT_REVERSE_VIEW > PARKING_EXIT_SCAN > PARKING_EXIT_CW_RETURN_1
round2_run_20260919_145709_682910.csv,20260919,145709,PARKING_EXIT_DIRECTION,PARKING_EXIT_CW_RETURN_1,0.0,0.282,,14.813,0,,PARKING_EXIT_DIRECTION > PARKING_EXIT_ARC_1 > PARKING_EXIT_ARC_2 > PARKING_EXIT_ARC_3 > PARKING_EXIT_FORWARD_ALIGN > PARKING_EXIT_REVERSE_VIEW > PARKING_EXIT_SCAN > PARKING_EXIT_CW_RETURN_1
round2_run_20260919_145810_968290.csv,20260919,145810,PARKING_EXIT_DIRECTION,PARKING_EXIT_SHARP_RETURN,0.0,0.296,,16.578,0,,PARKING_EXIT_DIRECTION > PARKING_EXIT_ARC_1 > PARKING_EXIT_ARC_2 > PARKING_EXIT_ARC_3 > PARKING_EXIT_FORWARD_ALIGN > PARKING_EXIT_REVERSE_VIEW > PARKING_EXIT_SCAN > PARKING_EXIT_TIMED_CURVE > PARKING_EXIT_RED_REVERSE > PARKING_EXIT_RED_FORWARD > PARKING_EXIT_SHARP_RETURN
round2_run_20260919_150602_881800.csv,20260919,150602,PARKING_EXIT_DIRECTION,PILLAR_RECENTER,1.0,0.297,,32.109,1,,PARKING_EXIT_DIRECTION > PARKING_EXIT_ARC_1 > PARKING_EXIT_ARC_2 > PARKING_EXIT_ARC_3 > PARKING_EXIT_FORWARD_ALIGN > PARKING_EXIT_REVERSE_VIEW > PARKING_EXIT_SCAN > PARKING_EXIT_TIMED_CURVE > PARKING_EXIT_RED_REVERSE > PARKING_EXIT_RED_FORWARD > PARKING_EXIT_SHARP_RETURN > FOLLOW_STRAIGHT > APPROACH_CORNER > TURN_90 > POST_TURN_BACKUP > POST_TURN_SCAN_HOLD > ACQUIRE_PILLAR > PASS_RED_RIGHT > CONFIRM_PASSED > PILLAR_RECENTER
round2_run_20260919_150725_452532.csv,20260919,150725,PARKING_EXIT_DIRECTION,FOLLOW_STRAIGHT,0.0,0.297,,30.594,0,,PARKING_EXIT_DIRECTION > PARKING_EXIT_ARC_1 > PARKING_EXIT_ARC_2 > PARKING_EXIT_ARC_3 > PARKING_EXIT_FORWARD_ALIGN > PARKING_EXIT_REVERSE_VIEW > PARKING_EXIT_SCAN > PARKING_EXIT_TIMED_CURVE > PARKING_EXIT_RED_REVERSE > PARKING_EXIT_RED_FORWARD > PARKING_EXIT_SHARP_RETURN > EMERGENCY_ESCAPE > PARKING_EXIT_SHARP_RETURN > FOLLOW_STRAIGHT > HARD_STOP_RELEASE > REASSESS_FRONT > EMERGENCY_ESCAPE > FOLLOW_STRAIGHT > HARD_STOP_RELEASE > REASSESS_FRONT > FOLLOW_STRAIGHT > HARD_STOP_RELEASE > FOLLOW_STRAIGHT > REASSESS_FRONT > FOLLOW_STRAIGHT > DEEP_REVERSE_RECOVERY > REASSESS_FRONT > FOLLOW_STRAIGHT > HARD_STOP_RELEASE > REASSESS_FRONT > EMERGENCY_ESCAPE > DEEP_REVERSE_RECOVERY > REASSESS_FRONT > FOLLOW_STRAIGHT > HARD_STOP_RELEASE > REASSESS_FRONT > EMERGENCY_ESCAPE > FOLLOW_STRAIGHT > HARD_STOP_RELEASE > REASSESS_FRONT > EMERGENCY_ESCAPE > FOLLOW_STRAIGHT
round2_run_20260919_151115_008319.csv,20260919,151115,PARKING_EXIT_DIRECTION,FAULT,0.0,0.313,,28.282,0,parking-exit reverse heading alignment timeout,PARKING_EXIT_DIRECTION > PARKING_EXIT_ARC_1 > PARKING_EXIT_ARC_2 > PARKING_EXIT_ARC_3 > PARKING_EXIT_FORWARD_ALIGN > PARKING_EXIT_REVERSE_VIEW > FAULT
round2_run_20260919_151438_081656.csv,20260919,151438,PARKING_EXIT_DIRECTION,PARKING_EXIT_CW_RETURN_1,0.0,0.281,,47.656,0,,PARKING_EXIT_DIRECTION > PARKING_EXIT_ARC_1 > PARKING_EXIT_ARC_2 > PARKING_EXIT_ARC_3 > PARKING_EXIT_FORWARD_ALIGN > PARKING_EXIT_REVERSE_VIEW > PARKING_EXIT_SCAN > PARKING_EXIT_CW_RETURN_1
round2_run_20260919_151718_737995.csv,20260919,151718,PARKING_EXIT_DIRECTION,FAULT,0.0,0.297,,100.313,0,red approach exceeded 4s without reaching distance trigger,PARKING_EXIT_DIRECTION > PARKING_EXIT_ARC_1 > PARKING_EXIT_ARC_2 > PARKING_EXIT_ARC_3 > PARKING_EXIT_FORWARD_ALIGN > PARKING_EXIT_REVERSE_VIEW > PARKING_EXIT_SCAN > PARKING_EXIT_TIMED_CURVE > FAULT
round2_run_20260919_151923_930110.csv,20260919,151923,PARKING_EXIT_DIRECTION,PARKING_EXIT_CW_RETURN_1,0.0,0.282,,18.922,0,,PARKING_EXIT_DIRECTION > PARKING_EXIT_ARC_1 > PARKING_EXIT_ARC_2 > PARKING_EXIT_ARC_3 > PARKING_EXIT_FORWARD_ALIGN > PARKING_EXIT_REVERSE_VIEW > PARKING_EXIT_SCAN > PARKING_EXIT_CW_RETURN_1
round2_run_20260919_152143_241546.csv,20260919,152143,PARKING_EXIT_DIRECTION,PARKING_EXIT_CW_RETURN_1,0.0,0.297,,40.172,0,,PARKING_EXIT_DIRECTION > PARKING_EXIT_ARC_1 > PARKING_EXIT_ARC_2 > PARKING_EXIT_ARC_3 > PARKING_EXIT_FORWARD_ALIGN > PARKING_EXIT_REVERSE_VIEW > PARKING_EXIT_SCAN > PARKING_EXIT_CW_RETURN_1
round2_run_20260919_152313_658591.csv,20260919,152313,PARKING_EXIT_DIRECTION,PARKING_EXIT_CW_RETURN_1,0.0,0.297,,25.047,0,,PARKING_EXIT_DIRECTION > PARKING_EXIT_ARC_1 > PARKING_EXIT_ARC_2 > PARKING_EXIT_ARC_3 > PARKING_EXIT_FORWARD_ALIGN > PARKING_EXIT_REVERSE_VIEW > PARKING_EXIT_SCAN > PARKING_EXIT_CW_RETURN_1
round2_run_20260919_152759_906088.csv,20260919,152759,PARKING_EXIT_DIRECTION,PILLAR_RECENTER,1.0,0.297,,19.641,2,,PARKING_EXIT_DIRECTION > PARKING_EXIT_ARC_1 > PARKING_EXIT_ARC_2 > PARKING_EXIT_ARC_3 > PARKING_EXIT_FORWARD_ALIGN > PARKING_EXIT_REVERSE_VIEW > FOLLOW_STRAIGHT > ACQUIRE_PILLAR > PASS_GREEN_LEFT > CONFIRM_PASSED > PILLAR_RECENTER > FOLLOW_STRAIGHT > ACQUIRE_PILLAR > FOLLOW_STRAIGHT > APPROACH_CORNER > TURN_90 > POST_TURN_BACKUP > POST_TURN_SCAN_HOLD > ACQUIRE_PILLAR > PASS_RED_RIGHT > CONFIRM_PASSED > PILLAR_RECENTER
round2_run_20260919_152857_241254.csv,20260919,152857,PARKING_EXIT_DIRECTION,TURN_90,0.0,0.297,,17.985,2,,PARKING_EXIT_DIRECTION > PARKING_EXIT_ARC_1 > PARKING_EXIT_ARC_2 > PARKING_EXIT_ARC_3 > PARKING_EXIT_FORWARD_ALIGN > PARKING_EXIT_REVERSE_VIEW > FOLLOW_STRAIGHT > ACQUIRE_PILLAR > PASS_RED_RIGHT > CONFIRM_PASSED > PILLAR_RECENTER > FOLLOW_STRAIGHT > ACQUIRE_PILLAR > PASS_RED_RIGHT > CONFIRM_PASSED > PILLAR_RECENTER > FOLLOW_STRAIGHT > APPROACH_CORNER > TURN_90
round2_run_20260919_154215_127392.csv,20260919,154215,PARKING_EXIT_DIRECTION,FOLLOW_STRAIGHT,2.0,0.297,,51.672,3,,PARKING_EXIT_DIRECTION > PARKING_EXIT_ARC_1 > PARKING_EXIT_ARC_2 > PARKING_EXIT_ARC_3 > PARKING_EXIT_FORWARD_ALIGN > PARKING_EXIT_REVERSE_VIEW > FOLLOW_STRAIGHT > ACQUIRE_PILLAR > PASS_RED_RIGHT > CONFIRM_PASSED > PILLAR_RECENTER > FOLLOW_STRAIGHT > APPROACH_CORNER > TURN_90 > POST_TURN_BACKUP > POST_TURN_SCAN_HOLD > ACQUIRE_PILLAR > PASS_RED_RIGHT > CONFIRM_PASSED > PILLAR_RECENTER > FOLLOW_STRAIGHT > APPROACH_CORNER > TURN_90 > POST_TURN_BACKUP > POST_TURN_SCAN_HOLD > ACQUIRE_PILLAR > PASS_GREEN_LEFT > CONFIRM_PASSED > PILLAR_RECENTER > FOLLOW_STRAIGHT
round2_run_20260919_154430_441063.csv,20260919,154430,PARKING_EXIT_DIRECTION,PASS_GREEN_LEFT,2.0,0.297,,29.016,2,,PARKING_EXIT_DIRECTION > PARKING_EXIT_ARC_1 > PARKING_EXIT_ARC_2 > PARKING_EXIT_ARC_3 > PARKING_EXIT_FORWARD_ALIGN > PARKING_EXIT_REVERSE_VIEW > FOLLOW_STRAIGHT > ACQUIRE_PILLAR > PASS_RED_RIGHT > CONFIRM_PASSED > PILLAR_RECENTER > FOLLOW_STRAIGHT > APPROACH_CORNER > TURN_90 > POST_TURN_BACKUP > POST_TURN_SCAN_HOLD > RECENTER > FOLLOW_STRAIGHT > ACQUIRE_PILLAR > PASS_RED_RIGHT > CONFIRM_PASSED > PILLAR_RECENTER > FOLLOW_STRAIGHT > APPROACH_CORNER > TURN_90 > POST_TURN_BACKUP > POST_TURN_SCAN_HOLD > ACQUIRE_PILLAR > PASS_GREEN_LEFT
round2_run_20260919_155003_722052.csv,20260919,155003,DETECT_DIRECTION,COMPLETE,1.0,0.546,,4.218,0,,DETECT_DIRECTION > FOLLOW_STRAIGHT > APPROACH_CORNER > TURN_90 > POST_TURN_BACKUP > COMPLETE
round2_run_20260919_155113_739821.csv,20260919,155113,DETECT_DIRECTION,COMPLETE,1.0,0.672,,4.672,0,,DETECT_DIRECTION > FOLLOW_STRAIGHT > APPROACH_CORNER > TURN_90 > POST_TURN_BACKUP > COMPLETE
round2_run_20260919_155142_074853.csv,20260919,155142,DETECT_DIRECTION,COMPLETE,1.0,0.719,,5.0,0,,DETECT_DIRECTION > FOLLOW_STRAIGHT > APPROACH_CORNER > TURN_90 > POST_TURN_BACKUP > COMPLETE
round2_run_20260919_155437_564914.csv,20260919,155437,DETECT_DIRECTION,COMPLETE,1.0,7.891,,13.594,0,,DETECT_DIRECTION > FOLLOW_STRAIGHT > APPROACH_CORNER > TURN_90 > POST_TURN_BACKUP > POST_TURN_SCAN_HOLD > RECENTER > FOLLOW_STRAIGHT > COMPLETE
round2_run_20260919_155523_969564.csv,20260919,155523,DETECT_DIRECTION,REASSESS_FRONT,0.0,3.609,,30.593,0,,DETECT_DIRECTION > FOLLOW_STRAIGHT > HARD_STOP_RELEASE > REASSESS_FRONT > FOLLOW_STRAIGHT > HARD_STOP_RELEASE > REASSESS_FRONT > EMERGENCY_ESCAPE > DEEP_REVERSE_RECOVERY > REASSESS_FRONT > FOLLOW_STRAIGHT > HARD_STOP_RELEASE > REASSESS_FRONT > EMERGENCY_ESCAPE > DEEP_REVERSE_RECOVERY > REASSESS_FRONT > FOLLOW_STRAIGHT > HARD_STOP_RELEASE > REASSESS_FRONT > EMERGENCY_ESCAPE > DEEP_REVERSE_RECOVERY > REASSESS_FRONT > FOLLOW_STRAIGHT > HARD_STOP_RELEASE > REASSESS_FRONT > EMERGENCY_ESCAPE > DEEP_REVERSE_RECOVERY > REASSESS_FRONT > FOLLOW_STRAIGHT > HARD_STOP_RELEASE > REASSESS_FRONT > EMERGENCY_ESCAPE > DEEP_REVERSE_RECOVERY > REASSESS_FRONT > HARD_STOP_RELEASE > FOLLOW_STRAIGHT > REASSESS_FRONT > FOLLOW_STRAIGHT > HARD_STOP_RELEASE > REASSESS_FRONT > EMERGENCY_ESCAPE > DEEP_REVERSE_RECOVERY > REASSESS_FRONT
round2_run_20260919_163614_208329.csv,20260919,163614,PARKING_EXIT_DIRECTION,FOLLOW_STRAIGHT,10.0,0.266,,171.266,11,,PARKING_EXIT_DIRECTION > PARKING_EXIT_ARC_1 > PARKING_EXIT_ARC_2 > PARKING_EXIT_ARC_3 > PARKING_EXIT_FORWARD_ALIGN > PARKING_EXIT_REVERSE_VIEW > FOLLOW_STRAIGHT > ACQUIRE_PILLAR > PASS_GREEN_LEFT > CONFIRM_PASSED > PILLAR_RECENTER > FOLLOW_STRAIGHT > APPROACH_CORNER > TURN_90 > POST_TURN_BACKUP > POST_TURN_SCAN_HOLD > RECENTER > FOLLOW_STRAIGHT > APPROACH_CORNER > TURN_90 > POST_TURN_BACKUP > POST_TURN_SCAN_HOLD > RECENTER > FOLLOW_STRAIGHT > ACQUIRE_PILLAR > FOLLOW_STRAIGHT > ACQUIRE_PILLAR > FOLLOW_STRAIGHT > ACQUIRE_PILLAR > FOLLOW_STRAIGHT > ACQUIRE_PILLAR > PASS_RED_RIGHT > CONFIRM_PASSED > PASS_RED_RIGHT > CONFIRM_PASSED > PILLAR_RECENTER > FOLLOW_STRAIGHT > APPROACH_CORNER > TURN_90 > POST_TURN_BACKUP > POST_TURN_SCAN_HOLD > ACQUIRE_PILLAR > PASS_RED_RIGHT > CONFIRM_PASSED > PILLAR_RECENTER > FOLLOW_STRAIGHT > APPROACH_CORNER > TURN_90 > POST_TURN_BACKUP > POST_TURN_SCAN_HOLD > ACQUIRE_PILLAR > FOLLOW_STRAIGHT > ACQUIRE_PILLAR > PASS_GREEN_LEFT > CONFIRM_PASSED > PILLAR_RECENTER > FOLLOW_STRAIGHT > APPROACH_CORNER > TURN_90 > POST_TURN_BACKUP > POST_TURN_SCAN_HOLD > ACQUIRE_PILLAR > PASS_RED_RIGHT > CONFIRM_PASSED > PILLAR_RECENTER > FOLLOW_STRAIGHT > APPROACH_CORNER > HARD_STOP_RELEASE > REASSESS_FRONT > CORNER_CLEARANCE_RECOVERY > REASSESS_FRONT > FOLLOW_STRAIGHT > APPROACH_CORNER > TURN_90 > POST_TURN_BACKUP > POST_TURN_SCAN_HOLD > ACQUIRE_PILLAR > FOLLOW_STRAIGHT > ACQUIRE_PILLAR > PASS_RED_RIGHT > CONFIRM_PASSED > PILLAR_RECENTER > FOLLOW_STRAIGHT > APPROACH_CORNER > TURN_90 > POST_TURN_BACKUP > POST_TURN_SCAN_HOLD > ACQUIRE_PILLAR > PASS_RED_RIGHT > CONFIRM_PASSED > PILLAR_RECENTER > FOLLOW_STRAIGHT > APPROACH_CORNER > TURN_90 > POST_TURN_BACKUP > POST_TURN_SCAN_HOLD > ACQUIRE_PILLAR > FOLLOW_STRAIGHT > ACQUIRE_PILLAR > PASS_GREEN_LEFT > CONFIRM_PASSED > PILLAR_RECENTER > FOLLOW_STRAIGHT > APPROACH_CORNER > TURN_90 > POST_TURN_BACKUP > POST_TURN_SCAN_HOLD > ACQUIRE_PILLAR > PASS_RED_RIGHT > CONFIRM_PASSED > PILLAR_RECENTER > FOLLOW_STRAIGHT > APPROACH_CORNER > TURN_90 > POST_TURN_BACKUP > POST_TURN_SCAN_HOLD > ACQUIRE_PILLAR > PASS_GREEN_LEFT > CONFIRM_PASSED > PILLAR_RECENTER > APPROACH_CORNER > FOLLOW_STRAIGHT
round2_run_20260919_165950_406817.csv,20260919,165950,PARKING_EXIT_DIRECTION,FOLLOW_STRAIGHT,2.0,0.281,,707.531,3,,PARKING_EXIT_DIRECTION > PARKING_EXIT_ARC_1 > PARKING_EXIT_ARC_2 > PARKING_EXIT_ARC_3 > PARKING_EXIT_FORWARD_ALIGN > PARKING_EXIT_REVERSE_VIEW > FOLLOW_STRAIGHT > ACQUIRE_PILLAR > PASS_RED_RIGHT > CONFIRM_PASSED > PILLAR_RECENTER > FOLLOW_STRAIGHT > APPROACH_CORNER > TURN_90 > POST_TURN_BACKUP > POST_TURN_SCAN_HOLD > PASS_RED_RIGHT > CONFIRM_PASSED > PILLAR_RECENTER > FOLLOW_STRAIGHT > APPROACH_CORNER > TURN_90 > POST_TURN_BACKUP > POST_TURN_SCAN_HOLD > PASS_GREEN_LEFT > CONFIRM_PASSED > PILLAR_RECENTER > FOLLOW_STRAIGHT > HARD_STOP_RELEASE > REASSESS_FRONT > EMERGENCY_ESCAPE > DEEP_REVERSE_RECOVERY > REASSESS_FRONT > FOLLOW_STRAIGHT > HARD_STOP_RELEASE > REASSESS_FRONT > EMERGENCY_ESCAPE > FOLLOW_STRAIGHT > HARD_STOP_RELEASE > REASSESS_FRONT > EMERGENCY_ESCAPE > DEEP_REVERSE_RECOVERY > REASSESS_FRONT > FOLLOW_STRAIGHT > HARD_STOP_RELEASE > REASSESS_FRONT > FOLLOW_STRAIGHT
round2_run_20260919_171408_960833.csv,20260919,171408,PARKING_EXIT_DIRECTION,FAULT,1.0,0.328,,220.812,2,corner clearance reverse made no reliable progress,PARKING_EXIT_DIRECTION > PARKING_EXIT_ARC_1 > PARKING_EXIT_ARC_2 > PARKING_EXIT_ARC_3 > PARKING_EXIT_FORWARD_ALIGN > PARKING_EXIT_REVERSE_VIEW > FOLLOW_STRAIGHT > ACQUIRE_PILLAR > PASS_RED_RIGHT > CONFIRM_PASSED > PILLAR_RECENTER > FOLLOW_STRAIGHT > HARD_STOP_RELEASE > REASSESS_FRONT > EMERGENCY_ESCAPE > FOLLOW_STRAIGHT > APPROACH_CORNER > TURN_90 > POST_TURN_BACKUP > POST_TURN_SCAN_HOLD > PASS_RED_RIGHT > CONFIRM_PASSED > PILLAR_RECENTER > FOLLOW_STRAIGHT > HARD_STOP_RELEASE > REASSESS_FRONT > CORNER_CLEARANCE_RECOVERY > REASSESS_FRONT > EMERGENCY_ESCAPE > DEEP_REVERSE_RECOVERY > REASSESS_FRONT > FOLLOW_STRAIGHT > HARD_STOP_RELEASE > REASSESS_FRONT > CORNER_CLEARANCE_RECOVERY > REASSESS_FRONT > HARD_STOP_RELEASE > REASSESS_FRONT > FOLLOW_STRAIGHT > HARD_STOP_RELEASE > REASSESS_FRONT > CORNER_CLEARANCE_RECOVERY > REASSESS_FRONT > EMERGENCY_ESCAPE > DEEP_REVERSE_RECOVERY > REASSESS_FRONT > FOLLOW_STRAIGHT > HARD_STOP_RELEASE > REASSESS_FRONT > FAULT
round2_run_20260919_172523_721266.csv,20260919,172523,PARKING_EXIT_DIRECTION,HARD_STOP_RELEASE,2.0,0.296,,55.328,3,,PARKING_EXIT_DIRECTION > PARKING_EXIT_ARC_1 > PARKING_EXIT_ARC_2 > PARKING_EXIT_ARC_3 > PARKING_EXIT_FORWARD_ALIGN > PARKING_EXIT_REVERSE_VIEW > FOLLOW_STRAIGHT > ACQUIRE_PILLAR > PASS_RED_RIGHT > CONFIRM_PASSED > PILLAR_RECENTER > FOLLOW_STRAIGHT > APPROACH_CORNER > TURN_90 > POST_TURN_BACKUP > POST_TURN_SCAN_HOLD > PASS_RED_RIGHT > CONFIRM_PASSED > PILLAR_RECENTER > FOLLOW_STRAIGHT > HARD_STOP_RELEASE > REASSESS_FRONT > CORNER_CLEARANCE_RECOVERY > REASSESS_FRONT > EMERGENCY_ESCAPE > FOLLOW_STRAIGHT > APPROACH_CORNER > FOLLOW_STRAIGHT > HARD_STOP_RELEASE > REASSESS_FRONT > CORNER_CLEARANCE_RECOVERY > REASSESS_FRONT > EMERGENCY_ESCAPE > FOLLOW_STRAIGHT > APPROACH_CORNER > FOLLOW_STRAIGHT > APPROACH_CORNER > TURN_90 > POST_TURN_BACKUP > POST_TURN_SCAN_HOLD > PASS_RED_RIGHT > CONFIRM_PASSED > PILLAR_RECENTER > APPROACH_CORNER > HARD_STOP_RELEASE > REASSESS_FRONT > EMERGENCY_ESCAPE > DEEP_REVERSE_RECOVERY > REASSESS_FRONT > HARD_STOP_RELEASE
round2_run_20260919_174106_066636.csv,20260919,174106,PARKING_EXIT_DIRECTION,PILLAR_RECENTER,4.0,0.297,,62.578,5,,PARKING_EXIT_DIRECTION > PARKING_EXIT_ARC_1 > PARKING_EXIT_ARC_2 > PARKING_EXIT_ARC_3 > PARKING_EXIT_FORWARD_ALIGN > PARKING_EXIT_REVERSE_VIEW > FOLLOW_STRAIGHT > ACQUIRE_PILLAR > PASS_RED_RIGHT > CONFIRM_PASSED > PILLAR_RECENTER > FOLLOW_STRAIGHT > HARD_STOP_RELEASE > FOLLOW_STRAIGHT > REASSESS_FRONT > FOLLOW_STRAIGHT > APPROACH_CORNER > HARD_STOP_RELEASE > REASSESS_FRONT > APPROACH_CORNER > FOLLOW_STRAIGHT > APPROACH_CORNER > HARD_STOP_RELEASE > REASSESS_FRONT > CORNER_CLEARANCE_RECOVERY > REASSESS_FRONT > APPROACH_CORNER > FOLLOW_STRAIGHT > APPROACH_CORNER > TURN_90 > POST_TURN_BACKUP > POST_TURN_SCAN_HOLD > ACQUIRE_PILLAR > PASS_RED_RIGHT > CONFIRM_PASSED > PILLAR_RECENTER > APPROACH_CORNER > FOLLOW_STRAIGHT > APPROACH_CORNER > TURN_90 > POST_TURN_BACKUP > POST_TURN_SCAN_HOLD > RECENTER > FOLLOW_STRAIGHT > ACQUIRE_PILLAR > PASS_GREEN_LEFT > CONFIRM_PASSED > PILLAR_RECENTER > FOLLOW_STRAIGHT > APPROACH_CORNER > TURN_90 > POST_TURN_BACKUP > POST_TURN_SCAN_HOLD > ACQUIRE_PILLAR > PASS_RED_RIGHT > CONFIRM_PASSED > PILLAR_RECENTER > FOLLOW_STRAIGHT > APPROACH_CORNER > TURN_90 > POST_TURN_BACKUP > POST_TURN_SCAN_HOLD > ACQUIRE_PILLAR > FOLLOW_STRAIGHT > ACQUIRE_PILLAR > PASS_GREEN_LEFT > CONFIRM_PASSED > PILLAR_RECENTER
round2_run_20260919_175218_492981.csv,20260919,175218,DETECT_DIRECTION,REASSESS_FRONT,0.0,0.781,,31.969,0,,DETECT_DIRECTION > FOLLOW_STRAIGHT > HARD_STOP_RELEASE > REASSESS_FRONT > EMERGENCY_ESCAPE > DEEP_REVERSE_RECOVERY > REASSESS_FRONT > HARD_STOP_RELEASE > FOLLOW_STRAIGHT > REASSESS_FRONT > FOLLOW_STRAIGHT > HARD_STOP_RELEASE > REASSESS_FRONT > HARD_STOP_RELEASE > REASSESS_FRONT > EMERGENCY_ESCAPE > DEEP_REVERSE_RECOVERY > REASSESS_FRONT > FOLLOW_STRAIGHT > HARD_STOP_RELEASE > REASSESS_FRONT > EMERGENCY_ESCAPE > DEEP_REVERSE_RECOVERY > REASSESS_FRONT > FOLLOW_STRAIGHT > HARD_STOP_RELEASE > REASSESS_FRONT
round2_run_20260919_175340_567629.csv,20260919,175340,DETECT_DIRECTION,FOLLOW_STRAIGHT,0.0,5.922,,60.657,0,,DETECT_DIRECTION > FOLLOW_STRAIGHT
round2_run_20260919_175506_835742.csv,20260919,175506,DETECT_DIRECTION,COMPLETE,1.0,0.734,,7.094,0,,DETECT_DIRECTION > FOLLOW_STRAIGHT > APPROACH_CORNER > TURN_90 > POST_TURN_BACKUP > POST_TURN_SCAN_HOLD > RECENTER > FOLLOW_STRAIGHT > COMPLETE
round2_run_20260919_175548_514922.csv,20260919,175548,DETECT_DIRECTION,COMPLETE,1.0,0.75,,5.469,0,,DETECT_DIRECTION > FOLLOW_STRAIGHT > APPROACH_CORNER > TURN_90 > POST_TURN_BACKUP > POST_TURN_SCAN_HOLD > RECENTER > FOLLOW_STRAIGHT > COMPLETE
round2_run_20260919_181105_028070.csv,20260919,181105,DETECT_DIRECTION,FOLLOW_STRAIGHT,1.0,0.734,,16.703,4,,DETECT_DIRECTION > FOLLOW_STRAIGHT > APPROACH_CORNER > TURN_90 > POST_TURN_BACKUP > POST_TURN_SCAN_HOLD > ACQUIRE_PILLAR > PASS_RED_RIGHT > CONFIRM_PASSED > PASS_RED_RIGHT > CONFIRM_PASSED > PASS_RED_RIGHT > CONFIRM_PASSED > PILLAR_RECENTER > FOLLOW_STRAIGHT > ACQUIRE_PILLAR > PASS_RED_RIGHT > EMERGENCY_ESCAPE > DEEP_REVERSE_RECOVERY > PASS_RED_RIGHT > CONFIRM_PASSED > PILLAR_RECENTER > HARD_STOP_RELEASE > REASSESS_FRONT > FOLLOW_STRAIGHT
round2_run_20260919_181149_568179.csv,20260919,181149,DETECT_DIRECTION,COMPLETE,2.0,4.407,,24.266,2,,DETECT_DIRECTION > FOLLOW_STRAIGHT > APPROACH_CORNER > TURN_90 > POST_TURN_BACKUP > POST_TURN_SCAN_HOLD > ACQUIRE_PILLAR > PASS_RED_RIGHT > CONFIRM_PASSED > PILLAR_RECENTER > FOLLOW_STRAIGHT > ACQUIRE_PILLAR > PASS_RED_RIGHT > CONFIRM_PASSED > PILLAR_RECENTER > FOLLOW_STRAIGHT > APPROACH_CORNER > TURN_90 > POST_TURN_BACKUP > COMPLETE
round2_run_20260919_181335_768929.csv,20260919,181335,DETECT_DIRECTION,COMPLETE,2.0,0.625,,22.891,2,,DETECT_DIRECTION > FOLLOW_STRAIGHT > APPROACH_CORNER > TURN_90 > POST_TURN_BACKUP > POST_TURN_SCAN_HOLD > ACQUIRE_PILLAR > PASS_RED_RIGHT > CONFIRM_PASSED > PILLAR_RECENTER > FOLLOW_STRAIGHT > ACQUIRE_PILLAR > PASS_RED_RIGHT > CONFIRM_PASSED > PILLAR_RECENTER > FOLLOW_STRAIGHT > HARD_STOP_RELEASE > REASSESS_FRONT > FOLLOW_STRAIGHT > APPROACH_CORNER > TURN_90 > POST_TURN_BACKUP > COMPLETE
round2_run_20260919_181454_548503.csv,20260919,181454,DETECT_DIRECTION,COMPLETE,2.0,0.765,,20.859,2,,DETECT_DIRECTION > FOLLOW_STRAIGHT > APPROACH_CORNER > TURN_90 > POST_TURN_BACKUP > POST_TURN_SCAN_HOLD > ACQUIRE_PILLAR > PASS_RED_RIGHT > CONFIRM_PASSED > PILLAR_RECENTER > FOLLOW_STRAIGHT > ACQUIRE_PILLAR > PASS_GREEN_LEFT > CONFIRM_PASSED > PILLAR_RECENTER > FOLLOW_STRAIGHT > APPROACH_CORNER > TURN_90 > POST_TURN_BACKUP > COMPLETE
round2_run_20260919_181620_277116.csv,20260919,181620,DETECT_DIRECTION,FOLLOW_STRAIGHT,1.0,0.719,,42.203,5,,DETECT_DIRECTION > FOLLOW_STRAIGHT > APPROACH_CORNER > TURN_90 > POST_TURN_BACKUP > POST_TURN_SCAN_HOLD > ACQUIRE_PILLAR > PASS_RED_RIGHT > CONFIRM_PASSED > PASS_RED_RIGHT > CONFIRM_PASSED > PILLAR_RECENTER > HARD_STOP_RELEASE > REASSESS_FRONT > HARD_STOP_RELEASE > REASSESS_FRONT > HARD_STOP_RELEASE > REASSESS_FRONT > HARD_STOP_RELEASE > REASSESS_FRONT > HARD_STOP_RELEASE > REASSESS_FRONT > HARD_STOP_RELEASE > REASSESS_FRONT > HARD_STOP_RELEASE > REASSESS_FRONT > HARD_STOP_RELEASE > REASSESS_FRONT > FOLLOW_STRAIGHT > ACQUIRE_PILLAR > PASS_RED_RIGHT > CONFIRM_PASSED > PASS_RED_RIGHT > CONFIRM_PASSED > PASS_RED_RIGHT > CONFIRM_PASSED > PILLAR_RECENTER > FOLLOW_STRAIGHT
round2_run_20260919_183148_473414.csv,20260919,183148,DETECT_DIRECTION,COMPLETE,2.0,0.812,,17.593,2,,DETECT_DIRECTION > FOLLOW_STRAIGHT > APPROACH_CORNER > TURN_90 > POST_TURN_BACKUP > POST_TURN_SCAN_HOLD > ACQUIRE_PILLAR > PASS_RED_RIGHT > CONFIRM_PASSED > PILLAR_RECENTER > FOLLOW_STRAIGHT > ACQUIRE_PILLAR > PASS_RED_RIGHT > CONFIRM_PASSED > PILLAR_RECENTER > FOLLOW_STRAIGHT > APPROACH_CORNER > TURN_90 > POST_TURN_BACKUP > COMPLETE
round2_run_20260919_183242_659691.csv,20260919,183242,DETECT_DIRECTION,REASSESS_FRONT,0.0,0.734,,48.984,0,,DETECT_DIRECTION > FOLLOW_STRAIGHT > HARD_STOP_RELEASE > REASSESS_FRONT > EMERGENCY_ESCAPE > DEEP_REVERSE_RECOVERY > REASSESS_FRONT > HARD_STOP_RELEASE > REASSESS_FRONT > FOLLOW_STRAIGHT > HARD_STOP_RELEASE > REASSESS_FRONT > EMERGENCY_ESCAPE > DEEP_REVERSE_RECOVERY > REASSESS_FRONT > FOLLOW_STRAIGHT > HARD_STOP_RELEASE > REASSESS_FRONT > EMERGENCY_ESCAPE > DEEP_REVERSE_RECOVERY > REASSESS_FRONT > FOLLOW_STRAIGHT > HARD_STOP_RELEASE > REASSESS_FRONT > EMERGENCY_ESCAPE > DEEP_REVERSE_RECOVERY > REASSESS_FRONT > FOLLOW_STRAIGHT > HARD_STOP_RELEASE > REASSESS_FRONT > EMERGENCY_ESCAPE > DEEP_REVERSE_RECOVERY > REASSESS_FRONT > HARD_STOP_RELEASE > FOLLOW_STRAIGHT > REASSESS_FRONT > FOLLOW_STRAIGHT > HARD_STOP_RELEASE > REASSESS_FRONT > HARD_STOP_RELEASE > REASSESS_FRONT > FOLLOW_STRAIGHT > DEEP_REVERSE_RECOVERY > REASSESS_FRONT > EMERGENCY_ESCAPE > DEEP_REVERSE_RECOVERY > REASSESS_FRONT > FOLLOW_STRAIGHT > HARD_STOP_RELEASE > REASSESS_FRONT > EMERGENCY_ESCAPE > DEEP_REVERSE_RECOVERY > REASSESS_FRONT > HARD_STOP_RELEASE > REASSESS_FRONT > FOLLOW_STRAIGHT > HARD_STOP_RELEASE > REASSESS_FRONT > EMERGENCY_ESCAPE > DEEP_REVERSE_RECOVERY > REASSESS_FRONT > FOLLOW_STRAIGHT > HARD_STOP_RELEASE > REASSESS_FRONT
round2_run_20260919_183404_419185.csv,20260919,183404,DETECT_DIRECTION,COMPLETE,2.0,1.187,,17.875,2,,DETECT_DIRECTION > FOLLOW_STRAIGHT > APPROACH_CORNER > TURN_90 > POST_TURN_BACKUP > POST_TURN_SCAN_HOLD > ACQUIRE_PILLAR > PASS_RED_RIGHT > CONFIRM_PASSED > PILLAR_RECENTER > FOLLOW_STRAIGHT > ACQUIRE_PILLAR > PASS_GREEN_LEFT > CONFIRM_PASSED > PILLAR_RECENTER > FOLLOW_STRAIGHT > APPROACH_CORNER > TURN_90 > POST_TURN_BACKUP > COMPLETE
round2_run_20260919_183503_745411.csv,20260919,183503,DETECT_DIRECTION,HARD_STOP_RELEASE,0.0,0.719,,28.328,0,,DETECT_DIRECTION > FOLLOW_STRAIGHT > HARD_STOP_RELEASE > REASSESS_FRONT > EMERGENCY_ESCAPE > DEEP_REVERSE_RECOVERY > REASSESS_FRONT > EMERGENCY_ESCAPE > DEEP_REVERSE_RECOVERY > REASSESS_FRONT > FOLLOW_STRAIGHT > HARD_STOP_RELEASE > REASSESS_FRONT > EMERGENCY_ESCAPE > DEEP_REVERSE_RECOVERY > REASSESS_FRONT > HARD_STOP_RELEASE > FOLLOW_STRAIGHT > REASSESS_FRONT > FOLLOW_STRAIGHT > HARD_STOP_RELEASE > REASSESS_FRONT > EMERGENCY_ESCAPE > DEEP_REVERSE_RECOVERY > REASSESS_FRONT > HARD_STOP_RELEASE > FOLLOW_STRAIGHT > REASSESS_FRONT > FOLLOW_STRAIGHT > HARD_STOP_RELEASE > REASSESS_FRONT > EMERGENCY_ESCAPE > DEEP_REVERSE_RECOVERY > REASSESS_FRONT > HARD_STOP_RELEASE
round2_run_20260919_183559_202637.csv,20260919,183559,DETECT_DIRECTION,FOLLOW_STRAIGHT,0.0,0.781,,19.266,0,,DETECT_DIRECTION > FOLLOW_STRAIGHT > HARD_STOP_RELEASE > REASSESS_FRONT > EMERGENCY_ESCAPE > DEEP_REVERSE_RECOVERY > REASSESS_FRONT > HARD_STOP_RELEASE > FOLLOW_STRAIGHT > REASSESS_FRONT > FOLLOW_STRAIGHT > HARD_STOP_RELEASE > REASSESS_FRONT > EMERGENCY_ESCAPE > DEEP_REVERSE_RECOVERY > REASSESS_FRONT > HARD_STOP_RELEASE > REASSESS_FRONT > HARD_STOP_RELEASE > REASSESS_FRONT > FOLLOW_STRAIGHT
round2_run_20260919_184000_124009.csv,20260919,184000,DETECT_DIRECTION,COMPLETE,2.0,0.719,,19.531,2,,DETECT_DIRECTION > FOLLOW_STRAIGHT > APPROACH_CORNER > TURN_90 > POST_TURN_BACKUP > POST_TURN_SCAN_HOLD > ACQUIRE_PILLAR > PASS_RED_RIGHT > CONFIRM_PASSED > PILLAR_RECENTER > FOLLOW_STRAIGHT > ACQUIRE_PILLAR > PASS_GREEN_LEFT > CONFIRM_PASSED > PILLAR_RECENTER > FOLLOW_STRAIGHT > APPROACH_CORNER > TURN_90 > POST_TURN_BACKUP > COMPLETE
round2_run_20260919_184300_548884.csv,20260919,184300,DETECT_DIRECTION,COMPLETE,2.0,0.797,,19.781,2,,DETECT_DIRECTION > FOLLOW_STRAIGHT > APPROACH_CORNER > TURN_90 > POST_TURN_BACKUP > POST_TURN_SCAN_HOLD > ACQUIRE_PILLAR > PASS_RED_RIGHT > CONFIRM_PASSED > PILLAR_RECENTER > FOLLOW_STRAIGHT > ACQUIRE_PILLAR > PASS_GREEN_LEFT > CONFIRM_PASSED > PILLAR_RECENTER > FOLLOW_STRAIGHT > APPROACH_CORNER > TURN_90 > POST_TURN_BACKUP > COMPLETE
round2_run_20260919_184400_250103.csv,20260919,184400,DETECT_DIRECTION,COMPLETE,2.0,0.765,,19.89,2,,DETECT_DIRECTION > FOLLOW_STRAIGHT > APPROACH_CORNER > TURN_90 > POST_TURN_BACKUP > POST_TURN_SCAN_HOLD > ACQUIRE_PILLAR > PASS_RED_RIGHT > CONFIRM_PASSED > PILLAR_RECENTER > FOLLOW_STRAIGHT > ACQUIRE_PILLAR > PASS_GREEN_LEFT > CONFIRM_PASSED > PILLAR_RECENTER > FOLLOW_STRAIGHT > APPROACH_CORNER > TURN_90 > POST_TURN_BACKUP > COMPLETE
round2_run_20260919_184457_590442.csv,20260919,184457,DETECT_DIRECTION,COMPLETE,2.0,0.75,,19.968,2,,DETECT_DIRECTION > FOLLOW_STRAIGHT > APPROACH_CORNER > TURN_90 > POST_TURN_BACKUP > POST_TURN_SCAN_HOLD > ACQUIRE_PILLAR > PASS_RED_RIGHT > CONFIRM_PASSED > PILLAR_RECENTER > FOLLOW_STRAIGHT > ACQUIRE_PILLAR > PASS_GREEN_LEFT > CONFIRM_PASSED > PILLAR_RECENTER > FOLLOW_STRAIGHT > APPROACH_CORNER > TURN_90 > POST_TURN_BACKUP > COMPLETE
round2_run_20260919_184613_053331.csv,20260919,184613,DETECT_DIRECTION,COMPLETE,2.0,0.765,,19.203,2,,DETECT_DIRECTION > FOLLOW_STRAIGHT > APPROACH_CORNER > TURN_90 > POST_TURN_BACKUP > POST_TURN_SCAN_HOLD > ACQUIRE_PILLAR > PASS_GREEN_LEFT > CONFIRM_PASSED > PILLAR_RECENTER > FOLLOW_STRAIGHT > ACQUIRE_PILLAR > PASS_RED_RIGHT > CONFIRM_PASSED > PILLAR_RECENTER > FOLLOW_STRAIGHT > APPROACH_CORNER > TURN_90 > POST_TURN_BACKUP > COMPLETE
round2_run_20260919_190131_515338.csv,20260919,190131,PARKING_EXIT_DIRECTION,COMPLETE,12.0,0.282,171.8,190.094,25,,PARKING_EXIT_DIRECTION > PARKING_EXIT_ARC_1 > PARKING_EXIT_ARC_2 > PARKING_EXIT_ARC_3 > PARKING_EXIT_FORWARD_ALIGN > PARKING_EXIT_REVERSE_VIEW > FOLLOW_STRAIGHT > ACQUIRE_PILLAR > PASS_RED_RIGHT > CONFIRM_PASSED > PILLAR_RECENTER > FOLLOW_STRAIGHT > ACQUIRE_PILLAR > PASS_GREEN_LEFT > CONFIRM_PASSED > PILLAR_RECENTER > APPROACH_CORNER > TURN_90 > POST_TURN_BACKUP > POST_TURN_SCAN_HOLD > ACQUIRE_PILLAR > PASS_GREEN_LEFT > CONFIRM_PASSED > PILLAR_RECENTER > FOLLOW_STRAIGHT > ACQUIRE_PILLAR > PASS_RED_RIGHT > CONFIRM_PASSED > PILLAR_RECENTER > FOLLOW_STRAIGHT > APPROACH_CORNER > TURN_90 > POST_TURN_BACKUP > POST_TURN_SCAN_HOLD > ACQUIRE_PILLAR > PASS_RED_RIGHT > CONFIRM_PASSED > PILLAR_RECENTER > FOLLOW_STRAIGHT > ACQUIRE_PILLAR > PASS_RED_RIGHT > CONFIRM_PASSED > PILLAR_RECENTER > FOLLOW_STRAIGHT > APPROACH_CORNER > TURN_90 > POST_TURN_BACKUP > POST_TURN_SCAN_HOLD > ACQUIRE_PILLAR > PASS_RED_RIGHT > CONFIRM_PASSED > PILLAR_RECENTER > FOLLOW_STRAIGHT > ACQUIRE_PILLAR > PASS_GREEN_LEFT > CONFIRM_PASSED > PILLAR_RECENTER > FOLLOW_STRAIGHT > APPROACH_CORNER > TURN_90 > POST_TURN_BACKUP > POST_TURN_SCAN_HOLD > ACQUIRE_PILLAR > PASS_RED_RIGHT > CONFIRM_PASSED > PILLAR_RECENTER > FOLLOW_STRAIGHT > ACQUIRE_PILLAR > PASS_RED_RIGHT > CONFIRM_PASSED > PILLAR_RECENTER > FOLLOW_STRAIGHT > APPROACH_CORNER > TURN_90 > POST_TURN_BACKUP > POST_TURN_SCAN_HOLD > ACQUIRE_PILLAR > PASS_GREEN_LEFT > CONFIRM_PASSED > PILLAR_RECENTER > FOLLOW_STRAIGHT > ACQUIRE_PILLAR > PASS_RED_RIGHT > CONFIRM_PASSED > PILLAR_RECENTER > FOLLOW_STRAIGHT > APPROACH_CORNER > TURN_90 > POST_TURN_BACKUP > POST_TURN_SCAN_HOLD > ACQUIRE_PILLAR > PASS_RED_RIGHT > CONFIRM_PASSED > PILLAR_RECENTER > FOLLOW_STRAIGHT > ACQUIRE_PILLAR > PASS_RED_RIGHT > CONFIRM_PASSED > PILLAR_RECENTER > FOLLOW_STRAIGHT > APPROACH_CORNER > TURN_90 > POST_TURN_BACKUP > POST_TURN_SCAN_HOLD > ACQUIRE_PILLAR > PASS_RED_RIGHT > CONFIRM_PASSED > PILLAR_RECENTER > FOLLOW_STRAIGHT > ACQUIRE_PILLAR > PASS_GREEN_LEFT > CONFIRM_PASSED > PILLAR_RECENTER > FOLLOW_STRAIGHT > APPROACH_CORNER > TURN_90 > POST_TURN_BACKUP > POST_TURN_SCAN_HOLD > ACQUIRE_PILLAR > PASS_RED_RIGHT > CONFIRM_PASSED > PILLAR_RECENTER > FOLLOW_STRAIGHT > ACQUIRE_PILLAR > PASS_RED_RIGHT > CONFIRM_PASSED > PILLAR_RECENTER > FOLLOW_STRAIGHT > APPROACH_CORNER > TURN_90 > POST_TURN_BACKUP > POST_TURN_SCAN_HOLD > ACQUIRE_PILLAR > PASS_GREEN_LEFT > CONFIRM_PASSED > PILLAR_RECENTER > FOLLOW_STRAIGHT > ACQUIRE_PILLAR > PASS_RED_RIGHT > CONFIRM_PASSED > EMERGENCY_ESCAPE > DEEP_REVERSE_RECOVERY > HARD_STOP_RELEASE > DEEP_REVERSE_RECOVERY > PASS_RED_RIGHT > CONFIRM_PASSED > PILLAR_RECENTER > FOLLOW_STRAIGHT > APPROACH_CORNER > TURN_90 > POST_TURN_BACKUP > POST_TURN_SCAN_HOLD > ACQUIRE_PILLAR > PASS_RED_RIGHT > CONFIRM_PASSED > PILLAR_RECENTER > FOLLOW_STRAIGHT > ACQUIRE_PILLAR > PASS_RED_RIGHT > CONFIRM_PASSED > PILLAR_RECENTER > APPROACH_CORNER > TURN_90 > POST_TURN_BACKUP > POST_TURN_SCAN_HOLD > ACQUIRE_PILLAR > FOLLOW_STRAIGHT > ACQUIRE_PILLAR > EMERGENCY_ESCAPE > ACQUIRE_PILLAR > FOLLOW_STRAIGHT > ACQUIRE_PILLAR > FOLLOW_STRAIGHT > ACQUIRE_PILLAR > PASS_GREEN_LEFT > CONFIRM_PASSED > PILLAR_RECENTER > FOLLOW_STRAIGHT > APPROACH_CORNER > TURN_90 > PARKING_ENTRY_SEARCH > ACQUIRE_PILLAR > PASS_RED_RIGHT > CONFIRM_PASSED > PARKING_BLOCK_SEARCH > PARKING_IN_ENTER > COMPLETE
round2_run_20260919_191318_699015.csv,20260919,191318,PARKING_EXIT_DIRECTION,COMPLETE,12.0,0.281,184.1,200.125,28,,PARKING_EXIT_DIRECTION > PARKING_EXIT_ARC_1 > PARKING_EXIT_ARC_2 > PARKING_EXIT_ARC_3 > PARKING_EXIT_FORWARD_ALIGN > PARKING_EXIT_REVERSE_VIEW > FOLLOW_STRAIGHT > ACQUIRE_PILLAR > PASS_RED_RIGHT > CONFIRM_PASSED > PASS_RED_RIGHT > CONFIRM_PASSED > PILLAR_RECENTER > FOLLOW_STRAIGHT > ACQUIRE_PILLAR > PASS_GREEN_LEFT > CONFIRM_PASSED > PILLAR_RECENTER > APPROACH_CORNER > TURN_90 > POST_TURN_BACKUP > POST_TURN_SCAN_HOLD > ACQUIRE_PILLAR > PASS_GREEN_LEFT > CONFIRM_PASSED > PILLAR_RECENTER > FOLLOW_STRAIGHT > ACQUIRE_PILLAR > PASS_RED_RIGHT > CONFIRM_PASSED > PILLAR_RECENTER > FOLLOW_STRAIGHT > APPROACH_CORNER > TURN_90 > POST_TURN_BACKUP > POST_TURN_SCAN_HOLD > ACQUIRE_PILLAR > PASS_RED_RIGHT > CONFIRM_PASSED > PILLAR_RECENTER > FOLLOW_STRAIGHT > ACQUIRE_PILLAR > PASS_RED_RIGHT > CONFIRM_PASSED > PILLAR_RECENTER > APPROACH_CORNER > TURN_90 > POST_TURN_BACKUP > POST_TURN_SCAN_HOLD > ACQUIRE_PILLAR > PASS_RED_RIGHT > EMERGENCY_ESCAPE > PASS_RED_RIGHT > CONFIRM_PASSED > PILLAR_RECENTER > FOLLOW_STRAIGHT > ACQUIRE_PILLAR > PASS_GREEN_LEFT > CONFIRM_PASSED > PILLAR_RECENTER > FOLLOW_STRAIGHT > APPROACH_CORNER > TURN_90 > POST_TURN_BACKUP > POST_TURN_SCAN_HOLD > ACQUIRE_PILLAR > PASS_RED_RIGHT > CONFIRM_PASSED > PILLAR_RECENTER > FOLLOW_STRAIGHT > ACQUIRE_PILLAR > PASS_RED_RIGHT > CONFIRM_PASSED > PILLAR_RECENTER > APPROACH_CORNER > TURN_90 > POST_TURN_BACKUP > POST_TURN_SCAN_HOLD > ACQUIRE_PILLAR > PASS_GREEN_LEFT > CONFIRM_PASSED > PILLAR_RECENTER > FOLLOW_STRAIGHT > ACQUIRE_PILLAR > PASS_RED_RIGHT > CONFIRM_PASSED > PILLAR_RECENTER > FOLLOW_STRAIGHT > APPROACH_CORNER > TURN_90 > POST_TURN_BACKUP > POST_TURN_SCAN_HOLD > ACQUIRE_PILLAR > PASS_RED_RIGHT > CONFIRM_PASSED > PILLAR_RECENTER > FOLLOW_STRAIGHT > ACQUIRE_PILLAR > PASS_RED_RIGHT > CONFIRM_PASSED > PASS_RED_RIGHT > CONFIRM_PASSED > PILLAR_RECENTER > APPROACH_CORNER > TURN_90 > POST_TURN_BACKUP > POST_TURN_SCAN_HOLD > ACQUIRE_PILLAR > PASS_RED_RIGHT > CONFIRM_PASSED > PILLAR_RECENTER > FOLLOW_STRAIGHT > ACQUIRE_PILLAR > PASS_GREEN_LEFT > CONFIRM_PASSED > PILLAR_RECENTER > FOLLOW_STRAIGHT > APPROACH_CORNER > TURN_90 > POST_TURN_BACKUP > POST_TURN_SCAN_HOLD > ACQUIRE_PILLAR > PASS_RED_RIGHT > CONFIRM_PASSED > PILLAR_RECENTER > FOLLOW_STRAIGHT > ACQUIRE_PILLAR > PASS_GREEN_LEFT > CONFIRM_PASSED > PILLAR_RECENTER > APPROACH_CORNER > TURN_90 > POST_TURN_BACKUP > POST_TURN_SCAN_HOLD > ACQUIRE_PILLAR > PASS_GREEN_LEFT > CONFIRM_PASSED > PILLAR_RECENTER > FOLLOW_STRAIGHT > ACQUIRE_PILLAR > PASS_RED_RIGHT > CONFIRM_PASSED > EMERGENCY_ESCAPE > DEEP_REVERSE_RECOVERY > HARD_STOP_RELEASE > DEEP_REVERSE_RECOVERY > PASS_RED_RIGHT > CONFIRM_PASSED > PILLAR_RECENTER > FOLLOW_STRAIGHT > HARD_STOP_RELEASE > REASSESS_FRONT > EMERGENCY_ESCAPE > FOLLOW_STRAIGHT > APPROACH_CORNER > TURN_90 > POST_TURN_BACKUP > POST_TURN_SCAN_HOLD > ACQUIRE_PILLAR > PASS_RED_RIGHT > CONFIRM_PASSED > PILLAR_RECENTER > FOLLOW_STRAIGHT > ACQUIRE_PILLAR > PASS_RED_RIGHT > CONFIRM_PASSED > PILLAR_RECENTER > APPROACH_CORNER > TURN_90 > POST_TURN_BACKUP > POST_TURN_SCAN_HOLD > ACQUIRE_PILLAR > FOLLOW_STRAIGHT > ACQUIRE_PILLAR > PASS_RED_RIGHT > CONFIRM_PASSED > PILLAR_RECENTER > FOLLOW_STRAIGHT > ACQUIRE_PILLAR > PASS_RED_RIGHT > EMERGENCY_ESCAPE > PASS_RED_RIGHT > CONFIRM_PASSED > PILLAR_RECENTER > APPROACH_CORNER > TURN_90 > PARKING_ENTRY_SEARCH > ACQUIRE_PILLAR > PASS_RED_RIGHT > CONFIRM_PASSED > PARKING_BLOCK_SEARCH > PARKING_IN_ENTER > COMPLETE
round2_run_20260919_192712_727123.csv,20260919,192712,PARKING_EXIT_DIRECTION,COMPLETE,12.0,0.25,154.1,184.031,27,,PARKING_EXIT_DIRECTION > PARKING_EXIT_ARC_1 > PARKING_EXIT_ARC_2 > PARKING_EXIT_ARC_3 > PARKING_EXIT_FORWARD_ALIGN > PARKING_EXIT_REVERSE_VIEW > FOLLOW_STRAIGHT > ACQUIRE_PILLAR > PASS_RED_RIGHT > CONFIRM_PASSED > PILLAR_RECENTER > FOLLOW_STRAIGHT > ACQUIRE_PILLAR > PASS_GREEN_LEFT > CONFIRM_PASSED > PILLAR_RECENTER > FOLLOW_STRAIGHT > APPROACH_CORNER > TURN_90 > POST_TURN_BACKUP > POST_TURN_SCAN_HOLD > ACQUIRE_PILLAR > PASS_GREEN_LEFT > CONFIRM_PASSED > PILLAR_RECENTER > FOLLOW_STRAIGHT > ACQUIRE_PILLAR > PASS_RED_RIGHT > CONFIRM_PASSED > PILLAR_RECENTER > FOLLOW_STRAIGHT > APPROACH_CORNER > TURN_90 > POST_TURN_BACKUP > POST_TURN_SCAN_HOLD > ACQUIRE_PILLAR > PASS_RED_RIGHT > CONFIRM_PASSED > PILLAR_RECENTER > FOLLOW_STRAIGHT > ACQUIRE_PILLAR > PASS_RED_RIGHT > CONFIRM_PASSED > PILLAR_RECENTER > APPROACH_CORNER > TURN_90 > POST_TURN_BACKUP > POST_TURN_SCAN_HOLD > ACQUIRE_PILLAR > PASS_RED_RIGHT > CONFIRM_PASSED > PILLAR_RECENTER > FOLLOW_STRAIGHT > ACQUIRE_PILLAR > PASS_GREEN_LEFT > CONFIRM_PASSED > PILLAR_RECENTER > FOLLOW_STRAIGHT > APPROACH_CORNER > TURN_90 > POST_TURN_BACKUP > POST_TURN_SCAN_HOLD > ACQUIRE_PILLAR > PASS_RED_RIGHT > CONFIRM_PASSED > PILLAR_RECENTER > FOLLOW_STRAIGHT > ACQUIRE_PILLAR > PASS_RED_RIGHT > CONFIRM_PASSED > PILLAR_RECENTER > APPROACH_CORNER > TURN_90 > POST_TURN_BACKUP > POST_TURN_SCAN_HOLD > ACQUIRE_PILLAR > PASS_GREEN_LEFT > CONFIRM_PASSED > PILLAR_RECENTER > FOLLOW_STRAIGHT > ACQUIRE_PILLAR > PASS_RED_RIGHT > CONFIRM_PASSED > PILLAR_RECENTER > FOLLOW_STRAIGHT > APPROACH_CORNER > TURN_90 > POST_TURN_BACKUP > POST_TURN_SCAN_HOLD > RECENTER > FOLLOW_STRAIGHT > ACQUIRE_PILLAR > PASS_RED_RIGHT > CONFIRM_PASSED > PILLAR_RECENTER > FOLLOW_STRAIGHT > ACQUIRE_PILLAR > PASS_RED_RIGHT > CONFIRM_PASSED > PASS_RED_RIGHT > CONFIRM_PASSED > PASS_RED_RIGHT > CONFIRM_PASSED > PILLAR_RECENTER > FOLLOW_STRAIGHT > APPROACH_CORNER > TURN_90 > POST_TURN_BACKUP > POST_TURN_SCAN_HOLD > ACQUIRE_PILLAR > PASS_GREEN_LEFT > CONFIRM_PASSED > PILLAR_RECENTER > FOLLOW_STRAIGHT > ACQUIRE_PILLAR > PASS_GREEN_LEFT > CONFIRM_PASSED > PILLAR_RECENTER > FOLLOW_STRAIGHT > APPROACH_CORNER > TURN_90 > POST_TURN_BACKUP > POST_TURN_SCAN_HOLD > ACQUIRE_PILLAR > PASS_RED_RIGHT > CONFIRM_PASSED > PILLAR_RECENTER > FOLLOW_STRAIGHT > ACQUIRE_PILLAR > FOLLOW_STRAIGHT > ACQUIRE_PILLAR > FOLLOW_STRAIGHT > ACQUIRE_PILLAR > PASS_RED_RIGHT > CONFIRM_PASSED > PILLAR_RECENTER > FOLLOW_STRAIGHT > APPROACH_CORNER > TURN_90 > POST_TURN_BACKUP > POST_TURN_SCAN_HOLD > ACQUIRE_PILLAR > PASS_GREEN_LEFT > CONFIRM_PASSED > PILLAR_RECENTER > FOLLOW_STRAIGHT > ACQUIRE_PILLAR > PASS_RED_RIGHT > CONFIRM_PASSED > PILLAR_RECENTER > FOLLOW_STRAIGHT > APPROACH_CORNER > TURN_90 > POST_TURN_BACKUP > POST_TURN_SCAN_HOLD > ACQUIRE_PILLAR > FOLLOW_STRAIGHT > ACQUIRE_PILLAR > PASS_RED_RIGHT > CONFIRM_PASSED > PILLAR_RECENTER > FOLLOW_STRAIGHT > ACQUIRE_PILLAR > PASS_RED_RIGHT > CONFIRM_PASSED > PILLAR_RECENTER > FOLLOW_STRAIGHT > APPROACH_CORNER > TURN_90 > POST_TURN_BACKUP > POST_TURN_SCAN_HOLD > ACQUIRE_PILLAR > FOLLOW_STRAIGHT > ACQUIRE_PILLAR > PASS_RED_RIGHT > CONFIRM_PASSED > PILLAR_RECENTER > FOLLOW_STRAIGHT > ACQUIRE_PILLAR > PASS_GREEN_LEFT > CONFIRM_PASSED > PILLAR_RECENTER > FOLLOW_STRAIGHT > APPROACH_CORNER > TURN_90 > PARKING_ENTRY_SEARCH > ACQUIRE_PILLAR > PASS_RED_RIGHT > CONFIRM_PASSED > PARKING_BLOCK_SEARCH > PARKING_IN_ENTER > PARKING_IN_FINAL_REVERSE > PARKING_IN_FINAL_REVERSE_STOP > PARKING_IN_FINAL_FORWARD > COMPLETE
round2_run_20260919_193301_394667.csv,20260919,193301,PARKING_EXIT_DIRECTION,COMPLETE,12.0,0.297,156.2,181.735,25,,PARKING_EXIT_DIRECTION > PARKING_EXIT_ARC_1 > PARKING_EXIT_ARC_2 > PARKING_EXIT_ARC_3 > PARKING_EXIT_FORWARD_ALIGN > PARKING_EXIT_REVERSE_VIEW > FOLLOW_STRAIGHT > ACQUIRE_PILLAR > PASS_RED_RIGHT > CONFIRM_PASSED > PILLAR_RECENTER > FOLLOW_STRAIGHT > ACQUIRE_PILLAR > PASS_GREEN_LEFT > CONFIRM_PASSED > PILLAR_RECENTER > APPROACH_CORNER > TURN_90 > POST_TURN_BACKUP > POST_TURN_SCAN_HOLD > ACQUIRE_PILLAR > PASS_GREEN_LEFT > CONFIRM_PASSED > PILLAR_RECENTER > FOLLOW_STRAIGHT > ACQUIRE_PILLAR > PASS_RED_RIGHT > CONFIRM_PASSED > PILLAR_RECENTER > FOLLOW_STRAIGHT > APPROACH_CORNER > TURN_90 > POST_TURN_BACKUP > POST_TURN_SCAN_HOLD > ACQUIRE_PILLAR > PASS_RED_RIGHT > CONFIRM_PASSED > PILLAR_RECENTER > FOLLOW_STRAIGHT > ACQUIRE_PILLAR > PASS_RED_RIGHT > CONFIRM_PASSED > PILLAR_RECENTER > APPROACH_CORNER > TURN_90 > POST_TURN_BACKUP > POST_TURN_SCAN_HOLD > ACQUIRE_PILLAR > PASS_RED_RIGHT > CONFIRM_PASSED > PILLAR_RECENTER > FOLLOW_STRAIGHT > ACQUIRE_PILLAR > PASS_GREEN_LEFT > CONFIRM_PASSED > PILLAR_RECENTER > FOLLOW_STRAIGHT > APPROACH_CORNER > TURN_90 > POST_TURN_BACKUP > POST_TURN_SCAN_HOLD > ACQUIRE_PILLAR > PASS_RED_RIGHT > CONFIRM_PASSED > PILLAR_RECENTER > FOLLOW_STRAIGHT > ACQUIRE_PILLAR > FOLLOW_STRAIGHT > ACQUIRE_PILLAR > PASS_RED_RIGHT > CONFIRM_PASSED > PILLAR_RECENTER > FOLLOW_STRAIGHT > APPROACH_CORNER > TURN_90 > POST_TURN_BACKUP > POST_TURN_SCAN_HOLD > ACQUIRE_PILLAR > PASS_GREEN_LEFT > CONFIRM_PASSED > PILLAR_RECENTER > FOLLOW_STRAIGHT > ACQUIRE_PILLAR > PASS_RED_RIGHT > CONFIRM_PASSED > PILLAR_RECENTER > FOLLOW_STRAIGHT > APPROACH_CORNER > TURN_90 > POST_TURN_BACKUP > POST_TURN_SCAN_HOLD > ACQUIRE_PILLAR > PASS_RED_RIGHT > CONFIRM_PASSED > PILLAR_RECENTER > FOLLOW_STRAIGHT > ACQUIRE_PILLAR > PASS_RED_RIGHT > CONFIRM_PASSED > PILLAR_RECENTER > APPROACH_CORNER > TURN_90 > POST_TURN_BACKUP > POST_TURN_SCAN_HOLD > ACQUIRE_PILLAR > PASS_RED_RIGHT > CONFIRM_PASSED > PILLAR_RECENTER > FOLLOW_STRAIGHT > ACQUIRE_PILLAR > PASS_GREEN_LEFT > CONFIRM_PASSED > PILLAR_RECENTER > FOLLOW_STRAIGHT > APPROACH_CORNER > TURN_90 > POST_TURN_BACKUP > POST_TURN_SCAN_HOLD > ACQUIRE_PILLAR > PASS_RED_RIGHT > CONFIRM_PASSED > PILLAR_RECENTER > FOLLOW_STRAIGHT > ACQUIRE_PILLAR > PASS_RED_RIGHT > CONFIRM_PASSED > PILLAR_RECENTER > APPROACH_CORNER > TURN_90 > POST_TURN_BACKUP > POST_TURN_SCAN_HOLD > ACQUIRE_PILLAR > PASS_GREEN_LEFT > CONFIRM_PASSED > PILLAR_RECENTER > FOLLOW_STRAIGHT > ACQUIRE_PILLAR > PASS_RED_RIGHT > CONFIRM_PASSED > PILLAR_RECENTER > FOLLOW_STRAIGHT > APPROACH_CORNER > TURN_90 > POST_TURN_BACKUP > POST_TURN_SCAN_HOLD > ACQUIRE_PILLAR > PASS_RED_RIGHT > CONFIRM_PASSED > PILLAR_RECENTER > FOLLOW_STRAIGHT > ACQUIRE_PILLAR > PASS_RED_RIGHT > CONFIRM_PASSED > PILLAR_RECENTER > APPROACH_CORNER > TURN_90 > POST_TURN_BACKUP > POST_TURN_SCAN_HOLD > ACQUIRE_PILLAR > PASS_RED_RIGHT > CONFIRM_PASSED > PILLAR_RECENTER > FOLLOW_STRAIGHT > ACQUIRE_PILLAR > PASS_GREEN_LEFT > CONFIRM_PASSED > PILLAR_RECENTER > FOLLOW_STRAIGHT > APPROACH_CORNER > TURN_90 > PARKING_ENTRY_SEARCH > ACQUIRE_PILLAR > PASS_RED_RIGHT > CONFIRM_PASSED > PARKING_BLOCK_SEARCH > PARKING_IN_ENTER > PARKING_IN_FINAL_REVERSE > PARKING_IN_FINAL_REVERSE_STOP > PARKING_IN_FINAL_FORWARD > COMPLETE
round2_run_20260919_195331_306774.csv,20260919,195331,PARKING_EXIT_DIRECTION,FAULT,1.0,0.282,,36.344,2,corner clearance reverse made no reliable progress,PARKING_EXIT_DIRECTION > PARKING_EXIT_ARC_1 > PARKING_EXIT_ARC_2 > PARKING_EXIT_ARC_3 > PARKING_EXIT_FORWARD_ALIGN > PARKING_EXIT_REVERSE_VIEW > FOLLOW_STRAIGHT > ACQUIRE_PILLAR > FOLLOW_STRAIGHT > ACQUIRE_PILLAR > FOLLOW_STRAIGHT > APPROACH_CORNER > TURN_90 > POST_TURN_BACKUP > POST_TURN_SCAN_HOLD > ACQUIRE_PILLAR > PASS_GREEN_LEFT > CONFIRM_PASSED > PILLAR_RECENTER > FOLLOW_STRAIGHT > ACQUIRE_PILLAR > PASS_GREEN_LEFT > CONFIRM_PASSED > PILLAR_RECENTER > FOLLOW_STRAIGHT > HARD_STOP_RELEASE > REASSESS_FRONT > CORNER_CLEARANCE_RECOVERY > REASSESS_FRONT > CORNER_CLEARANCE_RECOVERY > REASSESS_FRONT > HARD_STOP_RELEASE > FOLLOW_STRAIGHT > REASSESS_FRONT > FOLLOW_STRAIGHT > HARD_STOP_RELEASE > REASSESS_FRONT > CORNER_CLEARANCE_RECOVERY > REASSESS_FRONT > FAULT
round2_run_20260919_195530_169084.csv,20260919,195530,PARKING_EXIT_DIRECTION,TURN_90,0.0,0.265,,20.468,0,,PARKING_EXIT_DIRECTION > PARKING_EXIT_ARC_1 > PARKING_EXIT_ARC_2 > PARKING_EXIT_ARC_3 > PARKING_EXIT_FORWARD_ALIGN > PARKING_EXIT_REVERSE_VIEW > FOLLOW_STRAIGHT > ACQUIRE_PILLAR > FOLLOW_STRAIGHT > ACQUIRE_PILLAR > FOLLOW_STRAIGHT > APPROACH_CORNER > FOLLOW_STRAIGHT > APPROACH_CORNER > TURN_90
round2_run_20260919_195700_702254.csv,20260919,195700,PARKING_EXIT_DIRECTION,COMPLETE,12.0,0.312,169.5,191.031,24,,PARKING_EXIT_DIRECTION > PARKING_EXIT_ARC_1 > PARKING_EXIT_ARC_2 > PARKING_EXIT_ARC_3 > PARKING_EXIT_FORWARD_ALIGN > PARKING_EXIT_REVERSE_VIEW > FOLLOW_STRAIGHT > ACQUIRE_PILLAR > PASS_RED_RIGHT > CONFIRM_PASSED > PILLAR_RECENTER > FOLLOW_STRAIGHT > ACQUIRE_PILLAR > PASS_GREEN_LEFT > CONFIRM_PASSED > PILLAR_RECENTER > APPROACH_CORNER > TURN_90 > POST_TURN_BACKUP > POST_TURN_SCAN_HOLD > ACQUIRE_PILLAR > PASS_GREEN_LEFT > CONFIRM_PASSED > PILLAR_RECENTER > FOLLOW_STRAIGHT > ACQUIRE_PILLAR > PASS_RED_RIGHT > CONFIRM_PASSED > PILLAR_RECENTER > FOLLOW_STRAIGHT > APPROACH_CORNER > TURN_90 > POST_TURN_BACKUP > POST_TURN_SCAN_HOLD > ACQUIRE_PILLAR > PASS_RED_RIGHT > CONFIRM_PASSED > PILLAR_RECENTER > FOLLOW_STRAIGHT > ACQUIRE_PILLAR > PASS_RED_RIGHT > CONFIRM_PASSED > PILLAR_RECENTER > APPROACH_CORNER > TURN_90 > POST_TURN_BACKUP > POST_TURN_SCAN_HOLD > ACQUIRE_PILLAR > PASS_RED_RIGHT > CONFIRM_PASSED > PILLAR_RECENTER > FOLLOW_STRAIGHT > ACQUIRE_PILLAR > PASS_GREEN_LEFT > CONFIRM_PASSED > PILLAR_RECENTER > FOLLOW_STRAIGHT > APPROACH_CORNER > TURN_90 > POST_TURN_BACKUP > POST_TURN_SCAN_HOLD > ACQUIRE_PILLAR > PASS_RED_RIGHT > CONFIRM_PASSED > PILLAR_RECENTER > FOLLOW_STRAIGHT > ACQUIRE_PILLAR > FOLLOW_STRAIGHT > HARD_STOP_RELEASE > REASSESS_FRONT > EMERGENCY_ESCAPE > DEEP_REVERSE_RECOVERY > REASSESS_FRONT > FOLLOW_STRAIGHT > HARD_STOP_RELEASE > REASSESS_FRONT > EMERGENCY_ESCAPE > DEEP_REVERSE_RECOVERY > REASSESS_FRONT > FOLLOW_STRAIGHT > APPROACH_CORNER > TURN_90 > POST_TURN_BACKUP > POST_TURN_SCAN_HOLD > ACQUIRE_PILLAR > PASS_GREEN_LEFT > CONFIRM_PASSED > PILLAR_RECENTER > FOLLOW_STRAIGHT > ACQUIRE_PILLAR > PASS_RED_RIGHT > CONFIRM_PASSED > PILLAR_RECENTER > FOLLOW_STRAIGHT > APPROACH_CORNER > TURN_90 > POST_TURN_BACKUP > POST_TURN_SCAN_HOLD > ACQUIRE_PILLAR > PASS_RED_RIGHT > CONFIRM_PASSED > PILLAR_RECENTER > FOLLOW_STRAIGHT > ACQUIRE_PILLAR > PASS_RED_RIGHT > CONFIRM_PASSED > PILLAR_RECENTER > APPROACH_CORNER > TURN_90 > POST_TURN_BACKUP > POST_TURN_SCAN_HOLD > ACQUIRE_PILLAR > PASS_RED_RIGHT > CONFIRM_PASSED > PILLAR_RECENTER > FOLLOW_STRAIGHT > ACQUIRE_PILLAR > PASS_GREEN_LEFT > CONFIRM_PASSED > PILLAR_RECENTER > FOLLOW_STRAIGHT > APPROACH_CORNER > TURN_90 > POST_TURN_BACKUP > POST_TURN_SCAN_HOLD > ACQUIRE_PILLAR > PASS_RED_RIGHT > CONFIRM_PASSED > PILLAR_RECENTER > FOLLOW_STRAIGHT > ACQUIRE_PILLAR > PASS_RED_RIGHT > CONFIRM_PASSED > PILLAR_RECENTER > APPROACH_CORNER > TURN_90 > POST_TURN_BACKUP > POST_TURN_SCAN_HOLD > ACQUIRE_PILLAR > PASS_GREEN_LEFT > CONFIRM_PASSED > PILLAR_RECENTER > FOLLOW_STRAIGHT > ACQUIRE_PILLAR > PASS_RED_RIGHT > CONFIRM_PASSED > PILLAR_RECENTER > FOLLOW_STRAIGHT > APPROACH_CORNER > TURN_90 > POST_TURN_BACKUP > POST_TURN_SCAN_HOLD > ACQUIRE_PILLAR > PASS_RED_RIGHT > CONFIRM_PASSED > PILLAR_RECENTER > FOLLOW_STRAIGHT > ACQUIRE_PILLAR > PASS_RED_RIGHT > CONFIRM_PASSED > PILLAR_RECENTER > APPROACH_CORNER > TURN_90 > POST_TURN_BACKUP > POST_TURN_SCAN_HOLD > ACQUIRE_PILLAR > PASS_RED_RIGHT > CONFIRM_PASSED > PILLAR_RECENTER > FOLLOW_STRAIGHT > ACQUIRE_PILLAR > PASS_GREEN_LEFT > CONFIRM_PASSED > PILLAR_RECENTER > FOLLOW_STRAIGHT > APPROACH_CORNER > TURN_90 > PARKING_ENTRY_SEARCH > ACQUIRE_PILLAR > PASS_RED_RIGHT > CONFIRM_PASSED > PARKING_BLOCK_SEARCH > PARKING_IN_ENTER > PARKING_IN_FINAL_REVERSE > PARKING_IN_FINAL_REVERSE_STOP > PARKING_IN_FINAL_FORWARD > COMPLETE
round2_run_20260919_201109_341485.csv,20260919,201109,PARKING_EXIT_DIRECTION,FAULT,1.0,0.265,,69.062,3,corner clearance reverse made no reliable progress,PARKING_EXIT_DIRECTION > PARKING_EXIT_ARC_1 > PARKING_EXIT_ARC_2 > PARKING_EXIT_ARC_3 > PARKING_EXIT_FORWARD_ALIGN > PARKING_EXIT_REVERSE_VIEW > FOLLOW_STRAIGHT > ACQUIRE_PILLAR > PASS_RED_RIGHT > CONFIRM_PASSED > PILLAR_RECENTER > FOLLOW_STRAIGHT > ACQUIRE_PILLAR > FOLLOW_STRAIGHT > ACQUIRE_PILLAR > FOLLOW_STRAIGHT > APPROACH_CORNER > TURN_90 > POST_TURN_BACKUP > POST_TURN_SCAN_HOLD > ACQUIRE_PILLAR > PASS_GREEN_LEFT > CONFIRM_PASSED > PILLAR_RECENTER > FOLLOW_STRAIGHT > ACQUIRE_PILLAR > PASS_GREEN_LEFT > CONFIRM_PASSED > PILLAR_RECENTER > FOLLOW_STRAIGHT > HARD_STOP_RELEASE > REASSESS_FRONT > CORNER_CLEARANCE_RECOVERY > REASSESS_FRONT > CORNER_CLEARANCE_RECOVERY > REASSESS_FRONT > FOLLOW_STRAIGHT > HARD_STOP_RELEASE > REASSESS_FRONT > CORNER_CLEARANCE_RECOVERY > REASSESS_FRONT > FAULT
round2_run_20260919_201313_487002.csv,20260919,201313,PARKING_EXIT_DIRECTION,FAULT,1.0,0.297,,33.531,2,corner clearance reverse made no reliable progress,PARKING_EXIT_DIRECTION > PARKING_EXIT_ARC_1 > PARKING_EXIT_ARC_2 > PARKING_EXIT_ARC_3 > PARKING_EXIT_FORWARD_ALIGN > PARKING_EXIT_REVERSE_VIEW > FOLLOW_STRAIGHT > ACQUIRE_PILLAR > FOLLOW_STRAIGHT > APPROACH_CORNER > TURN_90 > POST_TURN_BACKUP > POST_TURN_SCAN_HOLD > ACQUIRE_PILLAR > PASS_GREEN_LEFT > CONFIRM_PASSED > PILLAR_RECENTER > FOLLOW_STRAIGHT > ACQUIRE_PILLAR > PASS_GREEN_LEFT > CONFIRM_PASSED > PILLAR_RECENTER > FOLLOW_STRAIGHT > HARD_STOP_RELEASE > REASSESS_FRONT > CORNER_CLEARANCE_RECOVERY > REASSESS_FRONT > CORNER_CLEARANCE_RECOVERY > REASSESS_FRONT > CORNER_CLEARANCE_RECOVERY > REASSESS_FRONT > FOLLOW_STRAIGHT > HARD_STOP_RELEASE > REASSESS_FRONT > FAULT
round2_run_20260919_201813_939673.csv,20260919,201813,PARKING_EXIT_DIRECTION,APPROACH_CORNER,5.0,0.36,,81.36,12,,PARKING_EXIT_DIRECTION > PARKING_EXIT_ARC_1 > PARKING_EXIT_ARC_2 > PARKING_EXIT_ARC_3 > PARKING_EXIT_FORWARD_ALIGN > PARKING_EXIT_REVERSE_VIEW > FOLLOW_STRAIGHT > ACQUIRE_PILLAR > PASS_RED_RIGHT > CONFIRM_PASSED > PILLAR_RECENTER > FOLLOW_STRAIGHT > APPROACH_CORNER > TURN_90 > POST_TURN_BACKUP > POST_TURN_SCAN_HOLD > ACQUIRE_PILLAR > PASS_GREEN_LEFT > CONFIRM_PASSED > PILLAR_RECENTER > FOLLOW_STRAIGHT > ACQUIRE_PILLAR > FOLLOW_STRAIGHT > ACQUIRE_PILLAR > PASS_RED_RIGHT > CONFIRM_PASSED > PILLAR_RECENTER > FOLLOW_STRAIGHT > APPROACH_CORNER > TURN_90 > POST_TURN_BACKUP > POST_TURN_SCAN_HOLD > ACQUIRE_PILLAR > PASS_RED_RIGHT > CONFIRM_PASSED > PILLAR_RECENTER > FOLLOW_STRAIGHT > ACQUIRE_PILLAR > PASS_RED_RIGHT > CONFIRM_PASSED > PILLAR_RECENTER > APPROACH_CORNER > TURN_90 > POST_TURN_BACKUP > POST_TURN_SCAN_HOLD > ACQUIRE_PILLAR > PASS_RED_RIGHT > CONFIRM_PASSED > PILLAR_RECENTER > FOLLOW_STRAIGHT > ACQUIRE_PILLAR > PASS_GREEN_LEFT > CONFIRM_PASSED > PILLAR_RECENTER > FOLLOW_STRAIGHT > APPROACH_CORNER > TURN_90 > POST_TURN_BACKUP > POST_TURN_SCAN_HOLD > ACQUIRE_PILLAR > PASS_RED_RIGHT > CONFIRM_PASSED > PILLAR_RECENTER > FOLLOW_STRAIGHT > ACQUIRE_PILLAR > PASS_RED_RIGHT > CONFIRM_PASSED > PILLAR_RECENTER > FOLLOW_STRAIGHT > APPROACH_CORNER > TURN_90 > POST_TURN_BACKUP > POST_TURN_SCAN_HOLD > ACQUIRE_PILLAR > PASS_GREEN_LEFT > CONFIRM_PASSED > PILLAR_RECENTER > FOLLOW_STRAIGHT > ACQUIRE_PILLAR > PASS_RED_RIGHT > CONFIRM_PASSED > PASS_RED_RIGHT > EMERGENCY_ESCAPE > DEEP_REVERSE_RECOVERY > HARD_STOP_RELEASE > PASS_RED_RIGHT > CONFIRM_PASSED > PILLAR_RECENTER > FOLLOW_STRAIGHT > APPROACH_CORNER
round2_run_20260919_202047_926953.csv,20260919,202047,PARKING_EXIT_DIRECTION,FOLLOW_STRAIGHT,1.0,0.297,,47.656,2,,PARKING_EXIT_DIRECTION > PARKING_EXIT_ARC_1 > PARKING_EXIT_ARC_2 > PARKING_EXIT_ARC_3 > PARKING_EXIT_FORWARD_ALIGN > PARKING_EXIT_REVERSE_VIEW > FOLLOW_STRAIGHT > ACQUIRE_PILLAR > FOLLOW_STRAIGHT > ACQUIRE_PILLAR > FOLLOW_STRAIGHT > APPROACH_CORNER > TURN_90 > POST_TURN_BACKUP > POST_TURN_SCAN_HOLD > ACQUIRE_PILLAR > PASS_GREEN_LEFT > CONFIRM_PASSED > PILLAR_RECENTER > FOLLOW_STRAIGHT > ACQUIRE_PILLAR > PASS_GREEN_LEFT > CONFIRM_PASSED > PILLAR_RECENTER > FOLLOW_STRAIGHT > HARD_STOP_RELEASE > REASSESS_FRONT > EMERGENCY_ESCAPE > DEEP_REVERSE_RECOVERY > REASSESS_FRONT > FOLLOW_STRAIGHT > HARD_STOP_RELEASE > REASSESS_FRONT > EMERGENCY_ESCAPE > DEEP_REVERSE_RECOVERY > REASSESS_FRONT > FOLLOW_STRAIGHT > HARD_STOP_RELEASE > REASSESS_FRONT > EMERGENCY_ESCAPE > DEEP_REVERSE_RECOVERY > REASSESS_FRONT > FOLLOW_STRAIGHT > HARD_STOP_RELEASE > REASSESS_FRONT > EMERGENCY_ESCAPE > FOLLOW_STRAIGHT > HARD_STOP_RELEASE > REASSESS_FRONT > FOLLOW_STRAIGHT > HARD_STOP_RELEASE > REASSESS_FRONT > EMERGENCY_ESCAPE > FOLLOW_STRAIGHT
round2_run_20260919_202255_659340.csv,20260919,202255,PARKING_EXIT_DIRECTION,COMPLETE,12.0,0.281,181.1,205.156,23,,PARKING_EXIT_DIRECTION > PARKING_EXIT_ARC_1 > PARKING_EXIT_ARC_2 > PARKING_EXIT_ARC_3 > PARKING_EXIT_FORWARD_ALIGN > PARKING_EXIT_REVERSE_VIEW > FOLLOW_STRAIGHT > ACQUIRE_PILLAR > PASS_RED_RIGHT > CONFIRM_PASSED > PILLAR_RECENTER > FOLLOW_STRAIGHT > APPROACH_CORNER > TURN_90 > POST_TURN_BACKUP > POST_TURN_SCAN_HOLD > ACQUIRE_PILLAR > PASS_RED_RIGHT > CONFIRM_PASSED > PILLAR_RECENTER > HARD_STOP_RELEASE > REASSESS_FRONT > EMERGENCY_ESCAPE > DEEP_REVERSE_RECOVERY > REASSESS_FRONT > HARD_STOP_RELEASE > REASSESS_FRONT > HARD_STOP_RELEASE > REASSESS_FRONT > HARD_STOP_RELEASE > REASSESS_FRONT > ACQUIRE_PILLAR > FOLLOW_STRAIGHT > ACQUIRE_PILLAR > PASS_RED_RIGHT > CONFIRM_PASSED > PILLAR_RECENTER > FOLLOW_STRAIGHT > APPROACH_CORNER > TURN_90 > POST_TURN_BACKUP > POST_TURN_SCAN_HOLD > ACQUIRE_PILLAR > PASS_RED_RIGHT > CONFIRM_PASSED > PILLAR_RECENTER > FOLLOW_STRAIGHT > ACQUIRE_PILLAR > PASS_GREEN_LEFT > CONFIRM_PASSED > PILLAR_RECENTER > FOLLOW_STRAIGHT > APPROACH_CORNER > TURN_90 > POST_TURN_BACKUP > POST_TURN_SCAN_HOLD > ACQUIRE_PILLAR > PASS_RED_RIGHT > CONFIRM_PASSED > PILLAR_RECENTER > FOLLOW_STRAIGHT > ACQUIRE_PILLAR > PASS_GREEN_LEFT > CONFIRM_PASSED > PILLAR_RECENTER > FOLLOW_STRAIGHT > APPROACH_CORNER > TURN_90 > POST_TURN_BACKUP > POST_TURN_SCAN_HOLD > ACQUIRE_PILLAR > PASS_RED_RIGHT > CONFIRM_PASSED > PILLAR_RECENTER > FOLLOW_STRAIGHT > ACQUIRE_PILLAR > PASS_GREEN_LEFT > CONFIRM_PASSED > PILLAR_RECENTER > FOLLOW_STRAIGHT > APPROACH_CORNER > TURN_90 > POST_TURN_BACKUP > POST_TURN_SCAN_HOLD > ACQUIRE_PILLAR > PASS_RED_RIGHT > CONFIRM_PASSED > PILLAR_RECENTER > HARD_STOP_RELEASE > REASSESS_FRONT > EMERGENCY_ESCAPE > DEEP_REVERSE_RECOVERY > REASSESS_FRONT > ACQUIRE_PILLAR > PASS_RED_RIGHT > CONFIRM_PASSED > PILLAR_RECENTER > FOLLOW_STRAIGHT > APPROACH_CORNER > TURN_90 > POST_TURN_BACKUP > POST_TURN_SCAN_HOLD > ACQUIRE_PILLAR > PASS_RED_RIGHT > CONFIRM_PASSED > PILLAR_RECENTER > FOLLOW_STRAIGHT > ACQUIRE_PILLAR > PASS_RED_RIGHT > CONFIRM_PASSED > PILLAR_RECENTER > APPROACH_CORNER > TURN_90 > POST_TURN_BACKUP > POST_TURN_SCAN_HOLD > ACQUIRE_PILLAR > PASS_GREEN_LEFT > CONFIRM_PASSED > PILLAR_RECENTER > FOLLOW_STRAIGHT > ACQUIRE_PILLAR > EMERGENCY_ESCAPE > ACQUIRE_PILLAR > FOLLOW_STRAIGHT > ACQUIRE_PILLAR > FOLLOW_STRAIGHT > ACQUIRE_PILLAR > PASS_GREEN_LEFT > CONFIRM_PASSED > PILLAR_RECENTER > HARD_STOP_RELEASE > REASSESS_FRONT > EMERGENCY_ESCAPE > DEEP_REVERSE_RECOVERY > REASSESS_FRONT > FOLLOW_STRAIGHT > APPROACH_CORNER > TURN_90 > POST_TURN_BACKUP > POST_TURN_SCAN_HOLD > ACQUIRE_PILLAR > PASS_RED_RIGHT > CONFIRM_PASSED > PILLAR_RECENTER > FOLLOW_STRAIGHT > ACQUIRE_PILLAR > PASS_GREEN_LEFT > CONFIRM_PASSED > PILLAR_RECENTER > FOLLOW_STRAIGHT > APPROACH_CORNER > TURN_90 > POST_TURN_BACKUP > POST_TURN_SCAN_HOLD > ACQUIRE_PILLAR > PASS_RED_RIGHT > CONFIRM_PASSED > PILLAR_RECENTER > FOLLOW_STRAIGHT > ACQUIRE_PILLAR > PASS_RED_RIGHT > CONFIRM_PASSED > PILLAR_RECENTER > APPROACH_CORNER > TURN_90 > POST_TURN_BACKUP > POST_TURN_SCAN_HOLD > ACQUIRE_PILLAR > PASS_RED_RIGHT > CONFIRM_PASSED > PILLAR_RECENTER > FOLLOW_STRAIGHT > ACQUIRE_PILLAR > PASS_RED_RIGHT > CONFIRM_PASSED > PILLAR_RECENTER > APPROACH_CORNER > TURN_90 > POST_TURN_BACKUP > POST_TURN_SCAN_HOLD > ACQUIRE_PILLAR > PASS_GREEN_LEFT > CONFIRM_PASSED > PILLAR_RECENTER > FOLLOW_STRAIGHT > ACQUIRE_PILLAR > EMERGENCY_ESCAPE > ACQUIRE_PILLAR > FOLLOW_STRAIGHT > ACQUIRE_PILLAR > EMERGENCY_ESCAPE > ACQUIRE_PILLAR > FOLLOW_STRAIGHT > ACQUIRE_PILLAR > FOLLOW_STRAIGHT > HARD_STOP_RELEASE > REASSESS_FRONT > EMERGENCY_ESCAPE > DEEP_REVERSE_RECOVERY > REASSESS_FRONT > FOLLOW_STRAIGHT > APPROACH_CORNER > TURN_90 > PARKING_ENTRY_SEARCH > ACQUIRE_PILLAR > PASS_RED_RIGHT > CONFIRM_PASSED > PARKING_BLOCK_SEARCH > PARKING_IN_ENTER > PARKING_IN_FINAL_REVERSE > PARKING_IN_FINAL_REVERSE_STOP > PARKING_IN_FINAL_FORWARD > COMPLETE
round2_run_20260919_202810_711630.csv,20260919,202810,PARKING_EXIT_DIRECTION,APPROACH_CORNER,3.0,0.281,,58.453,6,,PARKING_EXIT_DIRECTION > PARKING_EXIT_ARC_1 > PARKING_EXIT_ARC_2 > PARKING_EXIT_ARC_3 > PARKING_EXIT_FORWARD_ALIGN > PARKING_EXIT_REVERSE_VIEW > FOLLOW_STRAIGHT > ACQUIRE_PILLAR > PASS_RED_RIGHT > CONFIRM_PASSED > PILLAR_RECENTER > FOLLOW_STRAIGHT > APPROACH_CORNER > TURN_90 > POST_TURN_BACKUP > POST_TURN_SCAN_HOLD > ACQUIRE_PILLAR > PASS_RED_RIGHT > CONFIRM_PASSED > PILLAR_RECENTER > HARD_STOP_RELEASE > REASSESS_FRONT > EMERGENCY_ESCAPE > DEEP_REVERSE_RECOVERY > REASSESS_FRONT > ACQUIRE_PILLAR > PASS_RED_RIGHT > CONFIRM_PASSED > PILLAR_RECENTER > FOLLOW_STRAIGHT > HARD_STOP_RELEASE > REASSESS_FRONT > EMERGENCY_ESCAPE > FOLLOW_STRAIGHT > APPROACH_CORNER > TURN_90 > POST_TURN_BACKUP > POST_TURN_SCAN_HOLD > ACQUIRE_PILLAR > FOLLOW_STRAIGHT > ACQUIRE_PILLAR > FOLLOW_STRAIGHT > ACQUIRE_PILLAR > FOLLOW_STRAIGHT > ACQUIRE_PILLAR > PASS_GREEN_LEFT > CONFIRM_PASSED > PILLAR_RECENTER > APPROACH_CORNER > TURN_90 > POST_TURN_BACKUP > POST_TURN_SCAN_HOLD > ACQUIRE_PILLAR > PASS_RED_RIGHT > CONFIRM_PASSED > PILLAR_RECENTER > FOLLOW_STRAIGHT > ACQUIRE_PILLAR > PASS_GREEN_LEFT > CONFIRM_PASSED > PILLAR_RECENTER > FOLLOW_STRAIGHT > APPROACH_CORNER
round2_run_20260919_203009_839526.csv,20260919,203009,PARKING_EXIT_DIRECTION,COMPLETE,12.0,0.281,164.7,178.078,23,,PARKING_EXIT_DIRECTION > PARKING_EXIT_ARC_1 > PARKING_EXIT_ARC_2 > PARKING_EXIT_ARC_3 > PARKING_EXIT_FORWARD_ALIGN > PARKING_EXIT_REVERSE_VIEW > FOLLOW_STRAIGHT > ACQUIRE_PILLAR > FOLLOW_STRAIGHT > ACQUIRE_PILLAR > PASS_GREEN_LEFT > CONFIRM_PASSED > PILLAR_RECENTER > FOLLOW_STRAIGHT > APPROACH_CORNER > TURN_90 > POST_TURN_BACKUP > POST_TURN_SCAN_HOLD > ACQUIRE_PILLAR > PASS_RED_RIGHT > CONFIRM_PASSED > PILLAR_RECENTER > FOLLOW_STRAIGHT > ACQUIRE_PILLAR > PASS_RED_RIGHT > CONFIRM_PASSED > PILLAR_RECENTER > FOLLOW_STRAIGHT > APPROACH_CORNER > TURN_90 > POST_TURN_BACKUP > POST_TURN_SCAN_HOLD > ACQUIRE_PILLAR > PASS_RED_RIGHT > CONFIRM_PASSED > PILLAR_RECENTER > FOLLOW_STRAIGHT > ACQUIRE_PILLAR > PASS_GREEN_LEFT > CONFIRM_PASSED > PILLAR_RECENTER > FOLLOW_STRAIGHT > APPROACH_CORNER > TURN_90 > POST_TURN_BACKUP > POST_TURN_SCAN_HOLD > ACQUIRE_PILLAR > PASS_RED_RIGHT > CONFIRM_PASSED > PILLAR_RECENTER > FOLLOW_STRAIGHT > ACQUIRE_PILLAR > PASS_GREEN_LEFT > CONFIRM_PASSED > PILLAR_RECENTER > FOLLOW_STRAIGHT > APPROACH_CORNER > TURN_90 > POST_TURN_BACKUP > POST_TURN_SCAN_HOLD > ACQUIRE_PILLAR > PASS_RED_RIGHT > CONFIRM_PASSED > PILLAR_RECENTER > FOLLOW_STRAIGHT > ACQUIRE_PILLAR > PASS_GREEN_LEFT > CONFIRM_PASSED > PILLAR_RECENTER > FOLLOW_STRAIGHT > APPROACH_CORNER > TURN_90 > POST_TURN_BACKUP > POST_TURN_SCAN_HOLD > ACQUIRE_PILLAR > PASS_RED_RIGHT > CONFIRM_PASSED > PILLAR_RECENTER > FOLLOW_STRAIGHT > ACQUIRE_PILLAR > PASS_RED_RIGHT > CONFIRM_PASSED > PILLAR_RECENTER > FOLLOW_STRAIGHT > APPROACH_CORNER > TURN_90 > POST_TURN_BACKUP > POST_TURN_SCAN_HOLD > ACQUIRE_PILLAR > PASS_RED_RIGHT > CONFIRM_PASSED > PILLAR_RECENTER > FOLLOW_STRAIGHT > ACQUIRE_PILLAR > PASS_GREEN_LEFT > CONFIRM_PASSED > PILLAR_RECENTER > FOLLOW_STRAIGHT > APPROACH_CORNER > TURN_90 > POST_TURN_BACKUP > POST_TURN_SCAN_HOLD > ACQUIRE_PILLAR > PASS_RED_RIGHT > CONFIRM_PASSED > PILLAR_RECENTER > FOLLOW_STRAIGHT > ACQUIRE_PILLAR > PASS_GREEN_LEFT > CONFIRM_PASSED > PILLAR_RECENTER > FOLLOW_STRAIGHT > APPROACH_CORNER > TURN_90 > POST_TURN_BACKUP > POST_TURN_SCAN_HOLD > ACQUIRE_PILLAR > PASS_RED_RIGHT > CONFIRM_PASSED > PILLAR_RECENTER > FOLLOW_STRAIGHT > ACQUIRE_PILLAR > PASS_GREEN_LEFT > CONFIRM_PASSED > PILLAR_RECENTER > FOLLOW_STRAIGHT > APPROACH_CORNER > TURN_90 > POST_TURN_BACKUP > POST_TURN_SCAN_HOLD > ACQUIRE_PILLAR > PASS_RED_RIGHT > CONFIRM_PASSED > PILLAR_RECENTER > FOLLOW_STRAIGHT > ACQUIRE_PILLAR > PASS_RED_RIGHT > CONFIRM_PASSED > PILLAR_RECENTER > FOLLOW_STRAIGHT > APPROACH_CORNER > TURN_90 > POST_TURN_BACKUP > POST_TURN_SCAN_HOLD > ACQUIRE_PILLAR > PASS_RED_RIGHT > CONFIRM_PASSED > PILLAR_RECENTER > FOLLOW_STRAIGHT > ACQUIRE_PILLAR > PASS_RED_RIGHT > CONFIRM_PASSED > PILLAR_RECENTER > APPROACH_CORNER > TURN_90 > POST_TURN_BACKUP > POST_TURN_SCAN_HOLD > ACQUIRE_PILLAR > PASS_GREEN_LEFT > CONFIRM_PASSED > PILLAR_RECENTER > FOLLOW_STRAIGHT > ACQUIRE_PILLAR > FOLLOW_STRAIGHT > ACQUIRE_PILLAR > EMERGENCY_ESCAPE > ACQUIRE_PILLAR > FOLLOW_STRAIGHT > HARD_STOP_RELEASE > REASSESS_FRONT > EMERGENCY_ESCAPE > DEEP_REVERSE_RECOVERY > REASSESS_FRONT > HARD_STOP_RELEASE > REASSESS_FRONT > HARD_STOP_RELEASE > FOLLOW_STRAIGHT > REASSESS_FRONT > FOLLOW_STRAIGHT > APPROACH_CORNER > TURN_90 > PARKING_ENTRY_SEARCH > ACQUIRE_PILLAR > PASS_RED_RIGHT > CONFIRM_PASSED > PARKING_BLOCK_SEARCH > PARKING_IN_ENTER > PARKING_IN_FINAL_REVERSE > PARKING_IN_FINAL_REVERSE_STOP > PARKING_IN_FINAL_FORWARD > COMPLETE
round2_run_20260919_203542_594715.csv,20260919,203542,PARKING_EXIT_DIRECTION,POST_TURN_BACKUP,5.0,0.312,,67.968,9,,PARKING_EXIT_DIRECTION > PARKING_EXIT_ARC_1 > PARKING_EXIT_ARC_2 > PARKING_EXIT_ARC_3 > PARKING_EXIT_FORWARD_ALIGN > PARKING_EXIT_REVERSE_VIEW > FOLLOW_STRAIGHT > ACQUIRE_PILLAR > PASS_GREEN_LEFT > CONFIRM_PASSED > PILLAR_RECENTER > FOLLOW_STRAIGHT > APPROACH_CORNER > TURN_90 > POST_TURN_BACKUP > POST_TURN_SCAN_HOLD > ACQUIRE_PILLAR > PASS_RED_RIGHT > CONFIRM_PASSED > PILLAR_RECENTER > FOLLOW_STRAIGHT > ACQUIRE_PILLAR > PASS_RED_RIGHT > CONFIRM_PASSED > PILLAR_RECENTER > FOLLOW_STRAIGHT > APPROACH_CORNER > TURN_90 > POST_TURN_BACKUP > POST_TURN_SCAN_HOLD > ACQUIRE_PILLAR > PASS_RED_RIGHT > CONFIRM_PASSED > PILLAR_RECENTER > FOLLOW_STRAIGHT > ACQUIRE_PILLAR > PASS_GREEN_LEFT > CONFIRM_PASSED > PILLAR_RECENTER > FOLLOW_STRAIGHT > APPROACH_CORNER > TURN_90 > POST_TURN_BACKUP > POST_TURN_SCAN_HOLD > ACQUIRE_PILLAR > PASS_RED_RIGHT > CONFIRM_PASSED > PILLAR_RECENTER > FOLLOW_STRAIGHT > ACQUIRE_PILLAR > PASS_GREEN_LEFT > CONFIRM_PASSED > PILLAR_RECENTER > FOLLOW_STRAIGHT > APPROACH_CORNER > TURN_90 > POST_TURN_BACKUP > POST_TURN_SCAN_HOLD > ACQUIRE_PILLAR > PASS_RED_RIGHT > CONFIRM_PASSED > PILLAR_RECENTER > FOLLOW_STRAIGHT > ACQUIRE_PILLAR > PASS_GREEN_LEFT > CONFIRM_PASSED > PILLAR_RECENTER > FOLLOW_STRAIGHT > APPROACH_CORNER > TURN_90 > POST_TURN_BACKUP
round2_run_20260919_203755_995116.csv,20260919,203755,PARKING_EXIT_DIRECTION,COMPLETE,12.0,0.312,155.9,171.125,24,,PARKING_EXIT_DIRECTION > PARKING_EXIT_ARC_1 > PARKING_EXIT_ARC_2 > PARKING_EXIT_ARC_3 > PARKING_EXIT_FORWARD_ALIGN > PARKING_EXIT_REVERSE_VIEW > FOLLOW_STRAIGHT > ACQUIRE_PILLAR > PASS_GREEN_LEFT > CONFIRM_PASSED > PILLAR_RECENTER > FOLLOW_STRAIGHT > APPROACH_CORNER > TURN_90 > POST_TURN_BACKUP > POST_TURN_SCAN_HOLD > ACQUIRE_PILLAR > PASS_RED_RIGHT > CONFIRM_PASSED > PILLAR_RECENTER > FOLLOW_STRAIGHT > ACQUIRE_PILLAR > PASS_RED_RIGHT > CONFIRM_PASSED > PILLAR_RECENTER > FOLLOW_STRAIGHT > APPROACH_CORNER > TURN_90 > POST_TURN_BACKUP > POST_TURN_SCAN_HOLD > ACQUIRE_PILLAR > PASS_RED_RIGHT > CONFIRM_PASSED > PILLAR_RECENTER > FOLLOW_STRAIGHT > ACQUIRE_PILLAR > PASS_GREEN_LEFT > CONFIRM_PASSED > PILLAR_RECENTER > FOLLOW_STRAIGHT > APPROACH_CORNER > TURN_90 > POST_TURN_BACKUP > POST_TURN_SCAN_HOLD > ACQUIRE_PILLAR > PASS_RED_RIGHT > CONFIRM_PASSED > PILLAR_RECENTER > FOLLOW_STRAIGHT > ACQUIRE_PILLAR > PASS_GREEN_LEFT > CONFIRM_PASSED > PILLAR_RECENTER > FOLLOW_STRAIGHT > APPROACH_CORNER > TURN_90 > POST_TURN_BACKUP > POST_TURN_SCAN_HOLD > ACQUIRE_PILLAR > PASS_RED_RIGHT > CONFIRM_PASSED > PILLAR_RECENTER > FOLLOW_STRAIGHT > ACQUIRE_PILLAR > PASS_GREEN_LEFT > CONFIRM_PASSED > PILLAR_RECENTER > FOLLOW_STRAIGHT > APPROACH_CORNER > TURN_90 > POST_TURN_BACKUP > POST_TURN_SCAN_HOLD > ACQUIRE_PILLAR > PASS_RED_RIGHT > CONFIRM_PASSED > PILLAR_RECENTER > FOLLOW_STRAIGHT > ACQUIRE_PILLAR > PASS_RED_RIGHT > CONFIRM_PASSED > PILLAR_RECENTER > FOLLOW_STRAIGHT > APPROACH_CORNER > TURN_90 > POST_TURN_BACKUP > POST_TURN_SCAN_HOLD > ACQUIRE_PILLAR > PASS_RED_RIGHT > CONFIRM_PASSED > PILLAR_RECENTER > FOLLOW_STRAIGHT > ACQUIRE_PILLAR > PASS_GREEN_LEFT > CONFIRM_PASSED > PILLAR_RECENTER > FOLLOW_STRAIGHT > APPROACH_CORNER > TURN_90 > POST_TURN_BACKUP > POST_TURN_SCAN_HOLD > ACQUIRE_PILLAR > PASS_RED_RIGHT > CONFIRM_PASSED > PILLAR_RECENTER > FOLLOW_STRAIGHT > ACQUIRE_PILLAR > PASS_GREEN_LEFT > CONFIRM_PASSED > PILLAR_RECENTER > FOLLOW_STRAIGHT > APPROACH_CORNER > TURN_90 > POST_TURN_BACKUP > POST_TURN_SCAN_HOLD > ACQUIRE_PILLAR > PASS_RED_RIGHT > CONFIRM_PASSED > PILLAR_RECENTER > FOLLOW_STRAIGHT > ACQUIRE_PILLAR > PASS_GREEN_LEFT > CONFIRM_PASSED > PILLAR_RECENTER > FOLLOW_STRAIGHT > APPROACH_CORNER > TURN_90 > POST_TURN_BACKUP > POST_TURN_SCAN_HOLD > ACQUIRE_PILLAR > PASS_RED_RIGHT > CONFIRM_PASSED > PILLAR_RECENTER > FOLLOW_STRAIGHT > ACQUIRE_PILLAR > PASS_RED_RIGHT > CONFIRM_PASSED > PILLAR_RECENTER > FOLLOW_STRAIGHT > APPROACH_CORNER > TURN_90 > POST_TURN_BACKUP > POST_TURN_SCAN_HOLD > ACQUIRE_PILLAR > PASS_RED_RIGHT > CONFIRM_PASSED > PILLAR_RECENTER > FOLLOW_STRAIGHT > ACQUIRE_PILLAR > PASS_GREEN_LEFT > CONFIRM_PASSED > PILLAR_RECENTER > FOLLOW_STRAIGHT > APPROACH_CORNER > TURN_90 > POST_TURN_BACKUP > POST_TURN_SCAN_HOLD > ACQUIRE_PILLAR > PASS_RED_RIGHT > CONFIRM_PASSED > PILLAR_RECENTER > FOLLOW_STRAIGHT > ACQUIRE_PILLAR > PASS_GREEN_LEFT > CONFIRM_PASSED > PILLAR_RECENTER > FOLLOW_STRAIGHT > APPROACH_CORNER > TURN_90 > PARKING_ENTRY_SEARCH > ACQUIRE_PILLAR > PASS_RED_RIGHT > CONFIRM_PASSED > PARKING_BLOCK_SEARCH > PARKING_IN_ENTER > PARKING_IN_FINAL_REVERSE > PARKING_IN_FINAL_REVERSE_STOP > PARKING_IN_FINAL_FORWARD > COMPLETE
round2_run_20260919_204717_828266.csv,20260919,204717,PARKING_EXIT_DIRECTION,PILLAR_RECENTER,2.0,0.312,,43.344,4,,PARKING_EXIT_DIRECTION > PARKING_EXIT_ARC_1 > PARKING_EXIT_ARC_2 > PARKING_EXIT_ARC_3 > PARKING_EXIT_FORWARD_ALIGN > PARKING_EXIT_REVERSE_VIEW > FOLLOW_STRAIGHT > ACQUIRE_PILLAR > FOLLOW_STRAIGHT > ACQUIRE_PILLAR > FOLLOW_STRAIGHT > APPROACH_CORNER > TURN_90 > POST_TURN_BACKUP > POST_TURN_SCAN_HOLD > ACQUIRE_PILLAR > PASS_RED_RIGHT > CONFIRM_PASSED > PILLAR_RECENTER > HARD_STOP_RELEASE > REASSESS_FRONT > HARD_STOP_RELEASE > PILLAR_RECENTER > FOLLOW_STRAIGHT > ACQUIRE_PILLAR > EMERGENCY_ESCAPE > DEEP_REVERSE_RECOVERY > REASSESS_FRONT > HARD_STOP_RELEASE > REASSESS_FRONT > HARD_STOP_RELEASE > PILLAR_RECENTER > FOLLOW_STRAIGHT > ACQUIRE_PILLAR > PASS_RED_RIGHT > CONFIRM_PASSED > PASS_RED_RIGHT > CONFIRM_PASSED > PILLAR_RECENTER > APPROACH_CORNER > TURN_90 > POST_TURN_BACKUP > POST_TURN_SCAN_HOLD > ACQUIRE_PILLAR > PASS_RED_RIGHT > CONFIRM_PASSED > PILLAR_RECENTER
round2_run_20260919_204916_479660.csv,20260919,204916,PARKING_EXIT_DIRECTION,PILLAR_RECENTER,1.0,0.313,,42.719,4,,PARKING_EXIT_DIRECTION > PARKING_EXIT_ARC_1 > PARKING_EXIT_ARC_2 > PARKING_EXIT_ARC_3 > PARKING_EXIT_FORWARD_ALIGN > PARKING_EXIT_REVERSE_VIEW > FOLLOW_STRAIGHT > ACQUIRE_PILLAR > PASS_GREEN_LEFT > CONFIRM_PASSED > PASS_GREEN_LEFT > CONFIRM_PASSED > PILLAR_RECENTER > FOLLOW_STRAIGHT > APPROACH_CORNER > TURN_90 > POST_TURN_BACKUP > POST_TURN_SCAN_HOLD > ACQUIRE_PILLAR > PASS_RED_RIGHT > EMERGENCY_ESCAPE > DEEP_REVERSE_RECOVERY > HARD_STOP_RELEASE > PASS_RED_RIGHT > CONFIRM_PASSED > PILLAR_RECENTER > FOLLOW_STRAIGHT > ACQUIRE_PILLAR > PASS_RED_RIGHT > CONFIRM_PASSED > PILLAR_RECENTER
round2_run_20260919_205310_880796.csv,20260919,205310,PARKING_EXIT_DIRECTION,COMPLETE,12.0,0.328,181.0,196.5,24,,PARKING_EXIT_DIRECTION > PARKING_EXIT_ARC_1 > PARKING_EXIT_ARC_2 > PARKING_EXIT_ARC_3 > PARKING_EXIT_FORWARD_ALIGN > PARKING_EXIT_REVERSE_VIEW > FOLLOW_STRAIGHT > ACQUIRE_PILLAR > PASS_GREEN_LEFT > CONFIRM_PASSED > PILLAR_RECENTER > FOLLOW_STRAIGHT > APPROACH_CORNER > TURN_90 > POST_TURN_BACKUP > POST_TURN_SCAN_HOLD > ACQUIRE_PILLAR > PASS_RED_RIGHT > CONFIRM_PASSED > PILLAR_RECENTER > FOLLOW_STRAIGHT > ACQUIRE_PILLAR > PASS_RED_RIGHT > CONFIRM_PASSED > PILLAR_RECENTER > FOLLOW_STRAIGHT > APPROACH_CORNER > TURN_90 > POST_TURN_BACKUP > POST_TURN_SCAN_HOLD > ACQUIRE_PILLAR > PASS_RED_RIGHT > CONFIRM_PASSED > PILLAR_RECENTER > FOLLOW_STRAIGHT > ACQUIRE_PILLAR > PASS_GREEN_LEFT > CONFIRM_PASSED > PILLAR_RECENTER > FOLLOW_STRAIGHT > APPROACH_CORNER > TURN_90 > POST_TURN_BACKUP > POST_TURN_SCAN_HOLD > ACQUIRE_PILLAR > PASS_RED_RIGHT > CONFIRM_PASSED > PILLAR_RECENTER > FOLLOW_STRAIGHT > ACQUIRE_PILLAR > PASS_GREEN_LEFT > CONFIRM_PASSED > PILLAR_RECENTER > FOLLOW_STRAIGHT > APPROACH_CORNER > TURN_90 > POST_TURN_BACKUP > POST_TURN_SCAN_HOLD > ACQUIRE_PILLAR > PASS_RED_RIGHT > CONFIRM_PASSED > PILLAR_RECENTER > FOLLOW_STRAIGHT > ACQUIRE_PILLAR > PASS_GREEN_LEFT > CONFIRM_PASSED > PILLAR_RECENTER > FOLLOW_STRAIGHT > APPROACH_CORNER > TURN_90 > POST_TURN_BACKUP > POST_TURN_SCAN_HOLD > ACQUIRE_PILLAR > PASS_RED_RIGHT > CONFIRM_PASSED > PILLAR_RECENTER > FOLLOW_STRAIGHT > ACQUIRE_PILLAR > PASS_RED_RIGHT > CONFIRM_PASSED > PILLAR_RECENTER > FOLLOW_STRAIGHT > APPROACH_CORNER > TURN_90 > POST_TURN_BACKUP > POST_TURN_SCAN_HOLD > ACQUIRE_PILLAR > PASS_RED_RIGHT > CONFIRM_PASSED > PILLAR_RECENTER > FOLLOW_STRAIGHT > ACQUIRE_PILLAR > PASS_GREEN_LEFT > CONFIRM_PASSED > PILLAR_RECENTER > FOLLOW_STRAIGHT > APPROACH_CORNER > TURN_90 > POST_TURN_BACKUP > POST_TURN_SCAN_HOLD > ACQUIRE_PILLAR > PASS_RED_RIGHT > CONFIRM_PASSED > PILLAR_RECENTER > FOLLOW_STRAIGHT > ACQUIRE_PILLAR > PASS_GREEN_LEFT > CONFIRM_PASSED > PILLAR_RECENTER > FOLLOW_STRAIGHT > APPROACH_CORNER > TURN_90 > POST_TURN_BACKUP > POST_TURN_SCAN_HOLD > ACQUIRE_PILLAR > PASS_RED_RIGHT > CONFIRM_PASSED > PILLAR_RECENTER > FOLLOW_STRAIGHT > ACQUIRE_PILLAR > PASS_GREEN_LEFT > CONFIRM_PASSED > PILLAR_RECENTER > FOLLOW_STRAIGHT > APPROACH_CORNER > TURN_90 > POST_TURN_BACKUP > POST_TURN_SCAN_HOLD > ACQUIRE_PILLAR > PASS_RED_RIGHT > CONFIRM_PASSED > PILLAR_RECENTER > FOLLOW_STRAIGHT > ACQUIRE_PILLAR > EMERGENCY_ESCAPE > DEEP_REVERSE_RECOVERY > REASSESS_FRONT > ACQUIRE_PILLAR > PASS_RED_RIGHT > CONFIRM_PASSED > PILLAR_RECENTER > APPROACH_CORNER > TURN_90 > POST_TURN_BACKUP > POST_TURN_SCAN_HOLD > ACQUIRE_PILLAR > PASS_RED_RIGHT > CONFIRM_PASSED > PILLAR_RECENTER > FOLLOW_STRAIGHT > ACQUIRE_PILLAR > PASS_GREEN_LEFT > CONFIRM_PASSED > PILLAR_RECENTER > FOLLOW_STRAIGHT > APPROACH_CORNER > TURN_90 > POST_TURN_BACKUP > POST_TURN_SCAN_HOLD > ACQUIRE_PILLAR > PASS_RED_RIGHT > CONFIRM_PASSED > PILLAR_RECENTER > FOLLOW_STRAIGHT > ACQUIRE_PILLAR > PASS_GREEN_LEFT > CONFIRM_PASSED > PILLAR_RECENTER > FOLLOW_STRAIGHT > APPROACH_CORNER > TURN_90 > PARKING_ENTRY_SEARCH > ACQUIRE_PILLAR > PASS_RED_RIGHT > CONFIRM_PASSED > PARKING_BLOCK_SEARCH > PARKING_IN_ENTER > PARKING_IN_FINAL_REVERSE > PARKING_IN_FINAL_REVERSE_STOP > PARKING_IN_FINAL_FORWARD > COMPLETE
round2_run_20260919_205734_596495.csv,20260919,205734,PARKING_EXIT_DIRECTION,COMPLETE,12.0,0.312,160.1,180.437,25,,PARKING_EXIT_DIRECTION > PARKING_EXIT_ARC_1 > PARKING_EXIT_ARC_2 > PARKING_EXIT_ARC_3 > PARKING_EXIT_FORWARD_ALIGN > PARKING_EXIT_REVERSE_VIEW > FOLLOW_STRAIGHT > ACQUIRE_PILLAR > PASS_GREEN_LEFT > CONFIRM_PASSED > PASS_GREEN_LEFT > CONFIRM_PASSED > PILLAR_RECENTER > FOLLOW_STRAIGHT > APPROACH_CORNER > TURN_90 > POST_TURN_BACKUP > POST_TURN_SCAN_HOLD > ACQUIRE_PILLAR > PASS_RED_RIGHT > CONFIRM_PASSED > PILLAR_RECENTER > FOLLOW_STRAIGHT > ACQUIRE_PILLAR > PASS_RED_RIGHT > CONFIRM_PASSED > PILLAR_RECENTER > FOLLOW_STRAIGHT > APPROACH_CORNER > TURN_90 > POST_TURN_BACKUP > POST_TURN_SCAN_HOLD > ACQUIRE_PILLAR > PASS_RED_RIGHT > CONFIRM_PASSED > PILLAR_RECENTER > FOLLOW_STRAIGHT > ACQUIRE_PILLAR > PASS_GREEN_LEFT > CONFIRM_PASSED > PILLAR_RECENTER > FOLLOW_STRAIGHT > APPROACH_CORNER > TURN_90 > POST_TURN_BACKUP > POST_TURN_SCAN_HOLD > ACQUIRE_PILLAR > PASS_RED_RIGHT > CONFIRM_PASSED > PILLAR_RECENTER > FOLLOW_STRAIGHT > ACQUIRE_PILLAR > PASS_GREEN_LEFT > CONFIRM_PASSED > PILLAR_RECENTER > FOLLOW_STRAIGHT > APPROACH_CORNER > TURN_90 > POST_TURN_BACKUP > POST_TURN_SCAN_HOLD > ACQUIRE_PILLAR > PASS_RED_RIGHT > CONFIRM_PASSED > PILLAR_RECENTER > FOLLOW_STRAIGHT > ACQUIRE_PILLAR > PASS_RED_RIGHT > CONFIRM_PASSED > PILLAR_RECENTER > FOLLOW_STRAIGHT > APPROACH_CORNER > TURN_90 > POST_TURN_BACKUP > POST_TURN_SCAN_HOLD > ACQUIRE_PILLAR > PASS_RED_RIGHT > CONFIRM_PASSED > PILLAR_RECENTER > FOLLOW_STRAIGHT > ACQUIRE_PILLAR > PASS_RED_RIGHT > CONFIRM_PASSED > PILLAR_RECENTER > FOLLOW_STRAIGHT > APPROACH_CORNER > TURN_90 > POST_TURN_BACKUP > POST_TURN_SCAN_HOLD > ACQUIRE_PILLAR > PASS_RED_RIGHT > CONFIRM_PASSED > PILLAR_RECENTER > FOLLOW_STRAIGHT > ACQUIRE_PILLAR > PASS_GREEN_LEFT > CONFIRM_PASSED > PILLAR_RECENTER > FOLLOW_STRAIGHT > APPROACH_CORNER > TURN_90 > POST_TURN_BACKUP > POST_TURN_SCAN_HOLD > ACQUIRE_PILLAR > PASS_RED_RIGHT > CONFIRM_PASSED > PILLAR_RECENTER > FOLLOW_STRAIGHT > ACQUIRE_PILLAR > PASS_GREEN_LEFT > CONFIRM_PASSED > PILLAR_RECENTER > FOLLOW_STRAIGHT > APPROACH_CORNER > TURN_90 > POST_TURN_BACKUP > POST_TURN_SCAN_HOLD > ACQUIRE_PILLAR > PASS_RED_RIGHT > CONFIRM_PASSED > PILLAR_RECENTER > FOLLOW_STRAIGHT > ACQUIRE_PILLAR > PASS_GREEN_LEFT > CONFIRM_PASSED > PILLAR_RECENTER > FOLLOW_STRAIGHT > APPROACH_CORNER > TURN_90 > POST_TURN_BACKUP > POST_TURN_SCAN_HOLD > ACQUIRE_PILLAR > PASS_RED_RIGHT > CONFIRM_PASSED > PILLAR_RECENTER > FOLLOW_STRAIGHT > ACQUIRE_PILLAR > PASS_RED_RIGHT > CONFIRM_PASSED > PILLAR_RECENTER > FOLLOW_STRAIGHT > APPROACH_CORNER > TURN_90 > POST_TURN_BACKUP > POST_TURN_SCAN_HOLD > ACQUIRE_PILLAR > PASS_RED_RIGHT > CONFIRM_PASSED > PILLAR_RECENTER > FOLLOW_STRAIGHT > ACQUIRE_PILLAR > PASS_GREEN_LEFT > CONFIRM_PASSED > PILLAR_RECENTER > FOLLOW_STRAIGHT > APPROACH_CORNER > TURN_90 > POST_TURN_BACKUP > POST_TURN_SCAN_HOLD > ACQUIRE_PILLAR > PASS_RED_RIGHT > CONFIRM_PASSED > PILLAR_RECENTER > FOLLOW_STRAIGHT > ACQUIRE_PILLAR > PASS_GREEN_LEFT > CONFIRM_PASSED > PILLAR_RECENTER > FOLLOW_STRAIGHT > APPROACH_CORNER > TURN_90 > PARKING_ENTRY_SEARCH > ACQUIRE_PILLAR > PASS_RED_RIGHT > CONFIRM_PASSED > PARKING_BLOCK_SEARCH > PARKING_IN_ENTER > PARKING_IN_FINAL_REVERSE > PARKING_IN_FINAL_REVERSE_STOP > PARKING_IN_FINAL_FORWARD > COMPLETE
round2_run_20260920_114333_262384.csv,20260920,114333,PARKING_EXIT_DIRECTION,FAULT,0.0,0.375,,280.657,0,parking-exit forward heading alignment timeout,PARKING_EXIT_DIRECTION > PARKING_EXIT_ARC_1 > PARKING_EXIT_ARC_2 > PARKING_EXIT_ARC_3 > PARKING_EXIT_FORWARD_ALIGN > FAULT
round2_run_20260920_143158_562545.csv,20260920,143158,PARKING_EXIT_DIRECTION,PASS_RED_RIGHT,0.0,0.36,,10.328,0,,PARKING_EXIT_DIRECTION > PARKING_EXIT_ARC_1 > PARKING_EXIT_ARC_2 > PARKING_EXIT_ARC_3 > PARKING_EXIT_FORWARD_ALIGN > PARKING_EXIT_REVERSE_VIEW > FOLLOW_STRAIGHT > ACQUIRE_PILLAR > PASS_RED_RIGHT
round2_run_20260920_171236_930349.csv,20260920,171236,PARKING_EXIT_DIRECTION,PARKING_PARALLEL_HANDOFF,12.0,0.282,168.2,168.453,24,,PARKING_EXIT_DIRECTION > PARKING_EXIT_ARC_1 > PARKING_EXIT_ARC_2 > PARKING_EXIT_ARC_3 > PARKING_EXIT_FORWARD_ALIGN > PARKING_EXIT_REVERSE_VIEW > FOLLOW_STRAIGHT > ACQUIRE_PILLAR > FOLLOW_STRAIGHT > ACQUIRE_PILLAR > PASS_GREEN_LEFT > CONFIRM_PASSED > PILLAR_RECENTER > FOLLOW_STRAIGHT > APPROACH_CORNER > TURN_90 > POST_TURN_BACKUP > POST_TURN_SCAN_HOLD > ACQUIRE_PILLAR > PASS_RED_RIGHT > CONFIRM_PASSED > PILLAR_RECENTER > FOLLOW_STRAIGHT > ACQUIRE_PILLAR > PASS_RED_RIGHT > CONFIRM_PASSED > PILLAR_RECENTER > FOLLOW_STRAIGHT > APPROACH_CORNER > TURN_90 > POST_TURN_BACKUP > POST_TURN_SCAN_HOLD > ACQUIRE_PILLAR > PASS_RED_RIGHT > CONFIRM_PASSED > PILLAR_RECENTER > FOLLOW_STRAIGHT > ACQUIRE_PILLAR > PASS_GREEN_LEFT > CONFIRM_PASSED > PILLAR_RECENTER > FOLLOW_STRAIGHT > APPROACH_CORNER > TURN_90 > POST_TURN_BACKUP > POST_TURN_SCAN_HOLD > ACQUIRE_PILLAR > PASS_RED_RIGHT > CONFIRM_PASSED > PASS_RED_RIGHT > CONFIRM_PASSED > PILLAR_RECENTER > FOLLOW_STRAIGHT > ACQUIRE_PILLAR > PASS_GREEN_LEFT > CONFIRM_PASSED > PILLAR_RECENTER > FOLLOW_STRAIGHT > APPROACH_CORNER > TURN_90 > POST_TURN_BACKUP > POST_TURN_SCAN_HOLD > ACQUIRE_PILLAR > PASS_RED_RIGHT > CONFIRM_PASSED > PILLAR_RECENTER > FOLLOW_STRAIGHT > ACQUIRE_PILLAR > PASS_GREEN_LEFT > CONFIRM_PASSED > PILLAR_RECENTER > FOLLOW_STRAIGHT > APPROACH_CORNER > TURN_90 > POST_TURN_BACKUP > POST_TURN_SCAN_HOLD > ACQUIRE_PILLAR > PASS_RED_RIGHT > CONFIRM_PASSED > PILLAR_RECENTER > FOLLOW_STRAIGHT > ACQUIRE_PILLAR > PASS_RED_RIGHT > CONFIRM_PASSED > PILLAR_RECENTER > FOLLOW_STRAIGHT > APPROACH_CORNER > TURN_90 > POST_TURN_BACKUP > POST_TURN_SCAN_HOLD > ACQUIRE_PILLAR > PASS_RED_RIGHT > CONFIRM_PASSED > PILLAR_RECENTER > FOLLOW_STRAIGHT > ACQUIRE_PILLAR > PASS_GREEN_LEFT > CONFIRM_PASSED > PILLAR_RECENTER > FOLLOW_STRAIGHT > APPROACH_CORNER > TURN_90 > POST_TURN_BACKUP > POST_TURN_SCAN_HOLD > ACQUIRE_PILLAR > PASS_RED_RIGHT > CONFIRM_PASSED > PILLAR_RECENTER > FOLLOW_STRAIGHT > ACQUIRE_PILLAR > PASS_GREEN_LEFT > CONFIRM_PASSED > PILLAR_RECENTER > FOLLOW_STRAIGHT > APPROACH_CORNER > TURN_90 > POST_TURN_BACKUP > POST_TURN_SCAN_HOLD > ACQUIRE_PILLAR > PASS_RED_RIGHT > CONFIRM_PASSED > PILLAR_RECENTER > FOLLOW_STRAIGHT > ACQUIRE_PILLAR > PASS_GREEN_LEFT > CONFIRM_PASSED > PILLAR_RECENTER > FOLLOW_STRAIGHT > APPROACH_CORNER > TURN_90 > POST_TURN_BACKUP > POST_TURN_SCAN_HOLD > ACQUIRE_PILLAR > PASS_RED_RIGHT > CONFIRM_PASSED > PILLAR_RECENTER > FOLLOW_STRAIGHT > ACQUIRE_PILLAR > PASS_RED_RIGHT > CONFIRM_PASSED > PILLAR_RECENTER > FOLLOW_STRAIGHT > APPROACH_CORNER > TURN_90 > POST_TURN_BACKUP > POST_TURN_SCAN_HOLD > ACQUIRE_PILLAR > PASS_RED_RIGHT > CONFIRM_PASSED > PILLAR_RECENTER > FOLLOW_STRAIGHT > ACQUIRE_PILLAR > PASS_GREEN_LEFT > CONFIRM_PASSED > PILLAR_RECENTER > FOLLOW_STRAIGHT > APPROACH_CORNER > TURN_90 > POST_TURN_BACKUP > POST_TURN_SCAN_HOLD > ACQUIRE_PILLAR > PASS_RED_RIGHT > CONFIRM_PASSED > PILLAR_RECENTER > FOLLOW_STRAIGHT > ACQUIRE_PILLAR > PASS_GREEN_LEFT > CONFIRM_PASSED > PILLAR_RECENTER > FOLLOW_STRAIGHT > APPROACH_CORNER > TURN_90 > PARKING_PARALLEL_HANDOFF
round2_run_20260920_172534_155217.csv,20260920,172534,PARKING_EXIT_DIRECTION,FAULT,0.0,0.375,,14.156,0,parking-exit forward heading alignment timeout,PARKING_EXIT_DIRECTION > PARKING_EXIT_ARC_1 > PARKING_EXIT_ARC_2 > PARKING_EXIT_ARC_3 > PARKING_EXIT_FORWARD_ALIGN > FAULT
round2_run_20260920_172628_395227.csv,20260920,172628,PARKING_EXIT_DIRECTION,PARKING_PARALLEL_HANDOFF,12.0,0.297,179.6,179.907,23,,PARKING_EXIT_DIRECTION > PARKING_EXIT_ARC_1 > PARKING_EXIT_ARC_2 > PARKING_EXIT_ARC_3 > PARKING_EXIT_FORWARD_ALIGN > PARKING_EXIT_REVERSE_VIEW > FOLLOW_STRAIGHT > ACQUIRE_PILLAR > FOLLOW_STRAIGHT > ACQUIRE_PILLAR > FOLLOW_STRAIGHT > APPROACH_CORNER > TURN_90 > POST_TURN_BACKUP > POST_TURN_SCAN_HOLD > ACQUIRE_PILLAR > PASS_RED_RIGHT > CONFIRM_PASSED > PASS_RED_RIGHT > CONFIRM_PASSED > PILLAR_RECENTER > FOLLOW_STRAIGHT > ACQUIRE_PILLAR > PASS_RED_RIGHT > CONFIRM_PASSED > PILLAR_RECENTER > APPROACH_CORNER > TURN_90 > POST_TURN_BACKUP > POST_TURN_SCAN_HOLD > ACQUIRE_PILLAR > PASS_RED_RIGHT > CONFIRM_PASSED > PILLAR_RECENTER > FOLLOW_STRAIGHT > ACQUIRE_PILLAR > PASS_GREEN_LEFT > CONFIRM_PASSED > PILLAR_RECENTER > FOLLOW_STRAIGHT > APPROACH_CORNER > TURN_90 > POST_TURN_BACKUP > POST_TURN_SCAN_HOLD > ACQUIRE_PILLAR > PASS_RED_RIGHT > CONFIRM_PASSED > PILLAR_RECENTER > FOLLOW_STRAIGHT > ACQUIRE_PILLAR > PASS_GREEN_LEFT > CONFIRM_PASSED > PILLAR_RECENTER > FOLLOW_STRAIGHT > APPROACH_CORNER > TURN_90 > POST_TURN_BACKUP > POST_TURN_SCAN_HOLD > ACQUIRE_PILLAR > PASS_RED_RIGHT > CONFIRM_PASSED > PILLAR_RECENTER > FOLLOW_STRAIGHT > ACQUIRE_PILLAR > FOLLOW_STRAIGHT > ACQUIRE_PILLAR > FOLLOW_STRAIGHT > ACQUIRE_PILLAR > FOLLOW_STRAIGHT > ACQUIRE_PILLAR > PASS_GREEN_LEFT > CONFIRM_PASSED > PILLAR_RECENTER > FOLLOW_STRAIGHT > APPROACH_CORNER > TURN_90 > POST_TURN_BACKUP > POST_TURN_SCAN_HOLD > ACQUIRE_PILLAR > PASS_RED_RIGHT > CONFIRM_PASSED > PILLAR_RECENTER > FOLLOW_STRAIGHT > ACQUIRE_PILLAR > PASS_RED_RIGHT > CONFIRM_PASSED > PILLAR_RECENTER > FOLLOW_STRAIGHT > APPROACH_CORNER > TURN_90 > POST_TURN_BACKUP > POST_TURN_SCAN_HOLD > ACQUIRE_PILLAR > PASS_RED_RIGHT > CONFIRM_PASSED > PILLAR_RECENTER > FOLLOW_STRAIGHT > ACQUIRE_PILLAR > PASS_GREEN_LEFT > CONFIRM_PASSED > PILLAR_RECENTER > FOLLOW_STRAIGHT > APPROACH_CORNER > TURN_90 > POST_TURN_BACKUP > POST_TURN_SCAN_HOLD > ACQUIRE_PILLAR > PASS_RED_RIGHT > CONFIRM_PASSED > PILLAR_RECENTER > FOLLOW_STRAIGHT > ACQUIRE_PILLAR > PASS_GREEN_LEFT > CONFIRM_PASSED > PILLAR_RECENTER > FOLLOW_STRAIGHT > APPROACH_CORNER > TURN_90 > POST_TURN_BACKUP > POST_TURN_SCAN_HOLD > ACQUIRE_PILLAR > PASS_RED_RIGHT > CONFIRM_PASSED > PILLAR_RECENTER > FOLLOW_STRAIGHT > ACQUIRE_PILLAR > PASS_GREEN_LEFT > CONFIRM_PASSED > PILLAR_RECENTER > FOLLOW_STRAIGHT > APPROACH_CORNER > TURN_90 > POST_TURN_BACKUP > POST_TURN_SCAN_HOLD > ACQUIRE_PILLAR > PASS_RED_RIGHT > CONFIRM_PASSED > PILLAR_RECENTER > FOLLOW_STRAIGHT > ACQUIRE_PILLAR > PASS_RED_RIGHT > CONFIRM_PASSED > PILLAR_RECENTER > FOLLOW_STRAIGHT > APPROACH_CORNER > TURN_90 > POST_TURN_BACKUP > POST_TURN_SCAN_HOLD > ACQUIRE_PILLAR > PASS_RED_RIGHT > CONFIRM_PASSED > PILLAR_RECENTER > FOLLOW_STRAIGHT > ACQUIRE_PILLAR > PASS_RED_RIGHT > CONFIRM_PASSED > PILLAR_RECENTER > FOLLOW_STRAIGHT > APPROACH_CORNER > TURN_90 > POST_TURN_BACKUP > POST_TURN_SCAN_HOLD > ACQUIRE_PILLAR > PASS_GREEN_LEFT > CONFIRM_PASSED > PASS_GREEN_LEFT > CONFIRM_PASSED > PILLAR_RECENTER > FOLLOW_STRAIGHT > HARD_STOP_RELEASE > REASSESS_FRONT > HARD_STOP_RELEASE > REASSESS_FRONT > FOLLOW_STRAIGHT > HARD_STOP_RELEASE > REASSESS_FRONT > EMERGENCY_ESCAPE > DEEP_REVERSE_RECOVERY > REASSESS_FRONT > FOLLOW_STRAIGHT > APPROACH_CORNER > TURN_90 > PARKING_PARALLEL_HANDOFF
round2_run_20260920_173019_262373.csv,20260920,173019,PARKING_EXIT_DIRECTION,FAULT,3.0,0.282,,83.079,9,corner clearance reverse made no reliable progress,PARKING_EXIT_DIRECTION > PARKING_EXIT_ARC_1 > PARKING_EXIT_ARC_2 > PARKING_EXIT_ARC_3 > PARKING_EXIT_FORWARD_ALIGN > PARKING_EXIT_REVERSE_VIEW > FOLLOW_STRAIGHT > ACQUIRE_PILLAR > PASS_RED_RIGHT > CONFIRM_PASSED > PASS_RED_RIGHT > CONFIRM_PASSED > PILLAR_RECENTER > FOLLOW_STRAIGHT > APPROACH_CORNER > TURN_90 > POST_TURN_BACKUP > POST_TURN_SCAN_HOLD > ACQUIRE_PILLAR > PASS_RED_RIGHT > CONFIRM_PASSED > PASS_RED_RIGHT > EMERGENCY_ESCAPE > DEEP_REVERSE_RECOVERY > HARD_STOP_RELEASE > DEEP_REVERSE_RECOVERY > PASS_RED_RIGHT > CONFIRM_PASSED > PILLAR_RECENTER > FOLLOW_STRAIGHT > ACQUIRE_PILLAR > PASS_RED_RIGHT > CONFIRM_PASSED > PILLAR_RECENTER > APPROACH_CORNER > TURN_90 > POST_TURN_BACKUP > POST_TURN_SCAN_HOLD > ACQUIRE_PILLAR > PASS_RED_RIGHT > CONFIRM_PASSED > PILLAR_RECENTER > FOLLOW_STRAIGHT > ACQUIRE_PILLAR > PASS_GREEN_LEFT > CONFIRM_PASSED > PILLAR_RECENTER > FOLLOW_STRAIGHT > APPROACH_CORNER > TURN_90 > POST_TURN_BACKUP > POST_TURN_SCAN_HOLD > ACQUIRE_PILLAR > PASS_RED_RIGHT > CONFIRM_PASSED > PILLAR_RECENTER > FOLLOW_STRAIGHT > ACQUIRE_PILLAR > EMERGENCY_ESCAPE > DEEP_REVERSE_RECOVERY > REASSESS_FRONT > ACQUIRE_PILLAR > PASS_RED_RIGHT > CONFIRM_PASSED > PILLAR_RECENTER > FOLLOW_STRAIGHT > HARD_STOP_RELEASE > REASSESS_FRONT > CORNER_CLEARANCE_RECOVERY > REASSESS_FRONT > EMERGENCY_ESCAPE > DEEP_REVERSE_RECOVERY > REASSESS_FRONT > FOLLOW_STRAIGHT > HARD_STOP_RELEASE > REASSESS_FRONT > FOLLOW_STRAIGHT > HARD_STOP_RELEASE > REASSESS_FRONT > CORNER_CLEARANCE_RECOVERY > REASSESS_FRONT > CORNER_CLEARANCE_RECOVERY > REASSESS_FRONT > FOLLOW_STRAIGHT > HARD_STOP_RELEASE > REASSESS_FRONT > FAULT
round2_run_20260920_173257_970663.csv,20260920,173257,PARKING_EXIT_DIRECTION,PARKING_PARALLEL_HANDOFF,12.0,0.296,176.4,176.703,24,,PARKING_EXIT_DIRECTION > PARKING_EXIT_ARC_1 > PARKING_EXIT_ARC_2 > PARKING_EXIT_ARC_3 > PARKING_EXIT_FORWARD_ALIGN > PARKING_EXIT_REVERSE_VIEW > FOLLOW_STRAIGHT > ACQUIRE_PILLAR > FOLLOW_STRAIGHT > ACQUIRE_PILLAR > PASS_RED_RIGHT > CONFIRM_PASSED > PILLAR_RECENTER > FOLLOW_STRAIGHT > APPROACH_CORNER > TURN_90 > POST_TURN_BACKUP > POST_TURN_SCAN_HOLD > ACQUIRE_PILLAR > PASS_RED_RIGHT > EMERGENCY_ESCAPE > DEEP_REVERSE_RECOVERY > HARD_STOP_RELEASE > DEEP_REVERSE_RECOVERY > HARD_STOP_RELEASE > DEEP_REVERSE_RECOVERY > PASS_RED_RIGHT > CONFIRM_PASSED > PILLAR_RECENTER > FOLLOW_STRAIGHT > ACQUIRE_PILLAR > PASS_RED_RIGHT > CONFIRM_PASSED > PILLAR_RECENTER > APPROACH_CORNER > TURN_90 > POST_TURN_BACKUP > POST_TURN_SCAN_HOLD > ACQUIRE_PILLAR > PASS_RED_RIGHT > CONFIRM_PASSED > PILLAR_RECENTER > FOLLOW_STRAIGHT > ACQUIRE_PILLAR > PASS_GREEN_LEFT > CONFIRM_PASSED > PILLAR_RECENTER > FOLLOW_STRAIGHT > APPROACH_CORNER > TURN_90 > POST_TURN_BACKUP > POST_TURN_SCAN_HOLD > ACQUIRE_PILLAR > PASS_RED_RIGHT > CONFIRM_PASSED > PASS_RED_RIGHT > CONFIRM_PASSED > PILLAR_RECENTER > FOLLOW_STRAIGHT > ACQUIRE_PILLAR > PASS_GREEN_LEFT > CONFIRM_PASSED > PILLAR_RECENTER > FOLLOW_STRAIGHT > APPROACH_CORNER > TURN_90 > POST_TURN_BACKUP > POST_TURN_SCAN_HOLD > ACQUIRE_PILLAR > PASS_RED_RIGHT > CONFIRM_PASSED > PILLAR_RECENTER > FOLLOW_STRAIGHT > ACQUIRE_PILLAR > PASS_GREEN_LEFT > CONFIRM_PASSED > PILLAR_RECENTER > FOLLOW_STRAIGHT > APPROACH_CORNER > TURN_90 > POST_TURN_BACKUP > POST_TURN_SCAN_HOLD > ACQUIRE_PILLAR > PASS_RED_RIGHT > CONFIRM_PASSED > PILLAR_RECENTER > FOLLOW_STRAIGHT > ACQUIRE_PILLAR > PASS_RED_RIGHT > CONFIRM_PASSED > PILLAR_RECENTER > FOLLOW_STRAIGHT > APPROACH_CORNER > TURN_90 > POST_TURN_BACKUP > POST_TURN_SCAN_HOLD > ACQUIRE_PILLAR > PASS_RED_RIGHT > CONFIRM_PASSED > PILLAR_RECENTER > FOLLOW_STRAIGHT > ACQUIRE_PILLAR > PASS_GREEN_LEFT > CONFIRM_PASSED > PILLAR_RECENTER > FOLLOW_STRAIGHT > APPROACH_CORNER > TURN_90 > POST_TURN_BACKUP > POST_TURN_SCAN_HOLD > ACQUIRE_PILLAR > PASS_RED_RIGHT > CONFIRM_PASSED > PILLAR_RECENTER > FOLLOW_STRAIGHT > ACQUIRE_PILLAR > PASS_GREEN_LEFT > CONFIRM_PASSED > PILLAR_RECENTER > FOLLOW_STRAIGHT > APPROACH_CORNER > TURN_90 > POST_TURN_BACKUP > POST_TURN_SCAN_HOLD > ACQUIRE_PILLAR > PASS_RED_RIGHT > CONFIRM_PASSED > PILLAR_RECENTER > FOLLOW_STRAIGHT > ACQUIRE_PILLAR > PASS_GREEN_LEFT > CONFIRM_PASSED > PILLAR_RECENTER > FOLLOW_STRAIGHT > APPROACH_CORNER > TURN_90 > POST_TURN_BACKUP > POST_TURN_SCAN_HOLD > ACQUIRE_PILLAR > PASS_RED_RIGHT > CONFIRM_PASSED > PILLAR_RECENTER > FOLLOW_STRAIGHT > ACQUIRE_PILLAR > PASS_RED_RIGHT > CONFIRM_PASSED > PILLAR_RECENTER > FOLLOW_STRAIGHT > APPROACH_CORNER > TURN_90 > POST_TURN_BACKUP > POST_TURN_SCAN_HOLD > ACQUIRE_PILLAR > PASS_RED_RIGHT > CONFIRM_PASSED > PILLAR_RECENTER > FOLLOW_STRAIGHT > ACQUIRE_PILLAR > PASS_GREEN_LEFT > CONFIRM_PASSED > PILLAR_RECENTER > FOLLOW_STRAIGHT > APPROACH_CORNER > TURN_90 > POST_TURN_BACKUP > POST_TURN_SCAN_HOLD > ACQUIRE_PILLAR > PASS_RED_RIGHT > CONFIRM_PASSED > PILLAR_RECENTER > FOLLOW_STRAIGHT > ACQUIRE_PILLAR > PASS_GREEN_LEFT > CONFIRM_PASSED > PILLAR_RECENTER > FOLLOW_STRAIGHT > APPROACH_CORNER > TURN_90 > PARKING_PARALLEL_HANDOFF
round2_run_20260922_194549_256482.csv,20260922,194549,DETECT_DIRECTION,COMPLETE,2.0,1.0,,35.219,2,,DETECT_DIRECTION > FOLLOW_STRAIGHT > APPROACH_CORNER > FOLLOW_STRAIGHT > APPROACH_CORNER > TURN_90 > POST_TURN_BACKUP > POST_TURN_SCAN_HOLD > RECENTER > FOLLOW_STRAIGHT > ACQUIRE_PILLAR > PASS_RED_RIGHT > CONFIRM_PASSED > PILLAR_RECENTER > HARD_STOP_RELEASE > REASSESS_FRONT > FOLLOW_STRAIGHT > ACQUIRE_PILLAR > FOLLOW_STRAIGHT > ACQUIRE_PILLAR > PASS_RED_RIGHT > CONFIRM_PASSED > PILLAR_RECENTER > FOLLOW_STRAIGHT > HARD_STOP_RELEASE > REASSESS_FRONT > CORNER_CLEARANCE_RECOVERY > REASSESS_FRONT > CORNER_CLEARANCE_RECOVERY > REASSESS_FRONT > FOLLOW_STRAIGHT > APPROACH_CORNER > TURN_90 > POST_TURN_BACKUP > COMPLETE
round2_run_20260922_194714_340466.csv,20260922,194714,DETECT_DIRECTION,COMPLETE,2.0,0.641,,67.641,2,,DETECT_DIRECTION > FOLLOW_STRAIGHT > APPROACH_CORNER > TURN_90 > POST_TURN_BACKUP > POST_TURN_SCAN_HOLD > RECENTER > FOLLOW_STRAIGHT > ACQUIRE_PILLAR > PASS_RED_RIGHT > CONFIRM_PASSED > PILLAR_RECENTER > FOLLOW_STRAIGHT > ACQUIRE_PILLAR > FOLLOW_STRAIGHT > ACQUIRE_PILLAR > FOLLOW_STRAIGHT > ACQUIRE_PILLAR > FOLLOW_STRAIGHT > ACQUIRE_PILLAR > FOLLOW_STRAIGHT > ACQUIRE_PILLAR > FOLLOW_STRAIGHT > ACQUIRE_PILLAR > FOLLOW_STRAIGHT > ACQUIRE_PILLAR > PASS_RED_RIGHT > CONFIRM_PASSED > PILLAR_RECENTER > FOLLOW_STRAIGHT > APPROACH_CORNER > HARD_STOP_RELEASE > REASSESS_FRONT > CORNER_CLEARANCE_RECOVERY > REASSESS_FRONT > CORNER_CLEARANCE_RECOVERY > REASSESS_FRONT > APPROACH_CORNER > TURN_90 > POST_TURN_BACKUP > COMPLETE
round2_run_20260922_195420_439192.csv,20260922,195420,DETECT_DIRECTION,EMERGENCY_ESCAPE,1.0,0.812,,25.984,3,,DETECT_DIRECTION > FOLLOW_STRAIGHT > APPROACH_CORNER > TURN_90 > POST_TURN_BACKUP > POST_TURN_SCAN_HOLD > ACQUIRE_PILLAR > PASS_RED_RIGHT > CONFIRM_PASSED > PILLAR_RECENTER > FOLLOW_STRAIGHT > ACQUIRE_PILLAR > PASS_RED_RIGHT > CONFIRM_PASSED > PASS_RED_RIGHT > CONFIRM_PASSED > PILLAR_RECENTER > FOLLOW_STRAIGHT > HARD_STOP_RELEASE > REASSESS_FRONT > EMERGENCY_ESCAPE
round2_run_20260922_200306_904388.csv,20260922,200306,DETECT_DIRECTION,COMPLETE,2.0,0.687,,23.5,1,,DETECT_DIRECTION > FOLLOW_STRAIGHT > APPROACH_CORNER > HARD_STOP_RELEASE > REASSESS_FRONT > CORNER_CLEARANCE_RECOVERY > REASSESS_FRONT > CORNER_CLEARANCE_RECOVERY > REASSESS_FRONT > APPROACH_CORNER > TURN_90 > POST_TURN_BACKUP > POST_TURN_SCAN_HOLD > ACQUIRE_PILLAR > PASS_RED_RIGHT > CONFIRM_PASSED > PILLAR_RECENTER > FOLLOW_STRAIGHT > ACQUIRE_PILLAR > FOLLOW_STRAIGHT > ACQUIRE_PILLAR > FOLLOW_STRAIGHT > ACQUIRE_PILLAR > FOLLOW_STRAIGHT > APPROACH_CORNER > TURN_90 > POST_TURN_BACKUP > COMPLETE
round2_run_20260922_200410_890137.csv,20260922,200410,DETECT_DIRECTION,FOLLOW_STRAIGHT,1.0,0.891,,36.5,1,,DETECT_DIRECTION > FOLLOW_STRAIGHT > APPROACH_CORNER > HARD_STOP_RELEASE > REASSESS_FRONT > CORNER_CLEARANCE_RECOVERY > REASSESS_FRONT > CORNER_CLEARANCE_RECOVERY > REASSESS_FRONT > APPROACH_CORNER > TURN_90 > POST_TURN_BACKUP > POST_TURN_SCAN_HOLD > RECENTER > FOLLOW_STRAIGHT > ACQUIRE_PILLAR > PASS_RED_RIGHT > CONFIRM_PASSED > PILLAR_RECENTER > FOLLOW_STRAIGHT > ACQUIRE_PILLAR > FOLLOW_STRAIGHT > ACQUIRE_PILLAR > FOLLOW_STRAIGHT > ACQUIRE_PILLAR > FOLLOW_STRAIGHT > APPROACH_CORNER > HARD_STOP_RELEASE > REASSESS_FRONT > EMERGENCY_ESCAPE > DEEP_REVERSE_RECOVERY > REASSESS_FRONT > HARD_STOP_RELEASE > APPROACH_CORNER > REASSESS_FRONT > FOLLOW_STRAIGHT > HARD_STOP_RELEASE > REASSESS_FRONT > EMERGENCY_ESCAPE > DEEP_REVERSE_RECOVERY > REASSESS_FRONT > FOLLOW_STRAIGHT
round2_run_20260922_200535_133839.csv,20260922,200535,DETECT_DIRECTION,COMPLETE,2.0,0.891,,33.969,2,,DETECT_DIRECTION > FOLLOW_STRAIGHT > APPROACH_CORNER > HARD_STOP_RELEASE > REASSESS_FRONT > CORNER_CLEARANCE_RECOVERY > REASSESS_FRONT > CORNER_CLEARANCE_RECOVERY > REASSESS_FRONT > APPROACH_CORNER > TURN_90 > POST_TURN_BACKUP > POST_TURN_SCAN_HOLD > ACQUIRE_PILLAR > PASS_RED_RIGHT > CONFIRM_PASSED > PILLAR_RECENTER > FOLLOW_STRAIGHT > ACQUIRE_PILLAR > PASS_GREEN_LEFT > EMERGENCY_ESCAPE > PASS_GREEN_LEFT > CONFIRM_PASSED > PILLAR_RECENTER > FOLLOW_STRAIGHT > APPROACH_CORNER > TURN_90 > POST_TURN_BACKUP > COMPLETE
round2_run_20260922_201857_591511.csv,20260922,201857,DETECT_DIRECTION,COMPLETE,2.0,0.688,,22.063,2,,DETECT_DIRECTION > FOLLOW_STRAIGHT > HARD_STOP_RELEASE > REASSESS_FRONT > FOLLOW_STRAIGHT > APPROACH_CORNER > TURN_90 > POST_TURN_BACKUP > POST_TURN_SCAN_HOLD > ACQUIRE_PILLAR > PASS_RED_RIGHT > CONFIRM_PASSED > PILLAR_RECENTER > FOLLOW_STRAIGHT > HARD_STOP_RELEASE > REASSESS_FRONT > EMERGENCY_ESCAPE > FOLLOW_STRAIGHT > ACQUIRE_PILLAR > PASS_RED_RIGHT > CONFIRM_PASSED > PILLAR_RECENTER > FOLLOW_STRAIGHT > APPROACH_CORNER > TURN_90 > POST_TURN_BACKUP > COMPLETE
round2_run_20260923_142617_322138.csv,20260923,142617,PARKING_ENTRY_LAUNCH,ACQUIRE_PILLAR,12.0,0.436,-0.1,13.585,2,,PARKING_ENTRY_LAUNCH > PARKING_ENTRY_SEARCH > ACQUIRE_PILLAR > PASS_RED_RIGHT > CONFIRM_PASSED > PILLAR_RECENTER > HARD_STOP_RELEASE > REASSESS_FRONT > EMERGENCY_ESCAPE > PILLAR_RECENTER > PARKING_ENTRY_SEARCH > ACQUIRE_PILLAR > PASS_RED_RIGHT > CONFIRM_PASSED > PILLAR_RECENTER > PARKING_ENTRY_SEARCH > ACQUIRE_PILLAR > PARKING_ENTRY_SEARCH > ACQUIRE_PILLAR
round2_run_20260923_170541_979746.csv,20260923,170541,PARKING_ENTRY_LAUNCH,PASS_GREEN_LEFT,12.0,0.374,-0.1,12.961,1,,PARKING_ENTRY_LAUNCH > PARKING_ENTRY_SEARCH > ACQUIRE_PILLAR > PASS_GREEN_LEFT > CONFIRM_PASSED > PILLAR_RECENTER > PARKING_ENTRY_SEARCH > ACQUIRE_PILLAR > PASS_GREEN_LEFT
